Vehicle_ID,Line,Driver,Next Stop,POINT_X,POINT_Y,last_update
NC_ 1,"National Cathedral, Uptown, Georgetown",Michaela,Stop 2 - 10th St NW & H Street NW,-77.02598714,38.89614084,1/1/2026 12:00:00
NC_2,"National Cathedral, Uptown, Georgetown",Cameron,Stop 6 - National Cathedral,-77.06346434,38.92753533,1/1/2026 12:00:00
NC_3,"National Cathedral, Uptown, Georgetown",Stanley,Stop 7 - Georgetown/Old Stone House ,-77.05864039,38.90933269,1/1/2026 12:00:00
ANC_1,Arlington National Cememtery,Sam,Arlington National Cemetery,-77.05017884,38.88786966,1/1/2026 12:00:00
ANC_2,Arlington National Cememtery,Raphael,Lincoln Memorial,-77.06453105,38.88267117,1/1/2026 12:00:00
NM_1,National Mall & Downtown,Stephan,Stop 2 - US Capitol/Supreme Court/Library of Congress,-77.00633614,38.89690976,1/1/2026 12:00:00
NM_2,National Mall & Downtown,Daniel,Stop 3 - Air & Space Museum/National Museum of the American Indian,-77.01968003,38.88757553,1/1/2026 12:00:00
NM_3,National Mall & Downtown,Nancy,Stop 6 - FDR & MLK Memorials,-77.04241352,38.88082329,1/1/2026 12:00:00
NM_4,National Mall & Downtown,James,Stop 8 - WWII Memorial & Washington Monument,-77.03752318,38.88734815,1/1/2026 12:00:00
NM_5,National Mall & Downtown,Melia,Stop 9 - Ford's Theater,-77.02364354,38.89208656,1/1/2026 12:00:00
NM_6,National Mall & Downtown,Drew,Stop 1 - Union Station,-77.02124825,38.89313233,1/1/2026 12:00:00
VA_1,National Mall & Virginia,David,Stop 2 - US Capitol/Supreme Court/Library of Congress,-77.00633614,38.89690976,1/1/2026 12:00:00
VA_2,National Mall & Virginia,Riley,Stop 4 - WWII Memorial/Washington Monument,-77.03428529,38.88033018,1/1/2026 12:00:00
VA_3,National Mall & Virginia,Russell,Stop 4 - WWII Memorial/Washington Monument,-77.04246504,38.87552868,1/1/2026 12:00:00
VA_4,National Mall & Virginia,Phoebe,Stop 4 - WWII Memorial/Washington Monument,-77.05058738,38.89015919,1/1/2026 12:00:00
NC_ 1,"National Cathedral, Uptown, Georgetown",Michaela,Stop 2 - 10th St NW & H Street NW,-77.02598264,38.8963539,1/1/2026 12:00:05
NC_2,"National Cathedral, Uptown, Georgetown",Cameron,Stop 6 - National Cathedral,-77.06373812,38.92753399,1/1/2026 12:00:05
NC_3,"National Cathedral, Uptown, Georgetown",Stanley,Stop 7 - Georgetown/Old Stone House ,-77.05891414,38.90932873,1/1/2026 12:00:05
ANC_1,Arlington National Cememtery,Sam,Arlington National Cemetery,-77.05017887,38.88765654,1/1/2026 12:00:05
ANC_2,Arlington National Cememtery,Raphael,Lincoln Memorial,-77.06441931,38.88247659,1/1/2026 12:00:05
NM_1,National Mall & Downtown,Stephan,Stop 2 - US Capitol/Supreme Court/Library of Congress,-77.00659925,38.89696872,1/1/2026 12:00:05
NM_2,National Mall & Downtown,Daniel,Stop 3 - Air & Space Museum/National Museum of the American Indian,-77.01995384,38.88757483,1/1/2026 12:00:05
NM_3,National Mall & Downtown,Nancy,Stop 6 - FDR & MLK Memorials,-77.04262091,38.88096246,1/1/2026 12:00:05
NM_4,National Mall & Downtown,James,Stop 8 - WWII Memorial & Washington Monument,-77.03760828,38.88754863,1/1/2026 12:00:05
NM_5,National Mall & Downtown,Melia,Stop 9 - Ford's Theater,-77.02336973,38.89208638,1/1/2026 12:00:05
NM_6,National Mall & Downtown,Drew,Stop 1 - Union Station,-77.02098784,38.89306647,1/1/2026 12:00:05
VA_1,National Mall & Virginia,David,Stop 2 - US Capitol/Supreme Court/Library of Congress,-77.00659925,38.89696872,1/1/2026 12:00:05
VA_2,National Mall & Virginia,Riley,Stop 4 - WWII Memorial/Washington Monument,-77.03444602,38.88015913,1/1/2026 12:00:05
VA_3,National Mall & Virginia,Russell,Stop 4 - WWII Memorial/Washington Monument,-77.04269389,38.87564571,1/1/2026 12:00:05
VA_4,National Mall & Virginia,Phoebe,Stop 4 - WWII Memorial/Washington Monument,-77.05032257,38.89021124,1/1/2026 12:00:05
NC_ 1,"National Cathedral, Uptown, Georgetown",Michaela,Stop 2 - 10th St NW & H Street NW,-77.02598287,38.896567,1/1/2026 12:00:10
NC_2,"National Cathedral, Uptown, Georgetown",Cameron,Stop 6 - National Cathedral,-77.06401191,38.92753546,1/1/2026 12:00:10
NC_3,"National Cathedral, Uptown, Georgetown",Stanley,Stop 7 - Georgetown/Old Stone House ,-77.05918788,38.90932401,1/1/2026 12:00:10
ANC_1,Arlington National Cememtery,Sam,Arlington National Cemetery,-77.05017889,38.88744341,1/1/2026 12:00:10
ANC_2,Arlington National Cememtery,Raphael,Lincoln Memorial,-77.06430757,38.88228201,1/1/2026 12:00:10
NM_1,National Mall & Downtown,Stephan,Stop 2 - US Capitol/Supreme Court/Library of Congress,-77.00686242,38.89702755,1/1/2026 12:00:10
NM_2,National Mall & Downtown,Daniel,Stop 4 - Smithsonian Castle,-77.02022764,38.88757486,1/1/2026 12:00:10
NM_3,National Mall & Downtown,Nancy,Stop 6 - FDR & MLK Memorials,-77.0428277,38.88110217,1/1/2026 12:00:10
NM_4,National Mall & Downtown,James,Stop 8 - WWII Memorial & Washington Monument,-77.03779404,38.88770354,1/1/2026 12:00:10
NM_5,National Mall & Downtown,Melia,Stop 9 - Ford's Theater,-77.02309593,38.8920861,1/1/2026 12:00:10
NM_6,National Mall & Downtown,Drew,Stop 1 - Union Station,-77.02072784,38.89299973,1/1/2026 12:00:10
VA_1,National Mall & Virginia,David,Stop 2 - US Capitol/Supreme Court/Library of Congress,-77.00686242,38.89702755,1/1/2026 12:00:10
VA_2,National Mall & Virginia,Riley,Stop 4 - WWII Memorial/Washington Monument,-77.03463354,38.88000381,1/1/2026 12:00:10
VA_3,National Mall & Virginia,Russell,Stop 4 - WWII Memorial/Washington Monument,-77.04292274,38.87576274,1/1/2026 12:00:10
VA_4,National Mall & Virginia,Phoebe,Stop 4 - WWII Memorial/Washington Monument,-77.05004938,38.89021449,1/1/2026 12:00:10
NC_ 1,"National Cathedral, Uptown, Georgetown",Michaela,Stop 2 - 10th St NW & H Street NW,-77.02598286,38.8967801,1/1/2026 12:00:15
NC_2,"National Cathedral, Uptown, Georgetown",Cameron,Stop 6 - National Cathedral,-77.06428571,38.92753521,1/1/2026 12:00:15
NC_3,"National Cathedral, Uptown, Georgetown",Stanley,Stop 7 - Georgetown/Old Stone House ,-77.0594616,38.90931879,1/1/2026 12:00:15
ANC_1,Arlington National Cememtery,Sam,Arlington National Cemetery,-77.05017891,38.88723028,1/1/2026 12:00:15
ANC_2,Arlington National Cememtery,Raphael,Lincoln Memorial,-77.06419582,38.88208742,1/1/2026 12:00:15
NM_1,National Mall & Downtown,Stephan,Stop 2 - US Capitol/Supreme Court/Library of Congress,-77.00708961,38.89703221,1/1/2026 12:00:15
NM_3,National Mall & Downtown,Nancy,Stop 6 - FDR & MLK Memorials,-77.04303364,38.88124263,1/1/2026 12:00:15
NM_4,National Mall & Downtown,James,Stop 8 - WWII Memorial & Washington Monument,-77.03803827,38.88779432,1/1/2026 12:00:15
NM_5,National Mall & Downtown,Melia,Stop 9 - Ford's Theater,-77.02282212,38.89208561,1/1/2026 12:00:15
NM_6,National Mall & Downtown,Drew,Stop 1 - Union Station,-77.02047053,38.89292687,1/1/2026 12:00:15
NM_2,National Mall & Downtown,Daniel,Stop 4 - Smithsonian Castle,-77.02050145,38.88757489,1/1/2026 12:00:15
VA_1,National Mall & Virginia,David,Stop 2 - US Capitol/Supreme Court/Library of Congress,-77.00708961,38.89703221,1/1/2026 12:00:15
VA_2,National Mall & Virginia,Riley,Stop 4 - WWII Memorial/Washington Monument,-77.03483672,38.87986137,1/1/2026 12:00:15
VA_3,National Mall & Virginia,Russell,Stop 4 - WWII Memorial/Washington Monument,-77.04315159,38.87587977,1/1/2026 12:00:15
VA_4,National Mall & Virginia,Phoebe,Stop 4 - WWII Memorial/Washington Monument,-77.04978215,38.89017017,1/1/2026 12:00:15
NC_ 1,"National Cathedral, Uptown, Georgetown",Michaela,Stop 2 - 10th St NW & H Street NW,-77.02598288,38.8969932,1/1/2026 12:00:20
NC_2,"National Cathedral, Uptown, Georgetown",Cameron,Stop 6 - National Cathedral,-77.06455951,38.92753369,1/1/2026 12:00:20
NC_3,"National Cathedral, Uptown, Georgetown",Stanley,Stop 7 - Georgetown/Old Stone House ,-77.05973539,38.90931654,1/1/2026 12:00:20
ANC_1,Arlington National Cememtery,Sam,Arlington National Cemetery,-77.05027655,38.88707176,1/1/2026 12:00:20
ANC_2,Arlington National Cememtery,Raphael,Lincoln Memorial,-77.06408408,38.88189284,1/1/2026 12:00:20
NM_1,National Mall & Downtown,Stephan,Stop 2 - US Capitol/Supreme Court/Library of Congress,-77.00724096,38.89686012,1/1/2026 12:00:20
NM_2,National Mall & Downtown,Daniel,Stop 4 - Smithsonian Castle,-77.02077526,38.88757492,1/1/2026 12:00:20
NM_3,National Mall & Downtown,Nancy,Stop 6 - FDR & MLK Memorials,-77.04323847,38.88138407,1/1/2026 12:00:20
NM_4,National Mall & Downtown,James,Stop 8 - WWII Memorial & Washington Monument,-77.03829969,38.88785741,1/1/2026 12:00:20
NM_5,National Mall & Downtown,Melia,Stop 9 - Ford's Theater,-77.02254831,38.89208556,1/1/2026 12:00:20
NM_6,National Mall & Downtown,Drew,Stop 1 - Union Station,-77.02021311,38.89285427,1/1/2026 12:00:20
VA_1,National Mall & Virginia,David,Stop 2 - US Capitol/Supreme Court/Library of Congress,-77.00724096,38.89686012,1/1/2026 12:00:20
VA_2,National Mall & Virginia,Riley,Stop 4 - WWII Memorial/Washington Monument,-77.03504952,38.87972727,1/1/2026 12:00:20
VA_3,National Mall & Virginia,Russell,Stop 4 - WWII Memorial/Washington Monument,-77.04338808,38.87598425,1/1/2026 12:00:20
VA_4,National Mall & Virginia,Phoebe,Stop 4 - WWII Memorial/Washington Monument,-77.04952125,38.89010802,1/1/2026 12:00:20
NC_ 1,"National Cathedral, Uptown, Georgetown",Michaela,Stop 2 - 10th St NW & H Street NW,-77.02598467,38.89720629,1/1/2026 12:00:25
NC_2,"National Cathedral, Uptown, Georgetown",Cameron,Stop 6 - National Cathedral,-77.06483332,38.92753452,1/1/2026 12:00:25
NC_3,"National Cathedral, Uptown, Georgetown",Stanley,Stop 7 - Georgetown/Old Stone House ,-77.06000916,38.90931303,1/1/2026 12:00:25
ANC_1,Arlington National Cememtery,Sam,Arlington National Cemetery,-77.05054647,38.88710744,1/1/2026 12:00:25
ANC_2,Arlington National Cememtery,Raphael,Lincoln Memorial,-77.06397234,38.88169825,1/1/2026 12:00:25
NM_1,National Mall & Downtown,Stephan,Stop 2 - US Capitol/Supreme Court/Library of Congress,-77.00717662,38.89665618,1/1/2026 12:00:25
NM_2,National Mall & Downtown,Daniel,Stop 4 - Smithsonian Castle,-77.02104906,38.88757495,1/1/2026 12:00:25
NM_3,National Mall & Downtown,Nancy,Stop 6 - FDR & MLK Memorials,-77.04344231,38.88152638,1/1/2026 12:00:25
NM_4,National Mall & Downtown,James,Stop 8 - WWII Memorial & Washington Monument,-77.03856222,38.88791794,1/1/2026 12:00:25
NM_5,National Mall & Downtown,Melia,Stop 9 - Ford's Theater,-77.02227451,38.89208577,1/1/2026 12:00:25
NM_6,National Mall & Downtown,Drew,Stop 1 - Union Station,-77.01995568,38.89278167,1/1/2026 12:00:25
VA_1,National Mall & Virginia,David,Stop 2 - US Capitol/Supreme Court/Library of Congress,-77.00717662,38.89665618,1/1/2026 12:00:25
VA_2,National Mall & Virginia,Riley,Stop 4 - WWII Memorial/Washington Monument,-77.03526895,38.87959993,1/1/2026 12:00:25
VA_3,National Mall & Virginia,Russell,Stop 4 - WWII Memorial/Washington Monument,-77.04364936,38.87604798,1/1/2026 12:00:25
VA_4,National Mall & Virginia,Phoebe,Stop 4 - WWII Memorial/Washington Monument,-77.04937313,38.89027876,1/1/2026 12:00:25
NC_ 1,"National Cathedral, Uptown, Georgetown",Michaela,Stop 2 - 10th St NW & H Street NW,-77.02598695,38.89741938,1/1/2026 12:00:30
NC_2,"National Cathedral, Uptown, Georgetown",Cameron,Stop 6 - National Cathedral,-77.06510712,38.92753481,1/1/2026 12:00:30
NC_3,"National Cathedral, Uptown, Georgetown",Stanley,Stop 7 - Georgetown/Old Stone House ,-77.06028289,38.90930811,1/1/2026 12:00:30
ANC_1,Arlington National Cememtery,Sam,Arlington National Cemetery,-77.05080166,38.88718383,1/1/2026 12:00:30
ANC_2,Arlington National Cememtery,Raphael,Lincoln Memorial,-77.06386059,38.88150367,1/1/2026 12:00:30
NM_1,National Mall & Downtown,Stephan,Stop 2 - US Capitol/Supreme Court/Library of Congress,-77.0070643,38.89646227,1/1/2026 12:00:30
NM_2,National Mall & Downtown,Daniel,Stop 4 - Smithsonian Castle,-77.02132287,38.88757499,1/1/2026 12:00:30
NM_3,National Mall & Downtown,Nancy,Stop 6 - FDR & MLK Memorials,-77.04364522,38.88166949,1/1/2026 12:00:30
NM_4,National Mall & Downtown,James,Stop 8 - WWII Memorial & Washington Monument,-77.03882519,38.88797698,1/1/2026 12:00:30
NM_5,National Mall & Downtown,Melia,Stop 9 - Ford's Theater,-77.0220007,38.89208588,1/1/2026 12:00:30
NM_6,National Mall & Downtown,Drew,Stop 1 - Union Station,-77.01969792,38.89270978,1/1/2026 12:00:30
VA_1,National Mall & Virginia,David,Stop 2 - US Capitol/Supreme Court/Library of Congress,-77.0070643,38.89646227,1/1/2026 12:00:30
VA_2,National Mall & Virginia,Riley,Stop 4 - WWII Memorial/Washington Monument,-77.0354944,38.87947901,1/1/2026 12:00:30
VA_3,National Mall & Virginia,Russell,Stop 4 - WWII Memorial/Washington Monument,-77.04391064,38.87611171,1/1/2026 12:00:30
VA_4,National Mall & Virginia,Phoebe,Stop 4 - WWII Memorial/Washington Monument,-77.04922717,38.89045907,1/1/2026 12:00:30
NC_ 1,"National Cathedral, Uptown, Georgetown",Michaela,Stop 2 - 10th St NW & H Street NW,-77.02599053,38.89763246,1/1/2026 12:00:35
NC_2,"National Cathedral, Uptown, Georgetown",Cameron,Stop 6 - National Cathedral,-77.06538093,38.92753392,1/1/2026 12:00:35
NC_3,"National Cathedral, Uptown, Georgetown",Stanley,Stop 7 - Georgetown/Old Stone House ,-77.06055669,38.90930633,1/1/2026 12:00:35
ANC_1,Arlington National Cememtery,Sam,Arlington National Cemetery,-77.05104205,38.88728586,1/1/2026 12:00:35
ANC_2,Arlington National Cememtery,Raphael,Lincoln Memorial,-77.06374885,38.88130908,1/1/2026 12:00:35
NM_1,National Mall & Downtown,Stephan,Stop 2 - US Capitol/Supreme Court/Library of Congress,-77.00688672,38.89630205,1/1/2026 12:00:35
NM_2,National Mall & Downtown,Daniel,Stop 4 - Smithsonian Castle,-77.02159668,38.88757502,1/1/2026 12:00:35
NM_3,National Mall & Downtown,Nancy,Stop 6 - FDR & MLK Memorials,-77.04384717,38.88181342,1/1/2026 12:00:35
NM_4,National Mall & Downtown,James,Stop 8 - WWII Memorial & Washington Monument,-77.03903563,38.88810874,1/1/2026 12:00:35
NM_5,National Mall & Downtown,Melia,Stop 9 - Ford's Theater,-77.02191739,38.89222196,1/1/2026 12:00:35
NM_6,National Mall & Downtown,Drew,Stop 1 - Union Station,-77.01944008,38.89263808,1/1/2026 12:00:35
VA_1,National Mall & Virginia,David,Stop 2 - US Capitol/Supreme Court/Library of Congress,-77.00688672,38.89630205,1/1/2026 12:00:35
VA_2,National Mall & Virginia,Riley,Stop 4 - WWII Memorial/Washington Monument,-77.03571308,38.87935075,1/1/2026 12:00:35
VA_3,National Mall & Virginia,Russell,Stop 4 - WWII Memorial/Washington Monument,-77.04417192,38.87617544,1/1/2026 12:00:35
VA_4,National Mall & Virginia,Phoebe,Stop 4 - WWII Memorial/Washington Monument,-77.04908325,38.89064037,1/1/2026 12:00:35
NC_ 1,"National Cathedral, Uptown, Georgetown",Michaela,Stop 2 - 10th St NW & H Street NW,-77.0259917,38.89784554,1/1/2026 12:00:40
NC_2,"National Cathedral, Uptown, Georgetown",Cameron,Stop 6 - National Cathedral,-77.06565473,38.92753315,1/1/2026 12:00:40
NC_3,"National Cathedral, Uptown, Georgetown",Stanley,Stop 7 - Georgetown/Old Stone House ,-77.06083048,38.90930407,1/1/2026 12:00:40
ANC_1,Arlington National Cememtery,Sam,Arlington National Cemetery,-77.05127677,38.88739546,1/1/2026 12:00:40
ANC_2,Arlington National Cememtery,Raphael,Lincoln Memorial,-77.06363711,38.88111449,1/1/2026 12:00:40
NM_1,National Mall & Downtown,Stephan,Stop 2 - US Capitol/Supreme Court/Library of Congress,-77.00663978,38.89621358,1/1/2026 12:00:40
NM_2,National Mall & Downtown,Daniel,Stop 4 - Smithsonian Castle,-77.02187043,38.88757148,1/1/2026 12:00:40
NM_3,National Mall & Downtown,Nancy,Stop 6 - FDR & MLK Memorials,-77.04404785,38.88195842,1/1/2026 12:00:40
NM_4,National Mall & Downtown,James,Stop 8 - WWII Memorial & Washington Monument,-77.03919979,38.88827837,1/1/2026 12:00:40
NM_5,National Mall & Downtown,Melia,Stop 9 - Ford's Theater,-77.02192416,38.89243489,1/1/2026 12:00:40
NM_6,National Mall & Downtown,Drew,Stop 1 - Union Station,-77.01918223,38.89256637,1/1/2026 12:00:40
VA_1,National Mall & Virginia,David,Stop 2 - US Capitol/Supreme Court/Library of Congress,-77.00663978,38.89621358,1/1/2026 12:00:40
VA_2,National Mall & Virginia,Riley,Stop 4 - WWII Memorial/Washington Monument,-77.03593053,38.87922125,1/1/2026 12:00:40
VA_3,National Mall & Virginia,Russell,Stop 4 - WWII Memorial/Washington Monument,-77.04444384,38.8761776,1/1/2026 12:00:40
VA_4,National Mall & Virginia,Phoebe,Stop 4 - WWII Memorial/Washington Monument,-77.04894018,38.89082208,1/1/2026 12:00:40
NC_ 1,"National Cathedral, Uptown, Georgetown",Michaela,Stop 2 - 10th St NW & H Street NW,-77.02599213,38.89805864,1/1/2026 12:00:45
NC_2,"National Cathedral, Uptown, Georgetown",Cameron,Stop 6 - National Cathedral,-77.06592854,38.92753286,1/1/2026 12:00:45
NC_3,"National Cathedral, Uptown, Georgetown",Stanley,Stop 7 - Georgetown/Old Stone House ,-77.06110422,38.90929945,1/1/2026 12:00:45
ANC_1,Arlington National Cememtery,Sam,Arlington National Cemetery,-77.05149699,38.88752163,1/1/2026 12:00:45
ANC_2,Arlington National Cememtery,Raphael,Lincoln Memorial,-77.06340061,38.8810306,1/1/2026 12:00:45
NM_1,National Mall & Downtown,Stephan,Stop 2 - US Capitol/Supreme Court/Library of Congress,-77.00636809,38.8962025,1/1/2026 12:00:45
NM_2,National Mall & Downtown,Daniel,Stop 4 - Smithsonian Castle,-77.02214418,38.88757423,1/1/2026 12:00:45
NM_3,National Mall & Downtown,Nancy,Stop 6 - FDR & MLK Memorials,-77.04424749,38.88210429,1/1/2026 12:00:45
NM_4,National Mall & Downtown,James,Stop 8 - WWII Memorial & Washington Monument,-77.03931518,38.88847152,1/1/2026 12:00:45
NM_5,National Mall & Downtown,Melia,Stop 9 - Ford's Theater,-77.02192466,38.892648,1/1/2026 12:00:45
NM_6,National Mall & Downtown,Drew,Stop 1 - Union Station,-77.01892439,38.89249467,1/1/2026 12:00:45
VA_1,National Mall & Virginia,David,Stop 2 - US Capitol/Supreme Court/Library of Congress,-77.00636809,38.8962025,1/1/2026 12:00:45
VA_2,National Mall & Virginia,Riley,Stop 4 - WWII Memorial/Washington Monument,-77.0361527,38.87909666,1/1/2026 12:00:45
VA_3,National Mall & Virginia,Russell,Stop 4 - WWII Memorial/Washington Monument,-77.04471747,38.87616986,1/1/2026 12:00:45
VA_4,National Mall & Virginia,Phoebe,Stop 4 - WWII Memorial/Washington Monument,-77.04879652,38.8910035,1/1/2026 12:00:45
NC_ 1,"National Cathedral, Uptown, Georgetown",Michaela,Stop 2 - 10th St NW & H Street NW,-77.02599574,38.89827171,1/1/2026 12:00:50
NC_2,"National Cathedral, Uptown, Georgetown",Cameron,Stop 6 - National Cathedral,-77.06620234,38.92753359,1/1/2026 12:00:50
NC_3,"National Cathedral, Uptown, Georgetown",Stanley,Stop 7 - Georgetown/Old Stone House ,-77.06137799,38.90929606,1/1/2026 12:00:50
ANC_1,Arlington National Cememtery,Sam,Arlington National Cemetery,-77.05166541,38.88768664,1/1/2026 12:00:50
ANC_2,Arlington National Cememtery,Raphael,Lincoln Memorial,-77.06326725,38.88115899,1/1/2026 12:00:50
NM_1,National Mall & Downtown,Stephan,Stop 2 - US Capitol/Supreme Court/Library of Congress,-77.00611414,38.89627829,1/1/2026 12:00:50
NM_2,National Mall & Downtown,Daniel,Stop 4 - Smithsonian Castle,-77.02241797,38.88757584,1/1/2026 12:00:50
NM_3,National Mall & Downtown,Nancy,Stop 6 - FDR & MLK Memorials,-77.04444613,38.88225099,1/1/2026 12:00:50
NM_4,National Mall & Downtown,James,Stop 8 - WWII Memorial & Washington Monument,-77.039403,38.8886731,1/1/2026 12:00:50
NM_5,National Mall & Downtown,Melia,Stop 9 - Ford's Theater,-77.02192442,38.89286111,1/1/2026 12:00:50
NM_6,National Mall & Downtown,Drew,Stop 1 - Union Station,-77.01866655,38.89242297,1/1/2026 12:00:50
VA_1,National Mall & Virginia,David,Stop 2 - US Capitol/Supreme Court/Library of Congress,-77.00611414,38.89627829,1/1/2026 12:00:50
VA_2,National Mall & Virginia,Riley,Stop 4 - WWII Memorial/Washington Monument,-77.03637454,38.87897173,1/1/2026 12:00:50
VA_3,National Mall & Virginia,Russell,Stop 4 - WWII Memorial/Washington Monument,-77.0449902,38.87615468,1/1/2026 12:00:50
VA_4,National Mall & Virginia,Phoebe,Stop 4 - WWII Memorial/Washington Monument,-77.04865313,38.89118506,1/1/2026 12:00:50
NC_ 1,"National Cathedral, Uptown, Georgetown",Michaela,Stop 2 - 10th St NW & H Street NW,-77.02599552,38.8984848,1/1/2026 12:00:55
NC_2,"National Cathedral, Uptown, Georgetown",Cameron,Stop 6 - National Cathedral,-77.06647614,38.92753521,1/1/2026 12:00:55
NC_3,"National Cathedral, Uptown, Georgetown",Stanley,Stop 7 - Georgetown/Old Stone House ,-77.06165174,38.90929172,1/1/2026 12:00:55
ANC_1,Arlington National Cememtery,Sam,Arlington National Cemetery,-77.0518522,38.88784233,1/1/2026 12:00:55
ANC_2,Arlington National Cememtery,Raphael,Lincoln Memorial,-77.0633849,38.88135134,1/1/2026 12:00:55
NM_1,National Mall & Downtown,Stephan,Stop 2 - US Capitol/Supreme Court/Library of Congress,-77.00589535,38.89640633,1/1/2026 12:00:55
NM_2,National Mall & Downtown,Daniel,Stop 4 - Smithsonian Castle,-77.02269178,38.887576,1/1/2026 12:00:55
NM_3,National Mall & Downtown,Nancy,Stop 6 - FDR & MLK Memorials,-77.04464378,38.88239849,1/1/2026 12:00:55
NM_4,National Mall & Downtown,James,Stop 8 - WWII Memorial & Washington Monument,-77.03946033,38.88888149,1/1/2026 12:00:55
NM_5,National Mall & Downtown,Melia,Stop 9 - Ford's Theater,-77.02192429,38.89307422,1/1/2026 12:00:55
NM_6,National Mall & Downtown,Drew,Stop 1 - Union Station,-77.0184087,38.89235126,1/1/2026 12:00:55
VA_1,National Mall & Virginia,David,Stop 2 - US Capitol/Supreme Court/Library of Congress,-77.00589535,38.89640633,1/1/2026 12:00:55
VA_2,National Mall & Virginia,Riley,Stop 4 - WWII Memorial/Washington Monument,-77.03659397,38.87884424,1/1/2026 12:00:55
VA_3,National Mall & Virginia,Russell,Stop 4 - WWII Memorial/Washington Monument,-77.04526093,38.87612282,1/1/2026 12:00:55
VA_4,National Mall & Virginia,Phoebe,Stop 4 - WWII Memorial/Washington Monument,-77.04851005,38.89136676,1/1/2026 12:00:55
NC_ 1,"National Cathedral, Uptown, Georgetown",Michaela,Stop 2 - 10th St NW & H Street NW,-77.02599363,38.89869788,1/1/2026 12:01:00
NC_2,"National Cathedral, Uptown, Georgetown",Cameron,Stop 6 - National Cathedral,-77.06674992,38.92753357,1/1/2026 12:01:00
NC_3,"National Cathedral, Uptown, Georgetown",Stanley,Stop 7 - Georgetown/Old Stone House ,-77.0619255,38.9092879,1/1/2026 12:01:00
ANC_1,Arlington National Cememtery,Sam,Arlington National Cemetery,-77.05202141,38.88800982,1/1/2026 12:01:00
ANC_2,Arlington National Cememtery,Raphael,Lincoln Memorial,-77.06349598,38.88154616,1/1/2026 12:01:00
NM_1,National Mall & Downtown,Stephan,Stop 2 - US Capitol/Supreme Court/Library of Congress,-77.0056541,38.89649674,1/1/2026 12:01:00
NM_2,National Mall & Downtown,Daniel,Stop 4 - Smithsonian Castle,-77.02296559,38.88757601,1/1/2026 12:01:00
NM_3,National Mall & Downtown,Nancy,Stop 6 - FDR & MLK Memorials,-77.04484043,38.8825468,1/1/2026 12:01:00
NM_4,National Mall & Downtown,James,Stop 8 - WWII Memorial & Washington Monument,-77.03949208,38.88909232,1/1/2026 12:01:00
NM_5,National Mall & Downtown,Melia,Stop 9 - Ford's Theater,-77.02192154,38.89328732,1/1/2026 12:01:00
NM_6,National Mall & Downtown,Drew,Stop 1 - Union Station,-77.01815086,38.89227955,1/1/2026 12:01:00
VA_1,National Mall & Virginia,David,Stop 2 - US Capitol/Supreme Court/Library of Congress,-77.0056541,38.89649674,1/1/2026 12:01:00
VA_2,National Mall & Virginia,Riley,Stop 4 - WWII Memorial/Washington Monument,-77.03680342,38.87870724,1/1/2026 12:01:00
VA_3,National Mall & Virginia,Russell,Stop 4 - WWII Memorial/Washington Monument,-77.04552751,38.87607676,1/1/2026 12:01:00
VA_4,National Mall & Virginia,Phoebe,Stop 4 - WWII Memorial/Washington Monument,-77.04836705,38.8915485,1/1/2026 12:01:00
NC_ 1,"National Cathedral, Uptown, Georgetown",Michaela,Stop 2 - 10th St NW & H Street NW,-77.02599073,38.89891096,1/1/2026 12:01:05
NC_2,"National Cathedral, Uptown, Georgetown",Cameron,Stop 6 - National Cathedral,-77.0670237,38.92753033,1/1/2026 12:01:05
NC_3,"National Cathedral, Uptown, Georgetown",Stanley,Stop 7 - Georgetown/Old Stone House ,-77.06219926,38.90928408,1/1/2026 12:01:05
ANC_1,Arlington National Cememtery,Sam,Arlington National Cemetery,-77.05217026,38.88818858,1/1/2026 12:01:05
ANC_2,Arlington National Cememtery,Raphael,Lincoln Memorial,-77.06360707,38.88174097,1/1/2026 12:01:05
NM_1,National Mall & Downtown,Stephan,Stop 2 - US Capitol/Supreme Court/Library of Congress,-77.00547076,38.89636527,1/1/2026 12:01:05
NM_2,National Mall & Downtown,Daniel,Stop 4 - Smithsonian Castle,-77.02323939,38.88757647,1/1/2026 12:01:05
NM_3,National Mall & Downtown,Nancy,Stop 6 - FDR & MLK Memorials,-77.04503618,38.88269582,1/1/2026 12:01:05
NM_4,National Mall & Downtown,James,Stop 8 - WWII Memorial & Washington Monument,-77.03948936,38.88930543,1/1/2026 12:01:05
NM_5,National Mall & Downtown,Melia,Stop 9 - Ford's Theater,-77.02191839,38.89350041,1/1/2026 12:01:05
NM_6,National Mall & Downtown,Drew,Stop 1 - Union Station,-77.01789302,38.89220785,1/1/2026 12:01:05
VA_1,National Mall & Virginia,David,Stop 2 - US Capitol/Supreme Court/Library of Congress,-77.00547076,38.89636527,1/1/2026 12:01:05
VA_2,National Mall & Virginia,Riley,Stop 4 - WWII Memorial/Washington Monument,-77.03699712,38.87855686,1/1/2026 12:01:05
VA_3,National Mall & Virginia,Russell,Stop 4 - WWII Memorial/Washington Monument,-77.04578933,38.87601436,1/1/2026 12:01:05
VA_4,National Mall & Virginia,Phoebe,Stop 4 - WWII Memorial/Washington Monument,-77.04822492,38.89173066,1/1/2026 12:01:05
NC_ 1,"National Cathedral, Uptown, Georgetown",Michaela,Stop 2 - 10th St NW & H Street NW,-77.02598864,38.89912405,1/1/2026 12:01:10
NC_2,"National Cathedral, Uptown, Georgetown",Cameron,Stop 6 - National Cathedral,-77.06729749,38.9275318,1/1/2026 12:01:10
NC_3,"National Cathedral, Uptown, Georgetown",Stanley,Stop 7 - Georgetown/Old Stone House ,-77.06247298,38.90927865,1/1/2026 12:01:10
ANC_1,Arlington National Cememtery,Sam,Arlington National Cemetery,-77.05229691,38.88837748,1/1/2026 12:01:10
ANC_2,Arlington National Cememtery,Raphael,Lincoln Memorial,-77.06371815,38.88193578,1/1/2026 12:01:10
NM_1,National Mall & Downtown,Stephan,Stop 2 - US Capitol/Supreme Court/Library of Congress,-77.005568,38.89617719,1/1/2026 12:01:10
NM_2,National Mall & Downtown,Daniel,Stop 4 - Smithsonian Castle,-77.02351319,38.8875748,1/1/2026 12:01:10
NM_3,National Mall & Downtown,Nancy,Stop 6 - FDR & MLK Memorials,-77.04523174,38.882845,1/1/2026 12:01:10
NM_4,National Mall & Downtown,James,Stop 8 - WWII Memorial & Washington Monument,-77.03948606,38.88951853,1/1/2026 12:01:10
NM_5,National Mall & Downtown,Melia,Stop 9 - Ford's Theater,-77.02191629,38.89371351,1/1/2026 12:01:10
NM_6,National Mall & Downtown,Drew,Stop 1 - Union Station,-77.01763518,38.89213614,1/1/2026 12:01:10
VA_1,National Mall & Virginia,David,Stop 2 - US Capitol/Supreme Court/Library of Congress,-77.005568,38.89617719,1/1/2026 12:01:10
VA_2,National Mall & Virginia,Riley,Stop 4 - WWII Memorial/Washington Monument,-77.0371484,38.87837962,1/1/2026 12:01:10
VA_3,National Mall & Virginia,Russell,Stop 4 - WWII Memorial/Washington Monument,-77.04604391,38.87593923,1/1/2026 12:01:10
VA_4,National Mall & Virginia,Phoebe,Stop 4 - WWII Memorial/Washington Monument,-77.04808548,38.89191392,1/1/2026 12:01:10
NC_ 1,"National Cathedral, Uptown, Georgetown",Michaela,Stop 2 - 10th St NW & H Street NW,-77.02598941,38.89933714,1/1/2026 12:01:15
NC_2,"National Cathedral, Uptown, Georgetown",Cameron,Stop 6 - National Cathedral,-77.06757128,38.92753398,1/1/2026 12:01:15
NC_3,"National Cathedral, Uptown, Georgetown",Stanley,Stop 7 - Georgetown/Old Stone House ,-77.06274669,38.90927293,1/1/2026 12:01:15
ANC_1,Arlington National Cememtery,Sam,Arlington National Cemetery,-77.05241536,38.88856947,1/1/2026 12:01:15
ANC_2,Arlington National Cememtery,Raphael,Lincoln Memorial,-77.06382923,38.8821306,1/1/2026 12:01:15
NM_1,National Mall & Downtown,Stephan,Stop 2 - US Capitol/Supreme Court/Library of Congress,-77.00581014,38.89608174,1/1/2026 12:01:15
NM_2,National Mall & Downtown,Daniel,Stop 4 - Smithsonian Castle,-77.02378697,38.88757192,1/1/2026 12:01:15
NM_3,National Mall & Downtown,Nancy,Stop 6 - FDR & MLK Memorials,-77.04542601,38.88299521,1/1/2026 12:01:15
NM_4,National Mall & Downtown,James,Stop 8 - WWII Memorial & Washington Monument,-77.03948365,38.88973164,1/1/2026 12:01:15
NM_5,National Mall & Downtown,Melia,Stop 9 - Ford's Theater,-77.02191302,38.89392659,1/1/2026 12:01:15
NM_6,National Mall & Downtown,Drew,Stop 1 - Union Station,-77.0173773,38.89206451,1/1/2026 12:01:15
VA_1,National Mall & Virginia,David,Stop 2 - US Capitol/Supreme Court/Library of Congress,-77.00581014,38.89608174,1/1/2026 12:01:15
VA_2,National Mall & Virginia,Riley,Stop 4 - WWII Memorial/Washington Monument,-77.03731449,38.87821057,1/1/2026 12:01:15
VA_3,National Mall & Virginia,Russell,Stop 4 - WWII Memorial/Washington Monument,-77.04627931,38.87583037,1/1/2026 12:01:15
VA_4,National Mall & Virginia,Phoebe,Stop 4 - WWII Memorial/Washington Monument,-77.04797415,38.89210862,1/1/2026 12:01:15
NC_ 1,"National Cathedral, Uptown, Georgetown",Michaela,Stop 2 - 10th St NW & H Street NW,-77.02599092,38.89955022,1/1/2026 12:01:20
NC_2,"National Cathedral, Uptown, Georgetown",Cameron,Stop 6 - National Cathedral,-77.06784508,38.9275339,1/1/2026 12:01:20
NC_3,"National Cathedral, Uptown, Georgetown",Stanley,Stop 7 - Georgetown/Old Stone House ,-77.06302049,38.90927205,1/1/2026 12:01:20
ANC_1,Arlington National Cememtery,Sam,Arlington National Cemetery,-77.05251422,38.88876811,1/1/2026 12:01:20
ANC_2,Arlington National Cememtery,Raphael,Lincoln Memorial,-77.06394032,38.88232541,1/1/2026 12:01:20
NM_1,National Mall & Downtown,Stephan,Stop 2 - US Capitol/Supreme Court/Library of Congress,-77.00600955,38.89595576,1/1/2026 12:01:20
NM_2,National Mall & Downtown,Daniel,Stop 4 - Smithsonian Castle,-77.02406073,38.88757357,1/1/2026 12:01:20
NM_3,National Mall & Downtown,Nancy,Stop 6 - FDR & MLK Memorials,-77.04561911,38.88314631,1/1/2026 12:01:20
NM_4,National Mall & Downtown,James,Stop 8 - WWII Memorial & Washington Monument,-77.03948216,38.88994476,1/1/2026 12:01:20
NM_5,National Mall & Downtown,Melia,Stop 9 - Ford's Theater,-77.02191626,38.89413968,1/1/2026 12:01:20
NM_6,National Mall & Downtown,Drew,Stop 1 - Union Station,-77.01711941,38.89199291,1/1/2026 12:01:20
VA_1,National Mall & Virginia,David,Stop 2 - US Capitol/Supreme Court/Library of Congress,-77.00600955,38.89595576,1/1/2026 12:01:20
VA_2,National Mall & Virginia,Riley,Stop 4 - WWII Memorial/Washington Monument,-77.03748173,38.87804181,1/1/2026 12:01:20
VA_3,National Mall & Virginia,Russell,Stop 4 - WWII Memorial/Washington Monument,-77.04651472,38.8757215,1/1/2026 12:01:20
VA_4,National Mall & Virginia,Phoebe,Stop 4 - WWII Memorial/Washington Monument,-77.04770061,38.892109,1/1/2026 12:01:20
NC_ 1,"National Cathedral, Uptown, Georgetown",Michaela,Stop 2 - 10th St NW & H Street NW,-77.02599446,38.89976329,1/1/2026 12:01:25
NC_2,"National Cathedral, Uptown, Georgetown",Cameron,Stop 6 - National Cathedral,-77.06811889,38.92753321,1/1/2026 12:01:25
NC_3,"National Cathedral, Uptown, Georgetown",Stanley,Stop 7 - Georgetown/Old Stone House ,-77.06329425,38.90926931,1/1/2026 12:01:25
ANC_1,Arlington National Cememtery,Sam,Arlington National Cemetery,-77.0525828,38.88897428,1/1/2026 12:01:25
ANC_2,Arlington National Cememtery,Raphael,Lincoln Memorial,-77.0640514,38.88252022,1/1/2026 12:01:25
NM_1,National Mall & Downtown,Stephan,Stop 2 - US Capitol/Supreme Court/Library of Congress,-77.00627602,38.89590817,1/1/2026 12:01:25
NM_2,National Mall & Downtown,Daniel,Stop 4 - Smithsonian Castle,-77.02433453,38.88757525,1/1/2026 12:01:25
NM_3,National Mall & Downtown,Nancy,Stop 6 - FDR & MLK Memorials,-77.04581096,38.88329838,1/1/2026 12:01:25
NM_4,National Mall & Downtown,James,Stop 8 - WWII Memorial & Washington Monument,-77.03948159,38.89015788,1/1/2026 12:01:25
NM_5,National Mall & Downtown,Melia,Stop 9 - Ford's Theater,-77.02191633,38.89435278,1/1/2026 12:01:25
NM_6,National Mall & Downtown,Drew,Stop 1 - Union Station,-77.01686152,38.89192131,1/1/2026 12:01:25
VA_1,National Mall & Virginia,David,Stop 2 - US Capitol/Supreme Court/Library of Congress,-77.00627602,38.89590817,1/1/2026 12:01:25
VA_2,National Mall & Virginia,Riley,Stop 4 - WWII Memorial/Washington Monument,-77.03764773,38.87787229,1/1/2026 12:01:25
VA_3,National Mall & Virginia,Russell,Stop 4 - WWII Memorial/Washington Monument,-77.04672688,38.87558698,1/1/2026 12:01:25
VA_4,National Mall & Virginia,Phoebe,Stop 4 - WWII Memorial/Washington Monument,-77.0474268,38.89210901,1/1/2026 12:01:25
NC_ 1,"National Cathedral, Uptown, Georgetown",Michaela,Stop 3 - Dupont Circle ,-77.02618738,38.89982606,1/1/2026 12:01:30
NC_2,"National Cathedral, Uptown, Georgetown",Cameron,Stop 6 - National Cathedral,-77.0683927,38.9275327,1/1/2026 12:01:30
NC_3,"National Cathedral, Uptown, Georgetown",Stanley,Stop 7 - Georgetown/Old Stone House ,-77.06356797,38.9092637,1/1/2026 12:01:30
ANC_1,Arlington National Cememtery,Sam,Arlington National Cemetery,-77.05261643,38.88918563,1/1/2026 12:01:30
ANC_2,Arlington National Cememtery,Raphael,Lincoln Memorial,-77.06422824,38.88265789,1/1/2026 12:01:30
NM_1,National Mall & Downtown,Stephan,Stop 2 - US Capitol/Supreme Court/Library of Congress,-77.00654902,38.8959076,1/1/2026 12:01:30
NM_2,National Mall & Downtown,Daniel,Stop 4 - Smithsonian Castle,-77.02460834,38.88757538,1/1/2026 12:01:30
NM_3,National Mall & Downtown,Nancy,Stop 6 - FDR & MLK Memorials,-77.04600156,38.8834514,1/1/2026 12:01:30
NM_4,National Mall & Downtown,James,Stop 8 - WWII Memorial & Washington Monument,-77.03948073,38.89037099,1/1/2026 12:01:30
NM_5,National Mall & Downtown,Melia,Stop 9 - Ford's Theater,-77.02191347,38.89456587,1/1/2026 12:01:30
NM_6,National Mall & Downtown,Drew,Stop 1 - Union Station,-77.01660363,38.8918497,1/1/2026 12:01:30
VA_1,National Mall & Virginia,David,Stop 2 - US Capitol/Supreme Court/Library of Congress,-77.00654902,38.8959076,1/1/2026 12:01:30
VA_2,National Mall & Virginia,Riley,Stop 4 - WWII Memorial/Washington Monument,-77.03781139,38.87770143,1/1/2026 12:01:30
VA_3,National Mall & Virginia,Russell,Stop 4 - WWII Memorial/Washington Monument,-77.04694026,38.87545341,1/1/2026 12:01:30
VA_4,National Mall & Virginia,Phoebe,Stop 4 - WWII Memorial/Washington Monument,-77.04715299,38.89210901,1/1/2026 12:01:30
NC_ 1,"National Cathedral, Uptown, Georgetown",Michaela,Stop 3 - Dupont Circle ,-77.02646119,38.89982472,1/1/2026 12:01:35
NC_2,"National Cathedral, Uptown, Georgetown",Cameron,Stop 6 - National Cathedral,-77.0686665,38.92753247,1/1/2026 12:01:35
NC_3,"National Cathedral, Uptown, Georgetown",Stanley,Stop 7 - Georgetown/Old Stone House ,-77.06384167,38.90925802,1/1/2026 12:01:35
ANC_1,Arlington National Cememtery,Sam,Arlington National Cemetery,-77.05261341,38.88939854,1/1/2026 12:01:35
ANC_2,Arlington National Cememtery,Raphael,Lincoln Memorial,-77.06448918,38.88272247,1/1/2026 12:01:35
NM_1,National Mall & Downtown,Stephan,Stop 2 - US Capitol/Supreme Court/Library of Congress,-77.00681992,38.8959359,1/1/2026 12:01:35
NM_2,National Mall & Downtown,Daniel,Stop 4 - Smithsonian Castle,-77.02488214,38.88757515,1/1/2026 12:01:35
NM_3,National Mall & Downtown,Nancy,Stop 6 - FDR & MLK Memorials,-77.04619007,38.88360597,1/1/2026 12:01:35
NM_4,National Mall & Downtown,James,Stop 8 - WWII Memorial & Washington Monument,-77.03947986,38.89058411,1/1/2026 12:01:35
NM_5,National Mall & Downtown,Melia,Stop 9 - Ford's Theater,-77.0219104,38.89477896,1/1/2026 12:01:35
NM_6,National Mall & Downtown,Drew,Stop 1 - Union Station,-77.0163569,38.89181651,1/1/2026 12:01:35
VA_1,National Mall & Virginia,David,Stop 2 - US Capitol/Supreme Court/Library of Congress,-77.00681992,38.8959359,1/1/2026 12:01:35
VA_2,National Mall & Virginia,Riley,Stop 4 - WWII Memorial/Washington Monument,-77.03797144,38.87752848,1/1/2026 12:01:35
VA_3,National Mall & Virginia,Russell,Stop 4 - WWII Memorial/Washington Monument,-77.04715364,38.87531983,1/1/2026 12:01:35
VA_4,National Mall & Virginia,Phoebe,Stop 4 - WWII Memorial/Washington Monument,-77.04687918,38.89210901,1/1/2026 12:01:35
NC_ 1,"National Cathedral, Uptown, Georgetown",Michaela,Stop 3 - Dupont Circle,-77.02673499,38.89982528,1/1/2026 12:01:40
NC_2,"National Cathedral, Uptown, Georgetown",Cameron,Stop 6 - National Cathedral,-77.06894031,38.92753223,1/1/2026 12:01:40
NC_3,"National Cathedral, Uptown, Georgetown",Stanley,Stop 7 - Georgetown/Old Stone House ,-77.06411535,38.90925215,1/1/2026 12:01:40
ANC_1,Arlington National Cememtery,Sam,Arlington National Cemetery,-77.05257238,38.8896091,1/1/2026 12:01:40
ANC_2,Arlington National Cememtery,Raphael,Lincoln Memorial,-77.06465037,38.88287894,1/1/2026 12:01:40
NM_1,National Mall & Downtown,Stephan,Stop 2 - US Capitol/Supreme Court/Library of Congress,-77.00707397,38.89601262,1/1/2026 12:01:40
NM_2,National Mall & Downtown,Daniel,Stop 4 - Smithsonian Castle,-77.02515595,38.88757515,1/1/2026 12:01:40
NM_3,National Mall & Downtown,Nancy,Stop 6 - FDR & MLK Memorials,-77.04637661,38.88376199,1/1/2026 12:01:40
NM_4,National Mall & Downtown,James,Stop 8 - WWII Memorial & Washington Monument,-77.03947899,38.89079723,1/1/2026 12:01:40
NM_5,National Mall & Downtown,Melia,Stop 9 - Ford's Theater,-77.02191704,38.89499199,1/1/2026 12:01:40
NM_6,National Mall & Downtown,Drew,Stop 1 - Union Station,-77.01613385,38.89193278,1/1/2026 12:01:40
VA_1,National Mall & Virginia,David,Stop 2 - US Capitol/Supreme Court/Library of Congress,-77.00707397,38.89601262,1/1/2026 12:01:40
VA_2,National Mall & Virginia,Riley,Stop 4 - WWII Memorial/Washington Monument,-77.03813531,38.87735773,1/1/2026 12:01:40
VA_3,National Mall & Virginia,Russell,Stop 4 - WWII Memorial/Washington Monument,-77.04735172,38.87517477,1/1/2026 12:01:40
VA_4,National Mall & Virginia,Phoebe,Stop 4 - WWII Memorial/Washington Monument,-77.04660538,38.892109,1/1/2026 12:01:40
NC_ 1,"National Cathedral, Uptown, Georgetown",Michaela,Stop 3 - Dupont Circle,-77.0270088,38.89982434,1/1/2026 12:01:45
NC_2,"National Cathedral, Uptown, Georgetown",Cameron,Stop 6 - National Cathedral,-77.06921411,38.92753309,1/1/2026 12:01:45
NC_3,"National Cathedral, Uptown, Georgetown",Stanley,Stop 7 - Georgetown/Old Stone House ,-77.06425148,38.90912939,1/1/2026 12:01:45
ANC_1,Arlington National Cememtery,Sam,Arlington National Cemetery,-77.05249523,38.8898134,1/1/2026 12:01:45
ANC_2,Arlington National Cememtery,Raphael,Lincoln Memorial,-77.06476211,38.88307352,1/1/2026 12:01:45
NM_1,National Mall & Downtown,Stephan,Stop 2 - US Capitol/Supreme Court/Library of Congress,-77.00729476,38.89613785,1/1/2026 12:01:45
NM_2,National Mall & Downtown,Daniel,Stop 4 - Smithsonian Castle,-77.02542976,38.88757524,1/1/2026 12:01:45
NM_3,National Mall & Downtown,Nancy,Stop 7 - Lincoln Memorial,-77.04618762,38.88391567,1/1/2026 12:01:45
NM_4,National Mall & Downtown,James,Stop 8 - WWII Memorial & Washington Monument,-77.0394783,38.89101034,1/1/2026 12:01:45
NM_5,National Mall & Downtown,Melia,Stop 9 - Ford's Theater,-77.02191848,38.89520508,1/1/2026 12:01:45
NM_6,National Mall & Downtown,Drew,Stop 1 - Union Station,-77.01588077,38.89201413,1/1/2026 12:01:45
VA_1,National Mall & Virginia,David,Stop 2 - US Capitol/Supreme Court/Library of Congress,-77.00729476,38.89613785,1/1/2026 12:01:45
VA_2,National Mall & Virginia,Riley,Stop 4 - WWII Memorial/Washington Monument,-77.03830009,38.87718749,1/1/2026 12:01:45
VA_3,National Mall & Virginia,Russell,Stop 4 - WWII Memorial/Washington Monument,-77.04737593,38.87496789,1/1/2026 12:01:45
VA_4,National Mall & Virginia,Phoebe,Stop 4 - WWII Memorial/Washington Monument,-77.04633157,38.89210896,1/1/2026 12:01:45
NC_ 1,"National Cathedral, Uptown, Georgetown",Michaela,Stop 3 - Dupont Circle,-77.02728259,38.8998227,1/1/2026 12:01:50
NC_2,"National Cathedral, Uptown, Georgetown",Cameron,Stop 6 - National Cathedral,-77.06948792,38.92753413,1/1/2026 12:01:50
NC_3,"National Cathedral, Uptown, Georgetown",Stanley,Stop 7 - Georgetown/Old Stone House ,-77.06414652,38.9089326,1/1/2026 12:01:50
ANC_1,Arlington National Cememtery,Sam,Arlington National Cemetery,-77.05239324,38.89001118,1/1/2026 12:01:50
ANC_2,Arlington National Cememtery,Raphael,Lincoln Memorial,-77.06487386,38.8832681,1/1/2026 12:01:50
NM_1,National Mall & Downtown,Stephan,Stop 2 - US Capitol/Supreme Court/Library of Congress,-77.0074767,38.8962392,1/1/2026 12:01:50
NM_2,National Mall & Downtown,Daniel,Stop 4 - Smithsonian Castle,-77.02570356,38.88757472,1/1/2026 12:01:50
NM_3,National Mall & Downtown,Nancy,Stop 7 - Lincoln Memorial,-77.04599233,38.88406506,1/1/2026 12:01:50
NM_4,National Mall & Downtown,James,Stop 8 - WWII Memorial & Washington Monument,-77.03947876,38.89122345,1/1/2026 12:01:50
NM_5,National Mall & Downtown,Melia,Stop 9 - Ford's Theater,-77.02191891,38.89541818,1/1/2026 12:01:50
NM_6,National Mall & Downtown,Drew,Stop 1 - Union Station,-77.01561601,38.89206709,1/1/2026 12:01:50
VA_1,National Mall & Virginia,David,Stop 2 - US Capitol/Supreme Court/Library of Congress,-77.0074767,38.8962392,1/1/2026 12:01:50
VA_2,National Mall & Virginia,Riley,Stop 4 - WWII Memorial/Washington Monument,-77.03846394,38.87701671,1/1/2026 12:01:50
VA_3,National Mall & Virginia,Russell,Stop 4 - WWII Memorial/Washington Monument,-77.04749009,38.87477561,1/1/2026 12:01:50
VA_4,National Mall & Virginia,Phoebe,Stop 4 - WWII Memorial/Washington Monument,-77.04605776,38.89210892,1/1/2026 12:01:50
NC_ 1,"National Cathedral, Uptown, Georgetown",Michaela,Stop 3 - Dupont Circle,-77.02755639,38.89982379,1/1/2026 12:01:55
NC_2,"National Cathedral, Uptown, Georgetown",Cameron,Stop 6 - National Cathedral,-77.06976172,38.92753448,1/1/2026 12:01:55
NC_3,"National Cathedral, Uptown, Georgetown",Stanley,Stop 7 - Georgetown/Old Stone House ,-77.06404234,38.90873557,1/1/2026 12:01:55
ANC_1,Arlington National Cememtery,Sam,Arlington National Cemetery,-77.05228836,38.89020804,1/1/2026 12:01:55
ANC_2,Arlington National Cememtery,Raphael,Lincoln Memorial,-77.0649856,38.88346268,1/1/2026 12:01:55
NM_1,National Mall & Downtown,Stephan,Stop 2 - US Capitol/Supreme Court/Library of Congress,-77.0076805,38.89609689,1/1/2026 12:01:55
NM_2,National Mall & Downtown,Daniel,Stop 4 - Smithsonian Castle,-77.02597737,38.88757411,1/1/2026 12:01:55
NM_3,National Mall & Downtown,Nancy,Stop 7 - Lincoln Memorial,-77.04579431,38.884212,1/1/2026 12:01:55
NM_4,National Mall & Downtown,James,Stop 8 - WWII Memorial & Washington Monument,-77.03947922,38.89143657,1/1/2026 12:01:55
NM_5,National Mall & Downtown,Melia,Stop 9 - Ford's Theater,-77.02191928,38.89563128,1/1/2026 12:01:55
NM_6,National Mall & Downtown,Drew,Stop 1 - Union Station,-77.01534393,38.89208764,1/1/2026 12:01:55
VA_1,National Mall & Virginia,David,Stop 2 - US Capitol/Supreme Court/Library of Congress,-77.0076805,38.89609689,1/1/2026 12:01:55
VA_2,National Mall & Virginia,Riley,Stop 4 - WWII Memorial/Washington Monument,-77.03862767,38.87684586,1/1/2026 12:01:55
VA_3,National Mall & Virginia,Russell,Stop 4 - WWII Memorial/Washington Monument,-77.04759451,38.87457913,1/1/2026 12:01:55
VA_4,National Mall & Virginia,Phoebe,Stop 4 - WWII Memorial/Washington Monument,-77.04578396,38.89210889,1/1/2026 12:01:55
NC_ 1,"National Cathedral, Uptown, Georgetown",Michaela,Stop 3 - Dupont Circle,-77.02783018,38.89982137,1/1/2026 12:02:00
NC_2,"National Cathedral, Uptown, Georgetown",Cameron,Stop 6 - National Cathedral,-77.07003553,38.92753366,1/1/2026 12:02:00
NC_3,"National Cathedral, Uptown, Georgetown",Stanley,Stop 7 - Georgetown/Old Stone House ,-77.06393817,38.90853852,1/1/2026 12:02:00
ANC_1,Arlington National Cememtery,Sam,Arlington National Cemetery,-77.05218361,38.89040494,1/1/2026 12:02:00
ANC_2,Arlington National Cememtery,Raphael,Lincoln Memorial,-77.06509734,38.88365726,1/1/2026 12:02:00
NM_1,National Mall & Downtown,Stephan,Stop 2 - US Capitol/Supreme Court/Library of Congress,-77.0078843,38.89595457,1/1/2026 12:02:00
NM_2,National Mall & Downtown,Daniel,Stop 4 - Smithsonian Castle,-77.02625118,38.88757398,1/1/2026 12:02:00
NM_3,National Mall & Downtown,Nancy,Stop 7 - Lincoln Memorial,-77.04556219,38.88432427,1/1/2026 12:02:00
NM_4,National Mall & Downtown,James,Stop 8 - WWII Memorial & Washington Monument,-77.03947968,38.89164968,1/1/2026 12:02:00
NM_5,National Mall & Downtown,Melia,Stop 9 - Ford's Theater,-77.0219193,38.89584438,1/1/2026 12:02:00
NM_6,National Mall & Downtown,Drew,Stop 1 - Union Station,-77.01507061,38.89208747,1/1/2026 12:02:00
VA_1,National Mall & Virginia,David,Stop 2 - US Capitol/Supreme Court/Library of Congress,-77.0078843,38.89595457,1/1/2026 12:02:00
VA_2,National Mall & Virginia,Riley,Stop 4 - WWII Memorial/Washington Monument,-77.03879147,38.87667506,1/1/2026 12:02:00
VA_3,National Mall & Virginia,Russell,Stop 4 - WWII Memorial/Washington Monument,-77.04773517,38.87439633,1/1/2026 12:02:00
VA_4,National Mall & Virginia,Phoebe,Stop 4 - WWII Memorial/Washington Monument,-77.04551015,38.89210885,1/1/2026 12:02:00
NC_ 1,"National Cathedral, Uptown, Georgetown",Michaela,Stop 3 - Dupont Circle,-77.02810397,38.89981919,1/1/2026 12:02:05
NC_2,"National Cathedral, Uptown, Georgetown",Cameron,Stop 6 - National Cathedral,-77.07030933,38.92753285,1/1/2026 12:02:05
NC_3,"National Cathedral, Uptown, Georgetown",Stanley,Stop 7 - Georgetown/Old Stone House ,-77.06383509,38.90834114,1/1/2026 12:02:05
ANC_1,Arlington National Cememtery,Sam,Arlington National Cemetery,-77.05202481,38.89056759,1/1/2026 12:02:05
ANC_2,Arlington National Cememtery,Raphael,Lincoln Memorial,-77.06514223,38.88383238,1/1/2026 12:02:05
NM_1,National Mall & Downtown,Stephan,Stop 2 - US Capitol/Supreme Court/Library of Congress,-77.00808778,38.89581198,1/1/2026 12:02:05
NM_2,National Mall & Downtown,Daniel,Stop 4 - Smithsonian Castle,-77.02652498,38.88757387,1/1/2026 12:02:05
NM_3,National Mall & Downtown,Nancy,Stop 7 - Lincoln Memorial,-77.04534252,38.88432812,1/1/2026 12:02:05
NM_4,National Mall & Downtown,James,Stop 8 - WWII Memorial & Washington Monument,-77.03948014,38.8918628,1/1/2026 12:02:05
NM_5,National Mall & Downtown,Melia,Stop 9 - Ford's Theater,-77.0219194,38.89605748,1/1/2026 12:02:05
NM_6,National Mall & Downtown,Drew,Stop 1 - Union Station,-77.01479685,38.89208941,1/1/2026 12:02:05
VA_1,National Mall & Virginia,David,Stop 2 - US Capitol/Supreme Court/Library of Congress,-77.00808778,38.89581198,1/1/2026 12:02:05
VA_2,National Mall & Virginia,Riley,Stop 4 - WWII Memorial/Washington Monument,-77.03895548,38.87650437,1/1/2026 12:02:05
VA_3,National Mall & Virginia,Russell,Stop 4 - WWII Memorial/Washington Monument,-77.04786526,38.87420876,1/1/2026 12:02:05
VA_4,National Mall & Virginia,Phoebe,Stop 4 - WWII Memorial/Washington Monument,-77.04523634,38.89210883,1/1/2026 12:02:05
NC_ 1,"National Cathedral, Uptown, Georgetown",Michaela,Stop 3 - Dupont Circle,-77.02837776,38.89982143,1/1/2026 12:02:10
NC_2,"National Cathedral, Uptown, Georgetown",Cameron,Stop 6 - National Cathedral,-77.07058314,38.92753224,1/1/2026 12:02:10
NC_3,"National Cathedral, Uptown, Georgetown",Stanley,Stop 7 - Georgetown/Old Stone House ,-77.06373142,38.90814394,1/1/2026 12:02:10
ANC_1,Arlington National Cememtery,Sam,Arlington National Cemetery,-77.05183955,38.89072452,1/1/2026 12:02:10
ANC_2,Arlington National Cememtery,Raphael,Lincoln Memorial,-77.06489389,38.88392214,1/1/2026 12:02:10
NM_1,National Mall & Downtown,Stephan,Stop 2 - US Capitol/Supreme Court/Library of Congress,-77.00828859,38.89566712,1/1/2026 12:02:10
NM_2,National Mall & Downtown,Daniel,Stop 4 - Smithsonian Castle,-77.02679879,38.88757376,1/1/2026 12:02:10
NM_3,National Mall & Downtown,Nancy,Stop 7 - Lincoln Memorial,-77.04514842,38.88417824,1/1/2026 12:02:10
NM_4,National Mall & Downtown,James,Stop 8 - WWII Memorial & Washington Monument,-77.0394827,38.8920759,1/1/2026 12:02:10
NM_5,National Mall & Downtown,Melia,Stop 9 - Ford's Theater,-77.0220878,38.8961377,1/1/2026 12:02:10
NM_6,National Mall & Downtown,Drew,Stop 1 - Union Station,-77.01452305,38.89209042,1/1/2026 12:02:10
VA_1,National Mall & Virginia,David,Stop 2 - US Capitol/Supreme Court/Library of Congress,-77.00828859,38.89566712,1/1/2026 12:02:10
VA_2,National Mall & Virginia,Riley,Stop 4 - WWII Memorial/Washington Monument,-77.03911959,38.87633374,1/1/2026 12:02:10
VA_3,National Mall & Virginia,Russell,Stop 4 - WWII Memorial/Washington Monument,-77.04799535,38.8740212,1/1/2026 12:02:10
VA_4,National Mall & Virginia,Phoebe,Stop 4 - WWII Memorial/Washington Monument,-77.04496254,38.8921088,1/1/2026 12:02:10
NC_ 1,"National Cathedral, Uptown, Georgetown",Michaela,Stop 3 - Dupont Circle,-77.02865157,38.89982198,1/1/2026 12:02:15
NC_2,"National Cathedral, Uptown, Georgetown",Cameron,Stop 6 - National Cathedral,-77.07085694,38.92753256,1/1/2026 12:02:15
NC_3,"National Cathedral, Uptown, Georgetown",Stanley,Stop 7 - Georgetown/Old Stone House ,-77.06362629,38.9079472,1/1/2026 12:02:15
ANC_1,Arlington National Cememtery,Sam,Arlington National Cemetery,-77.05161395,38.89084106,1/1/2026 12:02:15
ANC_2,Arlington National Cememtery,Raphael,Lincoln Memorial,-77.06464547,38.88401177,1/1/2026 12:02:15
NM_1,National Mall & Downtown,Stephan,Stop 2 - US Capitol/Supreme Court/Library of Congress,-77.00848951,38.89552234,1/1/2026 12:02:15
NM_2,National Mall & Downtown,Daniel,Stop 4 - Smithsonian Castle,-77.0270726,38.88757365,1/1/2026 12:02:15
NM_3,National Mall & Downtown,Nancy,Stop 7 - Lincoln Memorial,-77.04494847,38.88403264,1/1/2026 12:02:15
NM_4,National Mall & Downtown,James,Stop 9 - Ford's Theater,-77.03925007,38.89210683,1/1/2026 12:02:15
NM_5,National Mall & Downtown,Melia,Stop 9 - Ford's Theater,-77.0223616,38.89613895,1/1/2026 12:02:15
NM_6,National Mall & Downtown,Drew,Stop 1 - Union Station,-77.01424925,38.89208998,1/1/2026 12:02:15
VA_1,National Mall & Virginia,David,Stop 2 - US Capitol/Supreme Court/Library of Congress,-77.00848951,38.89552234,1/1/2026 12:02:15
VA_2,National Mall & Virginia,Riley,Stop 4 - WWII Memorial/Washington Monument,-77.03928433,38.87616348,1/1/2026 12:02:15
VA_3,National Mall & Virginia,Russell,Stop 4 - WWII Memorial/Washington Monument,-77.04812545,38.87383363,1/1/2026 12:02:15
VA_4,National Mall & Virginia,Phoebe,Stop 4 - WWII Memorial/Washington Monument,-77.04468873,38.89210875,1/1/2026 12:02:15
NC_ 1,"National Cathedral, Uptown, Georgetown",Michaela,Stop 3 - Dupont Circle,-77.02892538,38.89982221,1/1/2026 12:02:20
NC_2,"National Cathedral, Uptown, Georgetown",Cameron,Stop 6 - National Cathedral,-77.07113075,38.92753281,1/1/2026 12:02:20
NC_3,"National Cathedral, Uptown, Georgetown",Stanley,Stop 7 - Georgetown/Old Stone House ,-77.0635222,38.90775014,1/1/2026 12:02:20
ANC_1,Arlington National Cememtery,Sam,Arlington National Cemetery,-77.05134946,38.89089007,1/1/2026 12:02:20
ANC_2,Arlington National Cememtery,Raphael,Lincoln Memorial,-77.06439683,38.88410102,1/1/2026 12:02:20
NM_1,National Mall & Downtown,Stephan,Stop 2 - US Capitol/Supreme Court/Library of Congress,-77.00869066,38.89537777,1/1/2026 12:02:20
NM_2,National Mall & Downtown,Daniel,Stop 4 - Smithsonian Castle,-77.0273464,38.88757354,1/1/2026 12:02:20
NM_3,National Mall & Downtown,Nancy,Stop 7 - Lincoln Memorial,-77.04470607,38.88397356,1/1/2026 12:02:20
NM_4,National Mall & Downtown,James,Stop 9 - Ford's Theater,-77.03897627,38.89210626,1/1/2026 12:02:20
NM_5,National Mall & Downtown,Melia,Stop 9 - Ford's Theater,-77.0226354,38.89614033,1/1/2026 12:02:20
NM_6,National Mall & Downtown,Drew,Stop 1 - Union Station,-77.01397544,38.89209019,1/1/2026 12:02:20
VA_1,National Mall & Virginia,David,Stop 2 - US Capitol/Supreme Court/Library of Congress,-77.00869066,38.89537777,1/1/2026 12:02:20
VA_2,National Mall & Virginia,Riley,Stop 4 - WWII Memorial/Washington Monument,-77.03944831,38.87599278,1/1/2026 12:02:20
VA_3,National Mall & Virginia,Russell,Stop 4 - WWII Memorial/Washington Monument,-77.04829529,38.87366905,1/1/2026 12:02:20
VA_4,National Mall & Virginia,Phoebe,Stop 4 - WWII Memorial/Washington Monument,-77.04441492,38.89210874,1/1/2026 12:02:20
NC_ 1,"National Cathedral, Uptown, Georgetown",Michaela,Stop 3 - Dupont Circle,-77.02919918,38.89982156,1/1/2026 12:02:25
NC_2,"National Cathedral, Uptown, Georgetown",Cameron,Stop 6 - National Cathedral,-77.07140456,38.9275332,1/1/2026 12:02:25
NC_3,"National Cathedral, Uptown, Georgetown",Stanley,Stop 7 - Georgetown/Old Stone House ,-77.06341611,38.90755372,1/1/2026 12:02:25
ANC_1,Arlington National Cememtery,Sam,Arlington National Cemetery,-77.05108584,38.89084416,1/1/2026 12:02:25
ANC_2,Arlington National Cememtery,Raphael,Lincoln Memorial,-77.06414819,38.88419028,1/1/2026 12:02:25
NM_1,National Mall & Downtown,Stephan,Stop 2 - US Capitol/Supreme Court/Library of Congress,-77.00889194,38.89523329,1/1/2026 12:02:25
NM_2,National Mall & Downtown,Daniel,Stop 4 - Smithsonian Castle,-77.02762021,38.88757343,1/1/2026 12:02:25
NM_3,National Mall & Downtown,Nancy,Stop 7 - Lincoln Memorial,-77.04450857,38.88411874,1/1/2026 12:02:25
NM_4,National Mall & Downtown,James,Stop 9 - Ford's Theater,-77.03870246,38.89210625,1/1/2026 12:02:25
NM_5,National Mall & Downtown,Melia,Stop 9 - Ford's Theater,-77.0229092,38.89614199,1/1/2026 12:02:25
NM_6,National Mall & Downtown,Drew,Stop 1 - Union Station,-77.01370163,38.89209053,1/1/2026 12:02:25
VA_1,National Mall & Virginia,David,Stop 2 - US Capitol/Supreme Court/Library of Congress,-77.00889194,38.89523329,1/1/2026 12:02:25
VA_2,National Mall & Virginia,Riley,Stop 4 - WWII Memorial/Washington Monument,-77.0396123,38.87582207,1/1/2026 12:02:25
VA_3,National Mall & Virginia,Russell,Stop 4 - WWII Memorial/Washington Monument,-77.04851097,38.87354623,1/1/2026 12:02:25
VA_4,National Mall & Virginia,Phoebe,Stop 4 - WWII Memorial/Washington Monument,-77.04414111,38.89210871,1/1/2026 12:02:25
NC_ 1,"National Cathedral, Uptown, Georgetown",Michaela,Stop 3 - Dupont Circle,-77.02947295,38.89981821,1/1/2026 12:02:30
NC_2,"National Cathedral, Uptown, Georgetown",Cameron,Stop 6 - National Cathedral,-77.07167836,38.92753373,1/1/2026 12:02:30
NC_3,"National Cathedral, Uptown, Georgetown",Stanley,Stop 7 - Georgetown/Old Stone House ,-77.06331255,38.90735648,1/1/2026 12:02:30
ANC_1,Arlington National Cememtery,Sam,Arlington National Cemetery,-77.0508731,38.89071443,1/1/2026 12:02:30
ANC_2,Arlington National Cememtery,Raphael,Lincoln Memorial,-77.06389952,38.88427949,1/1/2026 12:02:30
NM_1,National Mall & Downtown,Stephan,Stop 2 - US Capitol/Supreme Court/Library of Congress,-77.00909348,38.89508904,1/1/2026 12:02:30
NM_2,National Mall & Downtown,Daniel,Stop 4 - Smithsonian Castle,-77.02789402,38.88757332,1/1/2026 12:02:30
NM_3,National Mall & Downtown,Nancy,Stop 7 - Lincoln Memorial,-77.04444425,38.88430785,1/1/2026 12:02:30
NM_4,National Mall & Downtown,James,Stop 9 - Ford's Theater,-77.03842865,38.89210622,1/1/2026 12:02:30
NM_5,National Mall & Downtown,Melia,Stop 9 - Ford's Theater,-77.023183,38.89614069,1/1/2026 12:02:30
NM_6,National Mall & Downtown,Drew,Stop 1 - Union Station,-77.01342787,38.89209385,1/1/2026 12:02:30
VA_1,National Mall & Virginia,David,Stop 2 - US Capitol/Supreme Court/Library of Congress,-77.00909348,38.89508904,1/1/2026 12:02:30
VA_2,National Mall & Virginia,Riley,Stop 4 - WWII Memorial/Washington Monument,-77.03977628,38.87565137,1/1/2026 12:02:30
VA_3,National Mall & Virginia,Russell,Stop 4 - WWII Memorial/Washington Monument,-77.04877307,38.87348802,1/1/2026 12:02:30
VA_4,National Mall & Virginia,Phoebe,Stop 4 - WWII Memorial/Washington Monument,-77.04386731,38.89210868,1/1/2026 12:02:30
NC_ 1,"National Cathedral, Uptown, Georgetown",Michaela,Stop 3 - Dupont Circle,-77.02963563,38.8999032,1/1/2026 12:02:35
NC_2,"National Cathedral, Uptown, Georgetown",Cameron,Stop 6 - National Cathedral,-77.07187842,38.92767821,1/1/2026 12:02:35
NC_3,"National Cathedral, Uptown, Georgetown",Stanley,Stop 7 - Georgetown/Old Stone House ,-77.0632092,38.90715918,1/1/2026 12:02:35
ANC_1,Arlington National Cememtery,Sam,Arlington National Cemetery,-77.05076304,38.89052247,1/1/2026 12:02:35
ANC_2,Arlington National Cememtery,Raphael,Lincoln Memorial,-77.06365165,38.88437002,1/1/2026 12:02:35
NM_1,National Mall & Downtown,Stephan,Stop 2 - US Capitol/Supreme Court/Library of Congress,-77.0092946,38.89494443,1/1/2026 12:02:35
NM_2,National Mall & Downtown,Daniel,Stop 5 -Jefferson Memorial/George Mason Monument,-77.02816781,38.88757489,1/1/2026 12:02:35
NM_3,National Mall & Downtown,Nancy,Stop 7 - Lincoln Memorial,-77.04463066,38.88446127,1/1/2026 12:02:35
NM_4,National Mall & Downtown,James,Stop 9 - Ford's Theater,-77.03815485,38.89210574,1/1/2026 12:02:35
NM_5,National Mall & Downtown,Melia,Stop 9 - Ford's Theater,-77.02345679,38.89613889,1/1/2026 12:02:35
NM_6,National Mall & Downtown,Drew,Stop 1 - Union Station,-77.01316243,38.89211296,1/1/2026 12:02:35
VA_1,National Mall & Virginia,David,Stop 2 - US Capitol/Supreme Court/Library of Congress,-77.0092946,38.89494443,1/1/2026 12:02:35
VA_2,National Mall & Virginia,Riley,Stop 4 - WWII Memorial/Washington Monument,-77.03994029,38.87548068,1/1/2026 12:02:35
VA_3,National Mall & Virginia,Russell,Stop 4 - WWII Memorial/Washington Monument,-77.04904606,38.87347149,1/1/2026 12:02:35
VA_4,National Mall & Virginia,Phoebe,Stop 4 - WWII Memorial/Washington Monument,-77.0435935,38.89210865,1/1/2026 12:02:35
NC_ 1,"National Cathedral, Uptown, Georgetown",Michaela,Stop 3 - Dupont Circle,-77.02963711,38.90011629,1/1/2026 12:02:40
NC_2,"National Cathedral, Uptown, Georgetown",Cameron,Stop 6 - National Cathedral,-77.07207845,38.92782365,1/1/2026 12:02:40
NC_3,"National Cathedral, Uptown, Georgetown",Stanley,Stop 7 - Georgetown/Old Stone House ,-77.06310535,38.90696203,1/1/2026 12:02:40
ANC_1,Arlington National Cememtery,Sam,Arlington National Cemetery,-77.05078817,38.89031209,1/1/2026 12:02:40
ANC_2,Arlington National Cememtery,Raphael,Lincoln Memorial,-77.06340439,38.88446157,1/1/2026 12:02:40
NM_1,National Mall & Downtown,Stephan,Stop 2 - US Capitol/Supreme Court/Library of Congress,-77.00949571,38.89479983,1/1/2026 12:02:40
NM_2,National Mall & Downtown,Daniel,Stop 5 -Jefferson Memorial/George Mason Monument,-77.02844161,38.88757487,1/1/2026 12:02:40
NM_3,National Mall & Downtown,Nancy,Stop 7 - Lincoln Memorial,-77.04483453,38.88460355,1/1/2026 12:02:40
NM_4,National Mall & Downtown,James,Stop 9 - Ford's Theater,-77.03788104,38.89210526,1/1/2026 12:02:40
NM_5,National Mall & Downtown,Melia,Stop 9 - Ford's Theater,-77.0237306,38.89613978,1/1/2026 12:02:40
NM_6,National Mall & Downtown,Drew,Stop 1 - Union Station,-77.01297143,38.89226566,1/1/2026 12:02:40
VA_1,National Mall & Virginia,David,Stop 2 - US Capitol/Supreme Court/Library of Congress,-77.00949571,38.89479983,1/1/2026 12:02:40
VA_2,National Mall & Virginia,Riley,Stop 4 - WWII Memorial/Washington Monument,-77.04010431,38.87530999,1/1/2026 12:02:40
VA_3,National Mall & Virginia,Russell,Stop 4 - WWII Memorial/Washington Monument,-77.04931986,38.87347135,1/1/2026 12:02:40
VA_4,National Mall & Virginia,Phoebe,Stop 4 - WWII Memorial/Washington Monument,-77.04331969,38.89210862,1/1/2026 12:02:40
NC_ 1,"National Cathedral, Uptown, Georgetown",Michaela,Stop 3 - Dupont Circle,-77.02963117,38.90032929,1/1/2026 12:02:45
NC_2,"National Cathedral, Uptown, Georgetown",Cameron,Stop 6 - National Cathedral,-77.07228018,38.92796767,1/1/2026 12:02:45
NC_3,"National Cathedral, Uptown, Georgetown",Stanley,Stop 7 - Georgetown/Old Stone House ,-77.06300207,38.90676471,1/1/2026 12:02:45
ANC_1,Arlington National Cememtery,Sam,Arlington National Cemetery,-77.05089349,38.89011546,1/1/2026 12:02:45
ANC_2,Arlington National Cememtery,Raphael,Lincoln Memorial,-77.06315631,38.88455177,1/1/2026 12:02:45
NM_1,National Mall & Downtown,Stephan,Stop 2 - US Capitol/Supreme Court/Library of Congress,-77.00969396,38.89465284,1/1/2026 12:02:45
NM_2,National Mall & Downtown,Daniel,Stop 5 -Jefferson Memorial/George Mason Monument,-77.02871542,38.88757396,1/1/2026 12:02:45
NM_3,National Mall & Downtown,Nancy,Stop 7 - Lincoln Memorial,-77.04498793,38.88475608,1/1/2026 12:02:45
NM_4,National Mall & Downtown,James,Stop 9 - Ford's Theater,-77.03760723,38.89210479,1/1/2026 12:02:45
NM_5,National Mall & Downtown,Melia,Stop 9 - Ford's Theater,-77.0240044,38.89614028,1/1/2026 12:02:45
NM_6,National Mall & Downtown,Drew,Stop 1 - Union Station,-77.01278248,38.8924199,1/1/2026 12:02:45
VA_1,National Mall & Virginia,David,Stop 2 - US Capitol/Supreme Court/Library of Congress,-77.00969396,38.89465284,1/1/2026 12:02:45
VA_2,National Mall & Virginia,Riley,Stop 4 - WWII Memorial/Washington Monument,-77.04026832,38.87513931,1/1/2026 12:02:45
VA_3,National Mall & Virginia,Russell,Stop 4 - WWII Memorial/Washington Monument,-77.04959079,38.87350068,1/1/2026 12:02:45
VA_4,National Mall & Virginia,Phoebe,Stop 4 - WWII Memorial/Washington Monument,-77.04304589,38.8921085,1/1/2026 12:02:45
NC_ 1,"National Cathedral, Uptown, Georgetown",Michaela,Stop 3 - Dupont Circle,-77.02962741,38.90054232,1/1/2026 12:02:50
NC_2,"National Cathedral, Uptown, Georgetown",Cameron,Stop 6 - National Cathedral,-77.07248189,38.92811171,1/1/2026 12:02:50
NC_3,"National Cathedral, Uptown, Georgetown",Stanley,Stop 7 - Georgetown/Old Stone House ,-77.06290105,38.90656676,1/1/2026 12:02:50
ANC_1,Arlington National Cememtery,Sam,Arlington National Cemetery,-77.05103012,38.88993554,1/1/2026 12:02:50
ANC_2,Arlington National Cememtery,Raphael,Lincoln Memorial,-77.06290783,38.8846413,1/1/2026 12:02:50
NM_1,National Mall & Downtown,Stephan,Stop 2 - US Capitol/Supreme Court/Library of Congress,-77.00989271,38.89450626,1/1/2026 12:02:50
NM_2,National Mall & Downtown,Daniel,Stop 5 -Jefferson Memorial/George Mason Monument,-77.02898922,38.88757415,1/1/2026 12:02:50
NM_3,National Mall & Downtown,Nancy,Stop 7 - Lincoln Memorial,-77.04494683,38.88496595,1/1/2026 12:02:50
NM_4,National Mall & Downtown,James,Stop 9 - Ford's Theater,-77.03733343,38.89210457,1/1/2026 12:02:50
NM_5,National Mall & Downtown,Melia,Stop 9 - Ford's Theater,-77.0242782,38.89613877,1/1/2026 12:02:50
NM_6,National Mall & Downtown,Drew,Stop 1 - Union Station,-77.01258308,38.89256585,1/1/2026 12:02:50
VA_1,National Mall & Virginia,David,Stop 2 - US Capitol/Supreme Court/Library of Congress,-77.00989271,38.89450626,1/1/2026 12:02:50
VA_2,National Mall & Virginia,Riley,Stop 4 - WWII Memorial/Washington Monument,-77.04043239,38.87496865,1/1/2026 12:02:50
VA_3,National Mall & Virginia,Russell,Stop 4 - WWII Memorial/Washington Monument,-77.04985904,38.87354292,1/1/2026 12:02:50
VA_4,National Mall & Virginia,Phoebe,Stop 4 - WWII Memorial/Washington Monument,-77.04277208,38.89210832,1/1/2026 12:02:50
NC_ 1,"National Cathedral, Uptown, Georgetown",Michaela,Stop 3 - Dupont Circle,-77.02962698,38.90075541,1/1/2026 12:02:55
NC_2,"National Cathedral, Uptown, Georgetown",Cameron,Stop 6 - National Cathedral,-77.07268013,38.92825863,1/1/2026 12:02:55
NC_3,"National Cathedral, Uptown, Georgetown",Stanley,Stop 7 - Georgetown/Old Stone House ,-77.0628436,38.90635985,1/1/2026 12:02:55
ANC_1,Arlington National Cememtery,Sam,Arlington National Cemetery,-77.05120125,38.8897697,1/1/2026 12:02:55
ANC_2,Arlington National Cememtery,Raphael,Lincoln Memorial,-77.06265869,38.8847297,1/1/2026 12:02:55
NM_1,National Mall & Downtown,Stephan,Stop 2 - US Capitol/Supreme Court/Library of Congress,-77.01009248,38.89436053,1/1/2026 12:02:55
NM_2,National Mall & Downtown,Daniel,Stop 5 -Jefferson Memorial/George Mason Monument,-77.02926303,38.88757494,1/1/2026 12:02:55
NM_3,National Mall & Downtown,Nancy,Stop 7 - Lincoln Memorial,-77.04495561,38.88517895,1/1/2026 12:02:55
NM_4,National Mall & Downtown,James,Stop 9 - Ford's Theater,-77.03705962,38.89210441,1/1/2026 12:02:55
NM_5,National Mall & Downtown,Melia,Stop 9 - Ford's Theater,-77.02455201,38.89613914,1/1/2026 12:02:55
NM_6,National Mall & Downtown,Drew,Stop 1 - Union Station,-77.01238239,38.89271082,1/1/2026 12:02:55
VA_1,National Mall & Virginia,David,Stop 2 - US Capitol/Supreme Court/Library of Congress,-77.01009248,38.89436053,1/1/2026 12:02:55
VA_2,National Mall & Virginia,Riley,Stop 4 - WWII Memorial/Washington Monument,-77.04059651,38.87479802,1/1/2026 12:02:55
VA_3,National Mall & Virginia,Russell,Stop 4 - WWII Memorial/Washington Monument,-77.05012358,38.87359778,1/1/2026 12:02:55
VA_4,National Mall & Virginia,Phoebe,Stop 4 - WWII Memorial/Washington Monument,-77.04249827,38.89210814,1/1/2026 12:02:55
NC_ 1,"National Cathedral, Uptown, Georgetown",Michaela,Stop 3 - Dupont Circle,-77.02962652,38.90096849,1/1/2026 12:03:00
NC_2,"National Cathedral, Uptown, Georgetown",Cameron,Stop 6 - National Cathedral,-77.07287478,38.92840843,1/1/2026 12:03:00
NC_3,"National Cathedral, Uptown, Georgetown",Stanley,Stop 7 - Georgetown/Old Stone House ,-77.06283916,38.90614681,1/1/2026 12:03:00
ANC_1,Arlington National Cememtery,Sam,Arlington National Cemetery,-77.05131853,38.88957769,1/1/2026 12:03:00
ANC_2,Arlington National Cememtery,Raphael,Lincoln Memorial,-77.06240955,38.88481811,1/1/2026 12:03:00
NM_1,National Mall & Downtown,Stephan,Stop 2 - US Capitol/Supreme Court/Library of Congress,-77.01029415,38.89421639,1/1/2026 12:03:00
NM_2,National Mall & Downtown,Daniel,Stop 5 -Jefferson Memorial/George Mason Monument,-77.02953683,38.88757519,1/1/2026 12:03:00
NM_3,National Mall & Downtown,Nancy,Stop 7 - Lincoln Memorial,-77.04497693,38.88538956,1/1/2026 12:03:00
NM_4,National Mall & Downtown,James,Stop 9 - Ford's Theater,-77.03678581,38.89210437,1/1/2026 12:03:00
NM_5,National Mall & Downtown,Melia,Stop 9 - Ford's Theater,-77.02482581,38.8961395,1/1/2026 12:03:00
NM_6,National Mall & Downtown,Drew,Stop 1 - Union Station,-77.01218427,38.89285791,1/1/2026 12:03:00
VA_1,National Mall & Virginia,David,Stop 2 - US Capitol/Supreme Court/Library of Congress,-77.01029415,38.89421639,1/1/2026 12:03:00
VA_2,National Mall & Virginia,Riley,Stop 4 - WWII Memorial/Washington Monument,-77.04076069,38.87462743,1/1/2026 12:03:00
VA_3,National Mall & Virginia,Russell,Stop 4 - WWII Memorial/Washington Monument,-77.05035212,38.8737113,1/1/2026 12:03:00
VA_4,National Mall & Virginia,Phoebe,Stop 4 - WWII Memorial/Washington Monument,-77.04222447,38.89210796,1/1/2026 12:03:00
NC_ 1,"National Cathedral, Uptown, Georgetown",Michaela,Stop 3 - Dupont Circle,-77.02962593,38.90118158,1/1/2026 12:03:05
NC_2,"National Cathedral, Uptown, Georgetown",Cameron,Stop 6 - National Cathedral,-77.07307296,38.92855526,1/1/2026 12:03:05
NC_3,"National Cathedral, Uptown, Georgetown",Stanley,Stop 7 - Georgetown/Old Stone House ,-77.06283248,38.90593381,1/1/2026 12:03:05
ANC_1,Arlington National Cememtery,Sam,Arlington National Cemetery,-77.05137398,38.88936951,1/1/2026 12:03:05
ANC_2,Arlington National Cememtery,Raphael,Lincoln Memorial,-77.06216041,38.88490652,1/1/2026 12:03:05
NM_1,National Mall & Downtown,Stephan,Stop 2 - US Capitol/Supreme Court/Library of Congress,-77.01049694,38.8940732,1/1/2026 12:03:05
NM_2,National Mall & Downtown,Daniel,Stop 5 -Jefferson Memorial/George Mason Monument,-77.02981064,38.88757512,1/1/2026 12:03:05
NM_3,National Mall & Downtown,Nancy,Stop 7 - Lincoln Memorial,-77.04499561,38.88560199,1/1/2026 12:03:05
NM_4,National Mall & Downtown,James,Stop 9 - Ford's Theater,-77.036512,38.89210421,1/1/2026 12:03:05
NM_5,National Mall & Downtown,Melia,Stop 9 - Ford's Theater,-77.02509962,38.89613903,1/1/2026 12:03:05
NM_6,National Mall & Downtown,Drew,Stop 1 - Union Station,-77.01198217,38.8930017,1/1/2026 12:03:05
VA_1,National Mall & Virginia,David,Stop 2 - US Capitol/Supreme Court/Library of Congress,-77.01049694,38.8940732,1/1/2026 12:03:05
VA_2,National Mall & Virginia,Riley,Stop 4 - WWII Memorial/Washington Monument,-77.0409248,38.8744568,1/1/2026 12:03:05
VA_3,National Mall & Virginia,Russell,Stop 4 - WWII Memorial/Washington Monument,-77.05048934,38.87389175,1/1/2026 12:03:05
VA_4,National Mall & Virginia,Phoebe,Stop 4 - WWII Memorial/Washington Monument,-77.04195066,38.89210778,1/1/2026 12:03:05
NC_ 1,"National Cathedral, Uptown, Georgetown",Michaela,Stop 3 - Dupont Circle,-77.02970388,38.90133578,1/1/2026 12:03:10
NC_2,"National Cathedral, Uptown, Georgetown",Cameron,Stop 6 - National Cathedral,-77.07315117,38.92873618,1/1/2026 12:03:10
NC_3,"National Cathedral, Uptown, Georgetown",Stanley,Stop 7 - Georgetown/Old Stone House ,-77.06282714,38.90572078,1/1/2026 12:03:10
ANC_1,Arlington National Cememtery,Sam,Arlington National Cemetery,-77.05141367,38.88915875,1/1/2026 12:03:10
ANC_2,Arlington National Cememtery,Raphael,Lincoln Memorial,-77.0619142,38.88499968,1/1/2026 12:03:10
NM_1,National Mall & Downtown,Stephan,Stop 2 - US Capitol/Supreme Court/Library of Congress,-77.01069851,38.89392901,1/1/2026 12:03:10
NM_2,National Mall & Downtown,Daniel,Stop 5 -Jefferson Memorial/George Mason Monument,-77.03008445,38.88757507,1/1/2026 12:03:10
NM_3,National Mall & Downtown,Nancy,Stop 7 - Lincoln Memorial,-77.04498635,38.88581462,1/1/2026 12:03:10
NM_4,National Mall & Downtown,James,Stop 9 - Ford's Theater,-77.0362382,38.89210396,1/1/2026 12:03:10
NM_5,National Mall & Downtown,Melia,Stop 9 - Ford's Theater,-77.02537343,38.89613901,1/1/2026 12:03:10
NM_6,National Mall & Downtown,Drew,Stop 1 - Union Station,-77.01178021,38.89314559,1/1/2026 12:03:10
VA_1,National Mall & Virginia,David,Stop 2 - US Capitol/Supreme Court/Library of Congress,-77.01069851,38.89392901,1/1/2026 12:03:10
VA_2,National Mall & Virginia,Riley,Stop 4 - WWII Memorial/Washington Monument,-77.04108893,38.87428617,1/1/2026 12:03:10
VA_3,National Mall & Virginia,Russell,Stop 4 - WWII Memorial/Washington Monument,-77.05049249,38.87410414,1/1/2026 12:03:10
VA_4,National Mall & Virginia,Phoebe,Stop 4 - WWII Memorial/Washington Monument,-77.04167685,38.89210772,1/1/2026 12:03:10
NC_ 1,"National Cathedral, Uptown, Georgetown",Michaela,Stop 3 - Dupont Circle,-77.02997758,38.90134035,1/1/2026 12:03:15
NC_2,"National Cathedral, Uptown, Georgetown",Cameron,Stop 6 - National Cathedral,-77.07312184,38.92894792,1/1/2026 12:03:15
NC_3,"National Cathedral, Uptown, Georgetown",Stanley,Stop 7 - Georgetown/Old Stone House ,-77.06282153,38.90550775,1/1/2026 12:03:15
ANC_1,Arlington National Cememtery,Sam,Arlington National Cemetery,-77.05150591,38.88895864,1/1/2026 12:03:15
ANC_2,Arlington National Cememtery,Raphael,Lincoln Memorial,-77.06166959,38.88509545,1/1/2026 12:03:15
NM_1,National Mall & Downtown,Stephan,Stop 2 - US Capitol/Supreme Court/Library of Congress,-77.01089451,38.8937802,1/1/2026 12:03:15
NM_2,National Mall & Downtown,Daniel,Stop 5 -Jefferson Memorial/George Mason Monument,-77.03035825,38.88757511,1/1/2026 12:03:15
NM_3,National Mall & Downtown,Nancy,Stop 7 - Lincoln Memorial,-77.04495728,38.88602653,1/1/2026 12:03:15
NM_4,National Mall & Downtown,James,Stop 9 - Ford's Theater,-77.03596439,38.89210318,1/1/2026 12:03:15
NM_5,National Mall & Downtown,Melia,Stop 9 - Ford's Theater,-77.02564723,38.8961395,1/1/2026 12:03:15
NM_6,National Mall & Downtown,Drew,Stop 1 - Union Station,-77.01157845,38.89328967,1/1/2026 12:03:15
VA_1,National Mall & Virginia,David,Stop 2 - US Capitol/Supreme Court/Library of Congress,-77.01089451,38.8937802,1/1/2026 12:03:15
VA_2,National Mall & Virginia,Riley,Stop 4 - WWII Memorial/Washington Monument,-77.04125305,38.87411555,1/1/2026 12:03:15
VA_3,National Mall & Virginia,Russell,Stop 4 - WWII Memorial/Washington Monument,-77.05041695,38.87430199,1/1/2026 12:03:15
VA_4,National Mall & Virginia,Phoebe,Stop 4 - WWII Memorial/Washington Monument,-77.04140304,38.89210766,1/1/2026 12:03:15
NC_ 1,"National Cathedral, Uptown, Georgetown",Michaela,Stop 3 - Dupont Circle,-77.03025139,38.90134015,1/1/2026 12:03:20
NC_2,"National Cathedral, Uptown, Georgetown",Cameron,Stop 6 - National Cathedral,-77.07308818,38.92915931,1/1/2026 12:03:20
NC_3,"National Cathedral, Uptown, Georgetown",Stanley,Stop 7 - Georgetown/Old Stone House ,-77.062816,38.90529472,1/1/2026 12:03:20
ANC_1,Arlington National Cememtery,Sam,Arlington National Cemetery,-77.05166094,38.88878406,1/1/2026 12:03:20
ANC_2,Arlington National Cememtery,Raphael,Lincoln Memorial,-77.06142497,38.88519121,1/1/2026 12:03:20
NM_1,National Mall & Downtown,Stephan,Stop 2 - US Capitol/Supreme Court/Library of Congress,-77.01109527,38.89363529,1/1/2026 12:03:20
NM_2,National Mall & Downtown,Daniel,Stop 5 -Jefferson Memorial/George Mason Monument,-77.03063206,38.88757514,1/1/2026 12:03:20
NM_3,National Mall & Downtown,Nancy,Stop 7 - Lincoln Memorial,-77.04491898,38.88623757,1/1/2026 12:03:20
NM_4,National Mall & Downtown,James,Stop 9 - Ford's Theater,-77.03569059,38.89210196,1/1/2026 12:03:20
NM_5,National Mall & Downtown,Melia,Stop 10 -White House Visitor Center,-77.02592104,38.89614056,1/1/2026 12:03:20
NM_6,National Mall & Downtown,Drew,Stop 1 - Union Station,-77.0113767,38.89343374,1/1/2026 12:03:20
VA_1,National Mall & Virginia,David,Stop 2 - US Capitol/Supreme Court/Library of Congress,-77.01109527,38.89363529,1/1/2026 12:03:20
VA_2,National Mall & Virginia,Riley,Stop 4 - WWII Memorial/Washington Monument,-77.04141746,38.87394509,1/1/2026 12:03:20
VA_3,National Mall & Virginia,Russell,Stop 4 - WWII Memorial/Washington Monument,-77.05022168,38.87445051,1/1/2026 12:03:20
VA_4,National Mall & Virginia,Phoebe,Stop 4 - WWII Memorial/Washington Monument,-77.04112924,38.89210766,1/1/2026 12:03:20
NC_ 1,"National Cathedral, Uptown, Georgetown",Michaela,Stop 3 - Dupont Circle,-77.03052519,38.90133995,1/1/2026 12:03:25
NC_2,"National Cathedral, Uptown, Georgetown",Cameron,Stop 6 - National Cathedral,-77.07305455,38.92937069,1/1/2026 12:03:25
NC_3,"National Cathedral, Uptown, Georgetown",Stanley,Stop 7 - Georgetown/Old Stone House ,-77.06281169,38.90508168,1/1/2026 12:03:25
ANC_1,Arlington National Cememtery,Sam,Arlington National Cemetery,-77.05188222,38.88865991,1/1/2026 12:03:25
ANC_2,Arlington National Cememtery,Raphael,Lincoln Memorial,-77.06117926,38.88528499,1/1/2026 12:03:25
NM_1,National Mall & Downtown,Stephan,Stop 2 - US Capitol/Supreme Court/Library of Congress,-77.01129666,38.8934909,1/1/2026 12:03:25
NM_2,National Mall & Downtown,Daniel,Stop 5 -Jefferson Memorial/George Mason Monument,-77.03090587,38.88757525,1/1/2026 12:03:25
NM_3,National Mall & Downtown,Nancy,Stop 7 - Lincoln Memorial,-77.04491708,38.88645019,1/1/2026 12:03:25
NM_4,National Mall & Downtown,James,Stop 9 - Ford's Theater,-77.03541679,38.89210099,1/1/2026 12:03:25
NM_5,National Mall & Downtown,Melia,Stop 10 -White House Visitor Center,-77.02619483,38.89613932,1/1/2026 12:03:25
NM_6,National Mall & Downtown,Drew,Stop 1 - Union Station,-77.01117495,38.89357782,1/1/2026 12:03:25
VA_1,National Mall & Virginia,David,Stop 2 - US Capitol/Supreme Court/Library of Congress,-77.01129666,38.8934909,1/1/2026 12:03:25
VA_2,National Mall & Virginia,Riley,Stop 4 - WWII Memorial/Washington Monument,-77.0415819,38.87377465,1/1/2026 12:03:25
VA_3,National Mall & Virginia,Russell,Stop 4 - WWII Memorial/Washington Monument,-77.05001684,38.87459195,1/1/2026 12:03:25
VA_4,National Mall & Virginia,Phoebe,Stop 4 - WWII Memorial/Washington Monument,-77.04085543,38.89210774,1/1/2026 12:03:25
NC_ 1,"National Cathedral, Uptown, Georgetown",Michaela,Stop 3 - Dupont Circle,-77.030799,38.90133931,1/1/2026 12:03:30
NC_2,"National Cathedral, Uptown, Georgetown",Cameron,Stop 6 - National Cathedral,-77.07302062,38.92958205,1/1/2026 12:03:30
NC_3,"National Cathedral, Uptown, Georgetown",Stanley,Stop 7 - Georgetown/Old Stone House ,-77.06280742,38.90486863,1/1/2026 12:03:30
ANC_1,Arlington National Cememtery,Sam,Arlington National Cemetery,-77.05212611,38.88856324,1/1/2026 12:03:30
ANC_2,Arlington National Cememtery,Raphael,Lincoln Memorial,-77.06091994,38.88535215,1/1/2026 12:03:30
NM_1,National Mall & Downtown,Stephan,Stop 2 - US Capitol/Supreme Court/Library of Congress,-77.01149841,38.89334683,1/1/2026 12:03:30
NM_2,National Mall & Downtown,Daniel,Stop 5 -Jefferson Memorial/George Mason Monument,-77.03117967,38.8875754,1/1/2026 12:03:30
NM_3,National Mall & Downtown,Nancy,Stop 7 - Lincoln Memorial,-77.04494017,38.88666237,1/1/2026 12:03:30
NM_4,National Mall & Downtown,James,Stop 9 - Ford's Theater,-77.03514298,38.89210107,1/1/2026 12:03:30
NM_5,National Mall & Downtown,Melia,Stop 10 -White House Visitor Center,-77.02646864,38.89613997,1/1/2026 12:03:30
NM_6,National Mall & Downtown,Drew,Stop 1 - Union Station,-77.01097418,38.89372272,1/1/2026 12:03:30
VA_1,National Mall & Virginia,David,Stop 2 - US Capitol/Supreme Court/Library of Congress,-77.01149841,38.89334683,1/1/2026 12:03:30
VA_2,National Mall & Virginia,Riley,Stop 4 - WWII Memorial/Washington Monument,-77.04174618,38.87360411,1/1/2026 12:03:30
VA_3,National Mall & Virginia,Russell,Stop 4 - WWII Memorial/Washington Monument,-77.04981199,38.87473339,1/1/2026 12:03:30
VA_4,National Mall & Virginia,Phoebe,Stop 4 - WWII Memorial/Washington Monument,-77.04058164,38.89210751,1/1/2026 12:03:30
NC_ 1,"National Cathedral, Uptown, Georgetown",Michaela,Stop 3 - Dupont Circle,-77.0310728,38.90133849,1/1/2026 12:03:35
NC_2,"National Cathedral, Uptown, Georgetown",Cameron,Stop 6 - National Cathedral,-77.0729865,38.92979339,1/1/2026 12:03:35
NC_3,"National Cathedral, Uptown, Georgetown",Stanley,Stop 7 - Georgetown/Old Stone House ,-77.06279931,38.90465566,1/1/2026 12:03:35
ANC_1,Arlington National Cememtery,Sam,Arlington National Cemetery,-77.05237496,38.88847433,1/1/2026 12:03:35
ANC_2,Arlington National Cememtery,Raphael,Lincoln Memorial,-77.06064831,38.88537012,1/1/2026 12:03:35
NM_1,National Mall & Downtown,Stephan,Stop 2 - US Capitol/Supreme Court/Library of Congress,-77.01170016,38.89320275,1/1/2026 12:03:35
NM_2,National Mall & Downtown,Daniel,Stop 5 -Jefferson Memorial/George Mason Monument,-77.03145348,38.88757575,1/1/2026 12:03:35
NM_3,National Mall & Downtown,Nancy,Stop 7 - Lincoln Memorial,-77.04497805,38.88687323,1/1/2026 12:03:35
NM_4,National Mall & Downtown,James,Stop 9 - Ford's Theater,-77.03486917,38.89210115,1/1/2026 12:03:35
NM_5,National Mall & Downtown,Melia,Stop 10 -White House Visitor Center,-77.02674244,38.89613975,1/1/2026 12:03:35
NM_6,National Mall & Downtown,Drew,Stop 1 - Union Station,-77.01077623,38.89386993,1/1/2026 12:03:35
VA_1,National Mall & Virginia,David,Stop 2 - US Capitol/Supreme Court/Library of Congress,-77.01170016,38.89320275,1/1/2026 12:03:35
VA_2,National Mall & Virginia,Riley,Stop 4 - WWII Memorial/Washington Monument,-77.04191027,38.87343346,1/1/2026 12:03:35
VA_3,National Mall & Virginia,Russell,Stop 4 - WWII Memorial/Washington Monument,-77.04960715,38.87487484,1/1/2026 12:03:35
VA_4,National Mall & Virginia,Phoebe,Stop 4 - WWII Memorial/Washington Monument,-77.04030783,38.89210771,1/1/2026 12:03:35
NC_ 1,"National Cathedral, Uptown, Georgetown",Michaela,Stop 3 - Dupont Circle,-77.03134661,38.9013392,1/1/2026 12:03:40
NC_2,"National Cathedral, Uptown, Georgetown",Cameron,Stop 6 - National Cathedral,-77.07295239,38.93000473,1/1/2026 12:03:40
NC_3,"National Cathedral, Uptown, Georgetown",Stanley,Stop 8 - Washington Harbor,-77.06279311,38.90444265,1/1/2026 12:03:40
ANC_1,Arlington National Cememtery,Sam,Arlington National Cemetery,-77.05262381,38.88838545,1/1/2026 12:03:40
ANC_2,Arlington National Cememtery,Raphael,Lincoln Memorial,-77.06038101,38.88532623,1/1/2026 12:03:40
NM_1,National Mall & Downtown,Stephan,Stop 2 - US Capitol/Supreme Court/Library of Congress,-77.01190191,38.89305868,1/1/2026 12:03:40
NM_2,National Mall & Downtown,Daniel,Stop 5 -Jefferson Memorial/George Mason Monument,-77.03172727,38.88757533,1/1/2026 12:03:40
NM_3,National Mall & Downtown,Nancy,Stop 7 - Lincoln Memorial,-77.04506973,38.88705301,1/1/2026 12:03:40
NM_4,National Mall & Downtown,James,Stop 9 - Ford's Theater,-77.03459537,38.89210123,1/1/2026 12:03:40
NM_5,National Mall & Downtown,Melia,Stop 10 -White House Visitor Center,-77.02701623,38.89613767,1/1/2026 12:03:40
NM_6,National Mall & Downtown,Drew,Stop 1 - Union Station,-77.01057741,38.8940164,1/1/2026 12:03:40
VA_1,National Mall & Virginia,David,Stop 2 - US Capitol/Supreme Court/Library of Congress,-77.01190191,38.89305868,1/1/2026 12:03:40
VA_2,National Mall & Virginia,Riley,Stop 4 - WWII Memorial/Washington Monument,-77.04207338,38.87326225,1/1/2026 12:03:40
VA_3,National Mall & Virginia,Russell,Stop 4 - WWII Memorial/Washington Monument,-77.04942743,38.87503409,1/1/2026 12:03:40
VA_4,National Mall & Virginia,Phoebe,Stop 4 - WWII Memorial/Washington Monument,-77.04003402,38.89210792,1/1/2026 12:03:40
NC_ 1,"National Cathedral, Uptown, Georgetown",Michaela,Stop 3 - Dupont Circle,-77.03162041,38.90134075,1/1/2026 12:03:45
NC_2,"National Cathedral, Uptown, Georgetown",Cameron,Stop 6 - National Cathedral,-77.07291832,38.93021607,1/1/2026 12:03:45
NC_3,"National Cathedral, Uptown, Georgetown",Stanley,Stop 8 - Washington Harbor,-77.06278992,38.90422959,1/1/2026 12:03:45
ANC_1,Arlington National Cememtery,Sam,Arlington National Cemetery,-77.05287202,38.88829548,1/1/2026 12:03:45
ANC_2,Arlington National Cememtery,Raphael,Lincoln Memorial,-77.06012639,38.88525233,1/1/2026 12:03:45
NM_1,National Mall & Downtown,Stephan,Stop 2 - US Capitol/Supreme Court/Library of Congress,-77.01210423,38.89291508,1/1/2026 12:03:45
NM_2,National Mall & Downtown,Daniel,Stop 5 -Jefferson Memorial/George Mason Monument,-77.0319992,38.8875848,1/1/2026 12:03:45
NM_3,National Mall & Downtown,Nancy,Stop 7 - Lincoln Memorial,-77.04534324,38.88706292,1/1/2026 12:03:45
NM_4,National Mall & Downtown,James,Stop 9 - Ford's Theater,-77.03432156,38.89210117,1/1/2026 12:03:45
NM_5,National Mall & Downtown,Melia,Stop 10 -White House Visitor Center,-77.02729003,38.89613589,1/1/2026 12:03:45
NM_6,National Mall & Downtown,Drew,Stop 1 - Union Station,-77.01037461,38.89415958,1/1/2026 12:03:45
VA_1,National Mall & Virginia,David,Stop 2 - US Capitol/Supreme Court/Library of Congress,-77.01210423,38.89291508,1/1/2026 12:03:45
VA_2,National Mall & Virginia,Riley,Stop 4 - WWII Memorial/Washington Monument,-77.04224241,38.87309473,1/1/2026 12:03:45
VA_3,National Mall & Virginia,Russell,Stop 4 - WWII Memorial/Washington Monument,-77.0492221,38.87517374,1/1/2026 12:03:45
VA_4,National Mall & Virginia,Phoebe,Stop 4 - WWII Memorial/Washington Monument,-77.03976022,38.89210812,1/1/2026 12:03:45
NC_ 1,"National Cathedral, Uptown, Georgetown",Michaela,Stop 3 - Dupont Circle,-77.0318941,38.90134631,1/1/2026 12:03:50
NC_2,"National Cathedral, Uptown, Georgetown",Cameron,Stop 7 - Georgetown/Old Stone House ,-77.07288434,38.93042742,1/1/2026 12:03:50
NC_3,"National Cathedral, Uptown, Georgetown",Stanley,Stop 8 - Washington Harbor,-77.06278554,38.90401654,1/1/2026 12:03:50
ANC_1,Arlington National Cememtery,Sam,Arlington National Cemetery,-77.05312006,38.88820522,1/1/2026 12:03:50
ANC_2,Arlington National Cememtery,Raphael,Lincoln Memorial,-77.05985568,38.88523401,1/1/2026 12:03:50
NM_1,National Mall & Downtown,Stephan,Stop 2 - US Capitol/Supreme Court/Library of Congress,-77.01217165,38.89272568,1/1/2026 12:03:50
NM_2,National Mall & Downtown,Daniel,Stop 5 -Jefferson Memorial/George Mason Monument,-77.03226302,38.88764183,1/1/2026 12:03:50
NM_3,National Mall & Downtown,Nancy,Stop 7 - Lincoln Memorial,-77.04561675,38.88707282,1/1/2026 12:03:50
NM_4,National Mall & Downtown,James,Stop 9 - Ford's Theater,-77.03404775,38.89210094,1/1/2026 12:03:50
NM_5,National Mall & Downtown,Melia,Stop 10 -White House Visitor Center,-77.02756383,38.89613608,1/1/2026 12:03:50
NM_6,National Mall & Downtown,Drew,Stop 1 - Union Station,-77.01017182,38.89430277,1/1/2026 12:03:50
VA_1,National Mall & Virginia,David,Stop 2 - US Capitol/Supreme Court/Library of Congress,-77.01217165,38.89272568,1/1/2026 12:03:50
VA_2,National Mall & Virginia,Riley,Stop 4 - WWII Memorial/Washington Monument,-77.04242021,38.87293262,1/1/2026 12:03:50
VA_3,National Mall & Virginia,Russell,Stop 4 - WWII Memorial/Washington Monument,-77.048992,38.87528928,1/1/2026 12:03:50
VA_4,National Mall & Virginia,Phoebe,Stop 5 - National Archives/U.S. Navy Memorial,-77.03948641,38.89210753,1/1/2026 12:03:50
NC_ 1,"National Cathedral, Uptown, Georgetown",Michaela,Stop 3 - Dupont Circle,-77.03216787,38.90134377,1/1/2026 12:03:55
NC_2,"National Cathedral, Uptown, Georgetown",Cameron,Stop 7 - Georgetown/Old Stone House ,-77.07285036,38.93063877,1/1/2026 12:03:55
NC_3,"National Cathedral, Uptown, Georgetown",Stanley,Stop 8 - Washington Harbor,-77.06278147,38.90380349,1/1/2026 12:03:55
ANC_1,Arlington National Cememtery,Sam,Arlington National Cemetery,-77.05336807,38.88811491,1/1/2026 12:03:55
ANC_2,Arlington National Cememtery,Raphael,Lincoln Memorial,-77.05960878,38.88532111,1/1/2026 12:03:55
NM_1,National Mall & Downtown,Stephan,Stop 2 - US Capitol/Supreme Court/Library of Congress,-77.01216928,38.89251258,1/1/2026 12:03:55
NM_2,National Mall & Downtown,Daniel,Stop 5 -Jefferson Memorial/George Mason Monument,-77.03252684,38.88769886,1/1/2026 12:03:55
NM_3,National Mall & Downtown,Nancy,Stop 7 - Lincoln Memorial,-77.04589026,38.88708273,1/1/2026 12:03:55
NM_4,National Mall & Downtown,James,Stop 9 - Ford's Theater,-77.03377397,38.89209904,1/1/2026 12:03:55
NM_5,National Mall & Downtown,Melia,Stop 10 -White House Visitor Center,-77.02783764,38.89613638,1/1/2026 12:03:55
NM_6,National Mall & Downtown,Drew,Stop 1 - Union Station,-77.00997197,38.89444844,1/1/2026 12:03:55
VA_1,National Mall & Virginia,David,Stop 2 - US Capitol/Supreme Court/Library of Congress,-77.01216928,38.89251258,1/1/2026 12:03:55
VA_2,National Mall & Virginia,Riley,Stop 4 - WWII Memorial/Washington Monument,-77.04253932,38.8727467,1/1/2026 12:03:55
VA_3,National Mall & Virginia,Russell,Stop 4 - WWII Memorial/Washington Monument,-77.04876189,38.87540481,1/1/2026 12:03:55
VA_4,National Mall & Virginia,Phoebe,Stop 5 - National Archives/U.S. Navy Memorial,-77.03921261,38.89210672,1/1/2026 12:03:55
NC_ 1,"National Cathedral, Uptown, Georgetown",Michaela,Stop 3 - Dupont Circle,-77.03244166,38.9013414,1/1/2026 12:04:00
NC_2,"National Cathedral, Uptown, Georgetown",Cameron,Stop 7 - Georgetown/Old Stone House ,-77.07281637,38.93085012,1/1/2026 12:04:00
NC_3,"National Cathedral, Uptown, Georgetown",Stanley,Stop 8 - Washington Harbor,-77.06277578,38.90359046,1/1/2026 12:04:00
ANC_1,Arlington National Cememtery,Sam,Arlington National Cemetery,-77.05361615,38.88802471,1/1/2026 12:04:00
ANC_2,Arlington National Cememtery,Raphael,Lincoln Memorial,-77.05943972,38.88548581,1/1/2026 12:04:00
NM_1,National Mall & Downtown,Stephan,Stop 2 - US Capitol/Supreme Court/Library of Congress,-77.01217154,38.89229949,1/1/2026 12:04:00
NM_2,National Mall & Downtown,Daniel,Stop 5 -Jefferson Memorial/George Mason Monument,-77.03279067,38.88775589,1/1/2026 12:04:00
NM_3,National Mall & Downtown,Nancy,Stop 7 - Lincoln Memorial,-77.04616377,38.88709264,1/1/2026 12:04:00
NM_4,National Mall & Downtown,James,Stop 9 - Ford's Theater,-77.03350021,38.89209504,1/1/2026 12:04:00
NM_5,National Mall & Downtown,Melia,Stop 10 -White House Visitor Center,-77.02811141,38.89613977,1/1/2026 12:04:00
NM_6,National Mall & Downtown,Drew,Stop 1 - Union Station,-77.00977254,38.89459446,1/1/2026 12:04:00
VA_1,National Mall & Virginia,David,Stop 2 - US Capitol/Supreme Court/Library of Congress,-77.01217154,38.89229949,1/1/2026 12:04:00
VA_2,National Mall & Virginia,Riley,Stop 4 - WWII Memorial/Washington Monument,-77.04263574,38.87254784,1/1/2026 12:04:00
VA_3,National Mall & Virginia,Russell,Stop 4 - WWII Memorial/Washington Monument,-77.04853179,38.87552034,1/1/2026 12:04:00
VA_4,National Mall & Virginia,Phoebe,Stop 5 - National Archives/U.S. Navy Memorial,-77.0389388,38.89210621,1/1/2026 12:04:00
NC_ 1,"National Cathedral, Uptown, Georgetown",Michaela,Stop 3 - Dupont Circle,-77.03271546,38.90134001,1/1/2026 12:04:05
NC_2,"National Cathedral, Uptown, Georgetown",Cameron,Stop 7 - Georgetown/Old Stone House ,-77.0727825,38.93106148,1/1/2026 12:04:05
NC_3,"National Cathedral, Uptown, Georgetown",Stanley,Stop 8 - Washington Harbor,-77.06277336,38.90337739,1/1/2026 12:04:05
ANC_1,Arlington National Cememtery,Sam,Arlington National Cemetery,-77.0538642,38.88793447,1/1/2026 12:04:05
ANC_2,Arlington National Cememtery,Raphael,Lincoln Memorial,-77.05934374,38.88568467,1/1/2026 12:04:05
NM_1,National Mall & Downtown,Stephan,Stop 2 - US Capitol/Supreme Court/Library of Congress,-77.0121757,38.8920864,1/1/2026 12:04:05
NM_2,National Mall & Downtown,Daniel,Stop 5 -Jefferson Memorial/George Mason Monument,-77.03305946,38.88779485,1/1/2026 12:04:05
NM_3,National Mall & Downtown,Nancy,Stop 7 - Lincoln Memorial,-77.04643725,38.88710309,1/1/2026 12:04:05
NM_4,National Mall & Downtown,James,Stop 9 - Ford's Theater,-77.03322644,38.89209157,1/1/2026 12:04:05
NM_5,National Mall & Downtown,Melia,Stop 10 -White House Visitor Center,-77.02838521,38.89613847,1/1/2026 12:04:05
NM_6,National Mall & Downtown,Drew,Stop 1 - Union Station,-77.00957441,38.89474154,1/1/2026 12:04:05
VA_1,National Mall & Virginia,David,Stop 2 - US Capitol/Supreme Court/Library of Congress,-77.0121757,38.8920864,1/1/2026 12:04:05
VA_2,National Mall & Virginia,Riley,Stop 4 - WWII Memorial/Washington Monument,-77.04270945,38.87234479,1/1/2026 12:04:05
VA_3,National Mall & Virginia,Russell,Stop 4 - WWII Memorial/Washington Monument,-77.04830169,38.87563587,1/1/2026 12:04:05
VA_4,National Mall & Virginia,Phoebe,Stop 5 - National Archives/U.S. Navy Memorial,-77.03866499,38.89210626,1/1/2026 12:04:05
NC_ 1,"National Cathedral, Uptown, Georgetown",Michaela,Stop 3 - Dupont Circle,-77.03298926,38.9013388,1/1/2026 12:04:10
NC_2,"National Cathedral, Uptown, Georgetown",Cameron,Stop 7 - Georgetown/Old Stone House ,-77.07274883,38.93127286,1/1/2026 12:04:10
NC_3,"National Cathedral, Uptown, Georgetown",Stanley,Stop 8 - Washington Harbor,-77.06276941,38.90316435,1/1/2026 12:04:10
ANC_1,Arlington National Cememtery,Sam,Arlington National Cemetery,-77.05411214,38.88784404,1/1/2026 12:04:10
ANC_2,Arlington National Cememtery,Raphael,Lincoln Memorial,-77.05922408,38.88587614,1/1/2026 12:04:10
NM_1,National Mall & Downtown,Stephan,Stop 2 - US Capitol/Supreme Court/Library of Congress,-77.01217488,38.89187329,1/1/2026 12:04:10
NM_2,National Mall & Downtown,Daniel,Stop 5 -Jefferson Memorial/George Mason Monument,-77.03333109,38.88780467,1/1/2026 12:04:10
NM_3,National Mall & Downtown,Nancy,Stop 7 - Lincoln Memorial,-77.04671069,38.88711413,1/1/2026 12:04:10
NM_4,National Mall & Downtown,James,Stop 9 - Ford's Theater,-77.03295264,38.8920907,1/1/2026 12:04:10
NM_5,National Mall & Downtown,Melia,Stop 10 -White House Visitor Center,-77.02865901,38.89613805,1/1/2026 12:04:10
NM_6,National Mall & Downtown,Drew,Stop 1 - Union Station,-77.00937439,38.89488706,1/1/2026 12:04:10
VA_1,National Mall & Virginia,David,Stop 2 - US Capitol/Supreme Court/Library of Congress,-77.01217488,38.89187329,1/1/2026 12:04:10
VA_2,National Mall & Virginia,Riley,Stop 4 - WWII Memorial/Washington Monument,-77.04263464,38.8721429,1/1/2026 12:04:10
VA_3,National Mall & Virginia,Russell,Stop 4 - WWII Memorial/Washington Monument,-77.04807158,38.8757514,1/1/2026 12:04:10
VA_4,National Mall & Virginia,Phoebe,Stop 5 - National Archives/U.S. Navy Memorial,-77.03839119,38.89210615,1/1/2026 12:04:10
NC_ 1,"National Cathedral, Uptown, Georgetown",Michaela,Stop 3 - Dupont Circle,-77.03326307,38.90133826,1/1/2026 12:04:15
NC_2,"National Cathedral, Uptown, Georgetown",Cameron,Stop 7 - Georgetown/Old Stone House ,-77.07271517,38.93148424,1/1/2026 12:04:15
NC_3,"National Cathedral, Uptown, Georgetown",Stanley,Stop 8 - Washington Harbor,-77.06276472,38.9029513,1/1/2026 12:04:15
ANC_1,Arlington National Cememtery,Sam,Arlington National Cemetery,-77.05436008,38.88775362,1/1/2026 12:04:15
ANC_2,Arlington National Cememtery,Raphael,Lincoln Memorial,-77.05902784,38.88602294,1/1/2026 12:04:15
NM_1,National Mall & Downtown,Stephan,Stop 2 - US Capitol/Supreme Court/Library of Congress,-77.01217405,38.89166018,1/1/2026 12:04:15
NM_2,National Mall & Downtown,Daniel,Stop 5 -Jefferson Memorial/George Mason Monument,-77.0336039,38.88778652,1/1/2026 12:04:15
NM_3,National Mall & Downtown,Nancy,Stop 7 - Lincoln Memorial,-77.04698413,38.88712518,1/1/2026 12:04:15
NM_4,National Mall & Downtown,James,Stop 9 - Ford's Theater,-77.03267884,38.89208997,1/1/2026 12:04:15
NM_5,National Mall & Downtown,Melia,Stop 10 -White House Visitor Center,-77.02893282,38.89613813,1/1/2026 12:04:15
NM_6,National Mall & Downtown,Drew,Stop 1 - Union Station,-77.00917327,38.89503167,1/1/2026 12:04:15
VA_1,National Mall & Virginia,David,Stop 2 - US Capitol/Supreme Court/Library of Congress,-77.01217405,38.89166018,1/1/2026 12:04:15
VA_2,National Mall & Virginia,Riley,Stop 4 - WWII Memorial/Washington Monument,-77.04250348,38.87195642,1/1/2026 12:04:15
VA_3,National Mall & Virginia,Russell,Stop 4 - WWII Memorial/Washington Monument,-77.04784148,38.87586694,1/1/2026 12:04:15
VA_4,National Mall & Virginia,Phoebe,Stop 5 - National Archives/U.S. Navy Memorial,-77.03811738,38.89210568,1/1/2026 12:04:15
NC_ 1,"National Cathedral, Uptown, Georgetown",Michaela,Stop 3 - Dupont Circle,-77.03353686,38.90133896,1/1/2026 12:04:20
NC_2,"National Cathedral, Uptown, Georgetown",Cameron,Stop 7 - Georgetown/Old Stone House ,-77.0726815,38.93169562,1/1/2026 12:04:20
NC_3,"National Cathedral, Uptown, Georgetown",Stanley,Stop 8 - Washington Harbor,-77.06276039,38.90273825,1/1/2026 12:04:20
ANC_1,Arlington National Cememtery,Sam,Arlington National Cemetery,-77.05460812,38.88766336,1/1/2026 12:04:20
ANC_2,Arlington National Cememtery,Raphael,Lincoln Memorial,-77.05880399,38.88614233,1/1/2026 12:04:20
NM_1,National Mall & Downtown,Stephan,Stop 2 - US Capitol/Supreme Court/Library of Congress,-77.01217395,38.89144706,1/1/2026 12:04:20
NM_2,National Mall & Downtown,Daniel,Stop 5 -Jefferson Memorial/George Mason Monument,-77.03370533,38.88763576,1/1/2026 12:04:20
NM_3,National Mall & Downtown,Nancy,Stop 7 - Lincoln Memorial,-77.04725757,38.88713622,1/1/2026 12:04:20
NM_4,National Mall & Downtown,James,Stop 9 - Ford's Theater,-77.03240519,38.89209716,1/1/2026 12:04:20
NM_5,National Mall & Downtown,Melia,Stop 10 -White House Visitor Center,-77.02920662,38.89613775,1/1/2026 12:04:20
NM_6,National Mall & Downtown,Drew,Stop 1 - Union Station,-77.00897193,38.89517609,1/1/2026 12:04:20
VA_1,National Mall & Virginia,David,Stop 2 - US Capitol/Supreme Court/Library of Congress,-77.01217395,38.89144706,1/1/2026 12:04:20
VA_2,National Mall & Virginia,Riley,Stop 4 - WWII Memorial/Washington Monument,-77.04234197,38.87178429,1/1/2026 12:04:20
VA_3,National Mall & Virginia,Russell,Stop 4 - WWII Memorial/Washington Monument,-77.04768411,38.87599315,1/1/2026 12:04:20
VA_4,National Mall & Virginia,Phoebe,Stop 5 - National Archives/U.S. Navy Memorial,-77.03784357,38.89210519,1/1/2026 12:04:20
NC_ 1,"National Cathedral, Uptown, Georgetown",Michaela,Stop 3 - Dupont Circle,-77.03381064,38.90134204,1/1/2026 12:04:25
NC_2,"National Cathedral, Uptown, Georgetown",Cameron,Stop 7 - Georgetown/Old Stone House ,-77.07261582,38.93188139,1/1/2026 12:04:25
NC_3,"National Cathedral, Uptown, Georgetown",Stanley,Stop 8 - Washington Harbor,-77.06265359,38.90260234,1/1/2026 12:04:25
ANC_1,Arlington National Cememtery,Sam,Arlington National Cemetery,-77.05485617,38.88757312,1/1/2026 12:04:25
ANC_2,Arlington National Cememtery,Raphael,Lincoln Memorial,-77.05855564,38.88623208,1/1/2026 12:04:25
NM_1,National Mall & Downtown,Stephan,Stop 2 - US Capitol/Supreme Court/Library of Congress,-77.01217443,38.89123395,1/1/2026 12:04:25
NM_2,National Mall & Downtown,Daniel,Stop 5 -Jefferson Memorial/George Mason Monument,-77.03370523,38.88742263,1/1/2026 12:04:25
NM_3,National Mall & Downtown,Nancy,Stop 7 - Lincoln Memorial,-77.04753101,38.88714726,1/1/2026 12:04:25
NM_4,National Mall & Downtown,James,Stop 9 - Ford's Theater,-77.03213141,38.89209869,1/1/2026 12:04:25
NM_5,National Mall & Downtown,Melia,Stop 10 -White House Visitor Center,-77.02948041,38.89613501,1/1/2026 12:04:25
NM_6,National Mall & Downtown,Drew,Stop 1 - Union Station,-77.00877047,38.89532041,1/1/2026 12:04:25
VA_1,National Mall & Virginia,David,Stop 2 - US Capitol/Supreme Court/Library of Congress,-77.01217443,38.89123395,1/1/2026 12:04:25
VA_2,National Mall & Virginia,Riley,Stop 4 - WWII Memorial/Washington Monument,-77.04218046,38.87161215,1/1/2026 12:04:25
VA_3,National Mall & Virginia,Russell,Stop 4 - WWII Memorial/Washington Monument,-77.04784578,38.87616518,1/1/2026 12:04:25
VA_4,National Mall & Virginia,Phoebe,Stop 5 - National Archives/U.S. Navy Memorial,-77.03756977,38.89210476,1/1/2026 12:04:25
NC_ 1,"National Cathedral, Uptown, Georgetown",Michaela,Stop 3 - Dupont Circle,-77.03408442,38.90134369,1/1/2026 12:04:30
NC_2,"National Cathedral, Uptown, Georgetown",Cameron,Stop 7 - Georgetown/Old Stone House ,-77.07234308,38.93186841,1/1/2026 12:04:30
NC_3,"National Cathedral, Uptown, Georgetown",Stanley,Stop 8 - Washington Harbor,-77.06237984,38.90259826,1/1/2026 12:04:30
ANC_1,Arlington National Cememtery,Sam,Arlington National Cemetery,-77.05510444,38.88748325,1/1/2026 12:04:30
ANC_2,Arlington National Cememtery,Raphael,Lincoln Memorial,-77.05830721,38.88632168,1/1/2026 12:04:30
NM_1,National Mall & Downtown,Stephan,Stop 2 - US Capitol/Supreme Court/Library of Congress,-77.01217707,38.89102086,1/1/2026 12:04:30
NM_2,National Mall & Downtown,Daniel,Stop 5 -Jefferson Memorial/George Mason Monument,-77.03370513,38.8872095,1/1/2026 12:04:30
NM_3,National Mall & Downtown,Nancy,Stop 7 - Lincoln Memorial,-77.04780445,38.8871583,1/1/2026 12:04:30
NM_4,National Mall & Downtown,James,Stop 9 - Ford's Theater,-77.03185766,38.89209929,1/1/2026 12:04:30
NM_5,National Mall & Downtown,Melia,Stop 10 -White House Visitor Center,-77.02975411,38.89613048,1/1/2026 12:04:30
NM_6,National Mall & Downtown,Drew,Stop 1 - Union Station,-77.00856932,38.89546498,1/1/2026 12:04:30
VA_1,National Mall & Virginia,David,Stop 2 - US Capitol/Supreme Court/Library of Congress,-77.01217707,38.89102086,1/1/2026 12:04:30
VA_2,National Mall & Virginia,Riley,Stop 4 - WWII Memorial/Washington Monument,-77.04201895,38.87144001,1/1/2026 12:04:30
VA_3,National Mall & Virginia,Russell,Stop 4 - WWII Memorial/Washington Monument,-77.04800939,38.8763361,1/1/2026 12:04:30
VA_4,National Mall & Virginia,Phoebe,Stop 5 - National Archives/U.S. Navy Memorial,-77.03729596,38.89210454,1/1/2026 12:04:30
NC_ 1,"National Cathedral, Uptown, Georgetown",Michaela,Stop 3 - Dupont Circle,-77.03435819,38.90134672,1/1/2026 12:04:35
NC_2,"National Cathedral, Uptown, Georgetown",Cameron,Stop 7 - Georgetown/Old Stone House ,-77.07207051,38.93184817,1/1/2026 12:04:35
NC_3,"National Cathedral, Uptown, Georgetown",Stanley,Stop 8 - Washington Harbor,-77.06210606,38.90259945,1/1/2026 12:04:35
ANC_1,Arlington National Cememtery,Sam,Arlington National Cemetery,-77.05535274,38.88739341,1/1/2026 12:04:35
ANC_2,Arlington National Cememtery,Raphael,Lincoln Memorial,-77.05805893,38.88641155,1/1/2026 12:04:35
NM_1,National Mall & Downtown,Stephan,Stop 2 - US Capitol/Supreme Court/Library of Congress,-77.0121953,38.89083007,1/1/2026 12:04:35
NM_2,National Mall & Downtown,Daniel,Stop 5 -Jefferson Memorial/George Mason Monument,-77.03370503,38.88699638,1/1/2026 12:04:35
NM_3,National Mall & Downtown,Nancy,Stop 7 - Lincoln Memorial,-77.04807788,38.88716935,1/1/2026 12:04:35
NM_4,National Mall & Downtown,James,Stop 9 - Ford's Theater,-77.03158389,38.8920961,1/1/2026 12:04:35
NM_5,National Mall & Downtown,Melia,Stop 10 -White House Visitor Center,-77.0300275,38.89612021,1/1/2026 12:04:35
NM_6,National Mall & Downtown,Drew,Stop 1 - Union Station,-77.00836827,38.89560965,1/1/2026 12:04:35
VA_1,National Mall & Virginia,David,Stop 2 - US Capitol/Supreme Court/Library of Congress,-77.0121953,38.89083007,1/1/2026 12:04:35
VA_2,National Mall & Virginia,Riley,Stop 4 - WWII Memorial/Washington Monument,-77.04185744,38.87126787,1/1/2026 12:04:35
VA_3,National Mall & Virginia,Russell,Stop 4 - WWII Memorial/Washington Monument,-77.04817226,38.87650745,1/1/2026 12:04:35
VA_4,National Mall & Virginia,Phoebe,Stop 5 - National Archives/U.S. Navy Memorial,-77.03702215,38.8921044,1/1/2026 12:04:35
NC_ 1,"National Cathedral, Uptown, Georgetown",Michaela,Stop 3 - Dupont Circle,-77.03463191,38.90134408,1/1/2026 12:04:40
NC_2,"National Cathedral, Uptown, Georgetown",Cameron,Stop 7 - Georgetown/Old Stone House ,-77.07179794,38.93182793,1/1/2026 12:04:40
NC_3,"National Cathedral, Uptown, Georgetown",Stanley,Stop 8 - Washington Harbor,-77.06183225,38.90260019,1/1/2026 12:04:40
ANC_1,Arlington National Cememtery,Sam,Arlington National Cemetery,-77.05560103,38.88730357,1/1/2026 12:04:40
ANC_2,Arlington National Cememtery,Raphael,Lincoln Memorial,-77.05781086,38.88650176,1/1/2026 12:04:40
NM_1,National Mall & Downtown,Stephan,Stop 2 - US Capitol/Supreme Court/Library of Congress,-77.01205529,38.89065801,1/1/2026 12:04:40
NM_2,National Mall & Downtown,Daniel,Stop 5 -Jefferson Memorial/George Mason Monument,-77.03370493,38.88678325,1/1/2026 12:04:40
NM_3,National Mall & Downtown,Nancy,Stop 7 - Lincoln Memorial,-77.04835053,38.88718408,1/1/2026 12:04:40
NM_4,National Mall & Downtown,James,Stop 9 - Ford's Theater,-77.03131009,38.89209517,1/1/2026 12:04:40
NM_5,National Mall & Downtown,Melia,Stop 10 -White House Visitor Center,-77.03030131,38.89612108,1/1/2026 12:04:40
NM_6,National Mall & Downtown,Drew,Stop 1 - Union Station,-77.00816745,38.89575451,1/1/2026 12:04:40
VA_1,National Mall & Virginia,David,Stop 2 - US Capitol/Supreme Court/Library of Congress,-77.01205529,38.89065801,1/1/2026 12:04:40
VA_2,National Mall & Virginia,Riley,Stop 4 - WWII Memorial/Washington Monument,-77.04170969,38.87108879,1/1/2026 12:04:40
VA_3,National Mall & Virginia,Russell,Stop 4 - WWII Memorial/Washington Monument,-77.04833403,38.87667942,1/1/2026 12:04:40
VA_4,National Mall & Virginia,Phoebe,Stop 5 - National Archives/U.S. Navy Memorial,-77.03674835,38.89210436,1/1/2026 12:04:40
NC_ 1,"National Cathedral, Uptown, Georgetown",Michaela,Stop 3 - Dupont Circle,-77.03490556,38.90135136,1/1/2026 12:04:45
NC_2,"National Cathedral, Uptown, Georgetown",Cameron,Stop 7 - Georgetown/Old Stone House ,-77.07152548,38.93180689,1/1/2026 12:04:45
NC_3,"National Cathedral, Uptown, Georgetown",Stanley,Stop 8 - Washington Harbor,-77.06155845,38.9026007,1/1/2026 12:04:45
ANC_1,Arlington National Cememtery,Sam,Arlington National Cemetery,-77.05584931,38.88721372,1/1/2026 12:04:45
ANC_2,Arlington National Cememtery,Raphael,Lincoln Memorial,-77.0575628,38.88659199,1/1/2026 12:04:45
NM_1,National Mall & Downtown,Stephan,Stop 3 - Air & Space Museum/National Museum of the American Indian,-77.01216138,38.89047037,1/1/2026 12:04:45
NM_2,National Mall & Downtown,Daniel,Stop 5 -Jefferson Memorial/George Mason Monument,-77.0337023,38.88657014,1/1/2026 12:04:45
NM_3,National Mall & Downtown,Nancy,Stop 7 - Lincoln Memorial,-77.04833989,38.88735652,1/1/2026 12:04:45
NM_4,National Mall & Downtown,James,Stop 9 - Ford's Theater,-77.03103628,38.89209588,1/1/2026 12:04:45
NM_5,National Mall & Downtown,Melia,Stop 10 -White House Visitor Center,-77.03057511,38.89612173,1/1/2026 12:04:45
NM_6,National Mall & Downtown,Drew,Stop 1 - Union Station,-77.00796516,38.89589811,1/1/2026 12:04:45
VA_1,National Mall & Virginia,David,Stop 3 - Air & Space Museum/National Museum of the American Indian,-77.01216138,38.89047037,1/1/2026 12:04:45
VA_2,National Mall & Virginia,Riley,Stop 4 - WWII Memorial/Washington Monument,-77.04155226,38.87091482,1/1/2026 12:04:45
VA_3,National Mall & Virginia,Russell,Stop 4 - WWII Memorial/Washington Monument,-77.0484947,38.87685202,1/1/2026 12:04:45
VA_4,National Mall & Virginia,Phoebe,Stop 5 - National Archives/U.S. Navy Memorial,-77.03647454,38.89210419,1/1/2026 12:04:45
NC_ 1,"National Cathedral, Uptown, Georgetown",Michaela,Stop 3 - Dupont Circle,-77.03517924,38.90135772,1/1/2026 12:04:50
NC_2,"National Cathedral, Uptown, Georgetown",Cameron,Stop 7 - Georgetown/Old Stone House ,-77.0712532,38.93178441,1/1/2026 12:04:50
NC_3,"National Cathedral, Uptown, Georgetown",Stanley,Stop 8 - Washington Harbor,-77.06128464,38.90260122,1/1/2026 12:04:50
ANC_1,Arlington National Cememtery,Sam,Arlington National Cemetery,-77.05609757,38.88712383,1/1/2026 12:04:50
ANC_2,Arlington National Cememtery,Raphael,Lincoln Memorial,-77.05731468,38.88668211,1/1/2026 12:04:50
NM_1,National Mall & Downtown,Stephan,Stop 3 - Air & Space Museum/National Museum of the American Indian,-77.01241889,38.89043296,1/1/2026 12:04:50
NM_2,National Mall & Downtown,Daniel,Stop 5 -Jefferson Memorial/George Mason Monument,-77.0336984,38.88635703,1/1/2026 12:04:50
NM_3,National Mall & Downtown,Nancy,Stop 7 - Lincoln Memorial,-77.04849241,38.88752966,1/1/2026 12:04:50
NM_4,National Mall & Downtown,James,Stop 9 - Ford's Theater,-77.03076248,38.89209613,1/1/2026 12:04:50
NM_5,National Mall & Downtown,Melia,Stop 10 -White House Visitor Center,-77.03084892,38.89612211,1/1/2026 12:04:50
NM_6,National Mall & Downtown,Drew,Stop 1 - Union Station,-77.00776136,38.89604042,1/1/2026 12:04:50
VA_1,National Mall & Virginia,David,Stop 3 - Air & Space Museum/National Museum of the American Indian,-77.01240618,38.89041259,1/1/2026 12:04:50
VA_2,National Mall & Virginia,Riley,Stop 4 - WWII Memorial/Washington Monument,-77.04138658,38.8707451,1/1/2026 12:04:50
VA_3,National Mall & Virginia,Russell,Stop 4 - WWII Memorial/Washington Monument,-77.04865534,38.87702463,1/1/2026 12:04:50
VA_4,National Mall & Virginia,Phoebe,Stop 5 - National Archives/U.S. Navy Memorial,-77.03620073,38.89210385,1/1/2026 12:04:50
NC_ 1,"National Cathedral, Uptown, Georgetown",Michaela,Stop 3 - Dupont Circle,-77.035453,38.90136173,1/1/2026 12:04:55
NC_2,"National Cathedral, Uptown, Georgetown",Cameron,Stop 7 - Georgetown/Old Stone House ,-77.07098016,38.93176853,1/1/2026 12:04:55
NC_3,"National Cathedral, Uptown, Georgetown",Stanley,Stop 8 - Washington Harbor,-77.06101083,38.90260156,1/1/2026 12:04:55
ANC_1,Arlington National Cememtery,Sam,Arlington National Cemetery,-77.05634581,38.8870339,1/1/2026 12:04:55
ANC_2,Arlington National Cememtery,Raphael,Lincoln Memorial,-77.05706673,38.88677253,1/1/2026 12:04:55
NM_1,National Mall & Downtown,Stephan,Stop 3 - Air & Space Museum/National Museum of the American Indian,-77.01258912,38.89058772,1/1/2026 12:04:55
NM_2,National Mall & Downtown,Daniel,Stop 5 -Jefferson Memorial/George Mason Monument,-77.0336945,38.88614392,1/1/2026 12:04:55
NM_3,National Mall & Downtown,Nancy,Stop 7 - Lincoln Memorial,-77.0486549,38.8877011,1/1/2026 12:04:55
NM_4,National Mall & Downtown,James,Stop 9 - Ford's Theater,-77.03048867,38.89209636,1/1/2026 12:04:55
NM_5,National Mall & Downtown,Melia,Stop 10 -White House Visitor Center,-77.03112271,38.8961206,1/1/2026 12:04:55
NM_6,National Mall & Downtown,Drew,Stop 1 - Union Station,-77.00755756,38.89618274,1/1/2026 12:04:55
VA_1,National Mall & Virginia,David,Stop 3 - Air & Space Museum/National Museum of the American Indian,-77.01246758,38.89020508,1/1/2026 12:04:55
VA_2,National Mall & Virginia,Riley,Stop 4 - WWII Memorial/Washington Monument,-77.04122459,38.87057334,1/1/2026 12:04:55
VA_3,National Mall & Virginia,Russell,Stop 4 - WWII Memorial/Washington Monument,-77.04881829,38.87719594,1/1/2026 12:04:55
VA_4,National Mall & Virginia,Phoebe,Stop 5 - National Archives/U.S. Navy Memorial,-77.03592693,38.89210308,1/1/2026 12:04:55
NC_ 1,"National Cathedral, Uptown, Georgetown",Michaela,Stop 3 - Dupont Circle,-77.03572678,38.90136454,1/1/2026 12:05:00
NC_2,"National Cathedral, Uptown, Georgetown",Cameron,Stop 7 - Georgetown/Old Stone House ,-77.07070762,38.93174805,1/1/2026 12:05:00
NC_3,"National Cathedral, Uptown, Georgetown",Stanley,Stop 8 - Washington Harbor,-77.06073703,38.90260171,1/1/2026 12:05:00
ANC_1,Arlington National Cememtery,Sam,Arlington National Cemetery,-77.05659403,38.88694393,1/1/2026 12:05:00
ANC_2,Arlington National Cememtery,Raphael,Lincoln Memorial,-77.05681853,38.88686252,1/1/2026 12:05:00
NM_1,National Mall & Downtown,Stephan,Stop 3 - Air & Space Museum/National Museum of the American Indian,-77.01251646,38.89078485,1/1/2026 12:05:00
NM_2,National Mall & Downtown,Daniel,Stop 5 -Jefferson Memorial/George Mason Monument,-77.03369137,38.88593081,1/1/2026 12:05:00
NM_3,National Mall & Downtown,Nancy,Stop 8 - WWII Memorial & Washington Monument,-77.04881529,38.88787383,1/1/2026 12:05:00
NM_4,National Mall & Downtown,James,Stop 9 - Ford's Theater,-77.03021487,38.89209606,1/1/2026 12:05:00
NM_5,National Mall & Downtown,Melia,Stop 10 -White House Visitor Center,-77.03139647,38.89611673,1/1/2026 12:05:00
NM_6,National Mall & Downtown,Drew,Stop 1 - Union Station,-77.00737396,38.8961957,1/1/2026 12:05:00
VA_1,National Mall & Virginia,David,Stop 3 - Air & Space Museum/National Museum of the American Indian,-77.01250252,38.88999377,1/1/2026 12:05:00
VA_2,National Mall & Virginia,Riley,Stop 4 - WWII Memorial/Washington Monument,-77.04107367,38.87039548,1/1/2026 12:05:00
VA_3,National Mall & Virginia,Russell,Stop 4 - WWII Memorial/Washington Monument,-77.0489814,38.87736714,1/1/2026 12:05:00
VA_4,National Mall & Virginia,Phoebe,Stop 5 - National Archives/U.S. Navy Memorial,-77.03565313,38.89210176,1/1/2026 12:05:00
NC_ 1,"National Cathedral, Uptown, Georgetown",Michaela,Stop 3 - Dupont Circle,-77.03599968,38.9013539,1/1/2026 12:05:05
NC_2,"National Cathedral, Uptown, Georgetown",Cameron,Stop 7 - Georgetown/Old Stone House ,-77.07043509,38.93172751,1/1/2026 12:05:05
NC_3,"National Cathedral, Uptown, Georgetown",Stanley,Stop 8 - Washington Harbor,-77.06046322,38.90260185,1/1/2026 12:05:05
ANC_1,Arlington National Cememtery,Sam,Arlington National Cemetery,-77.05684223,38.88685393,1/1/2026 12:05:05
ANC_2,Arlington National Cememtery,Raphael,Lincoln Memorial,-77.05657034,38.88695252,1/1/2026 12:05:05
NM_1,National Mall & Downtown,Stephan,Stop 3 - Air & Space Museum/National Museum of the American Indian,-77.01226736,38.89085117,1/1/2026 12:05:05
NM_2,National Mall & Downtown,Daniel,Stop 5 -Jefferson Memorial/George Mason Monument,-77.03369071,38.88571768,1/1/2026 12:05:05
NM_3,National Mall & Downtown,Nancy,Stop 8 - WWII Memorial & Washington Monument,-77.04897763,38.88804545,1/1/2026 12:05:05
NM_4,National Mall & Downtown,James,Stop 9 - Ford's Theater,-77.02994106,38.89209503,1/1/2026 12:05:05
NM_5,National Mall & Downtown,Melia,Stop 10 -White House Visitor Center,-77.03167026,38.89611429,1/1/2026 12:05:05
NM_6,National Mall & Downtown,Drew,Stop 1 - Union Station,-77.00716513,38.89605845,1/1/2026 12:05:05
VA_1,National Mall & Virginia,David,Stop 3 - Air & Space Museum/National Museum of the American Indian,-77.01251517,38.88978105,1/1/2026 12:05:05
VA_2,National Mall & Virginia,Riley,Stop 4 - WWII Memorial/Washington Monument,-77.04092275,38.87021761,1/1/2026 12:05:05
VA_3,National Mall & Virginia,Russell,Stop 4 - WWII Memorial/Washington Monument,-77.04914492,38.87753811,1/1/2026 12:05:05
VA_4,National Mall & Virginia,Phoebe,Stop 5 - National Archives/U.S. Navy Memorial,-77.03537932,38.892101,1/1/2026 12:05:05
NC_ 1,"National Cathedral, Uptown, Georgetown",Michaela,Stop 3 - Dupont Circle,-77.03627346,38.90135189,1/1/2026 12:05:10
NC_2,"National Cathedral, Uptown, Georgetown",Cameron,Stop 7 - Georgetown/Old Stone House ,-77.07016257,38.93170692,1/1/2026 12:05:10
NC_3,"National Cathedral, Uptown, Georgetown",Stanley,Stop 8 - Washington Harbor,-77.06018941,38.90260199,1/1/2026 12:05:10
ANC_1,Arlington National Cememtery,Sam,Arlington National Cemetery,-77.05709042,38.88676394,1/1/2026 12:05:10
ANC_2,Arlington National Cememtery,Raphael,Lincoln Memorial,-77.05632212,38.88704248,1/1/2026 12:05:10
NM_1,National Mall & Downtown,Stephan,Stop 3 - Air & Space Museum/National Museum of the American Indian,-77.01217715,38.8910184,1/1/2026 12:05:10
NM_2,National Mall & Downtown,Daniel,Stop 5 -Jefferson Memorial/George Mason Monument,-77.03369005,38.88550455,1/1/2026 12:05:10
NM_3,National Mall & Downtown,Nancy,Stop 8 - WWII Memorial & Washington Monument,-77.04913943,38.88821738,1/1/2026 12:05:10
NM_4,National Mall & Downtown,James,Stop 9 - Ford's Theater,-77.02966726,38.89209379,1/1/2026 12:05:10
NM_5,National Mall & Downtown,Melia,Stop 10 -White House Visitor Center,-77.03194405,38.89611243,1/1/2026 12:05:10
NM_6,National Mall & Downtown,Drew,Stop 1 - Union Station,-77.00692424,38.89595949,1/1/2026 12:05:10
VA_1,National Mall & Virginia,David,Stop 3 - Air & Space Museum/National Museum of the American Indian,-77.01249528,38.88956855,1/1/2026 12:05:10
VA_2,National Mall & Virginia,Riley,Stop 4 - WWII Memorial/Washington Monument,-77.04077183,38.87003973,1/1/2026 12:05:10
VA_3,National Mall & Virginia,Russell,Stop 4 - WWII Memorial/Washington Monument,-77.04931058,38.87770782,1/1/2026 12:05:10
VA_4,National Mall & Virginia,Phoebe,Stop 5 - National Archives/U.S. Navy Memorial,-77.03510552,38.89210108,1/1/2026 12:05:10
NC_ 1,"National Cathedral, Uptown, Georgetown",Michaela,Stop 3 - Dupont Circle,-77.03654727,38.90135203,1/1/2026 12:05:15
NC_2,"National Cathedral, Uptown, Georgetown",Cameron,Stop 7 - Georgetown/Old Stone House ,-77.06989005,38.93168625,1/1/2026 12:05:15
NC_3,"National Cathedral, Uptown, Georgetown",Stanley,Stop 9 - White House,-77.05991561,38.90260131,1/1/2026 12:05:15
ANC_1,Arlington National Cememtery,Sam,Arlington National Cemetery,-77.05733834,38.88667347,1/1/2026 12:05:15
ANC_2,Arlington National Cememtery,Raphael,Lincoln Memorial,-77.05607388,38.88713242,1/1/2026 12:05:15
NM_1,National Mall & Downtown,Stephan,Stop 3 - Air & Space Museum/National Museum of the American Indian,-77.01217444,38.89123149,1/1/2026 12:05:15
NM_2,National Mall & Downtown,Daniel,Stop 5 -Jefferson Memorial/George Mason Monument,-77.03369118,38.88529142,1/1/2026 12:05:15
NM_3,National Mall & Downtown,Nancy,Stop 8 - WWII Memorial & Washington Monument,-77.04930641,38.88838623,1/1/2026 12:05:15
NM_4,National Mall & Downtown,James,Stop 9 - Ford's Theater,-77.02939345,38.89209401,1/1/2026 12:05:15
NM_5,National Mall & Downtown,Melia,Stop 10 -White House Visitor Center,-77.03220934,38.89616208,1/1/2026 12:05:15
NM_6,National Mall & Downtown,Drew,Stop 1 - Union Station,-77.00665725,38.89591489,1/1/2026 12:05:15
VA_1,National Mall & Virginia,David,Stop 3 - Air & Space Museum/National Museum of the American Indian,-77.01244355,38.88935946,1/1/2026 12:05:15
VA_2,National Mall & Virginia,Riley,Stop 4 - WWII Memorial/Washington Monument,-77.04063117,38.86985704,1/1/2026 12:05:15
VA_3,National Mall & Virginia,Russell,Stop 4 - WWII Memorial/Washington Monument,-77.04947548,38.87787799,1/1/2026 12:05:15
VA_4,National Mall & Virginia,Phoebe,Stop 5 - National Archives/U.S. Navy Memorial,-77.03483171,38.89210116,1/1/2026 12:05:15
NC_ 1,"National Cathedral, Uptown, Georgetown",Michaela,Stop 3 - Dupont Circle,-77.03682107,38.90135123,1/1/2026 12:05:20
NC_2,"National Cathedral, Uptown, Georgetown",Cameron,Stop 7 - Georgetown/Old Stone House ,-77.06961753,38.93166566,1/1/2026 12:05:20
NC_3,"National Cathedral, Uptown, Georgetown",Stanley,Stop 9 - White House,-77.0596418,38.90260034,1/1/2026 12:05:20
ANC_1,Arlington National Cememtery,Sam,Arlington National Cemetery,-77.05758648,38.88658337,1/1/2026 12:05:20
ANC_2,Arlington National Cememtery,Raphael,Lincoln Memorial,-77.05582561,38.8872223,1/1/2026 12:05:20
NM_1,National Mall & Downtown,Stephan,Stop 3 - Air & Space Museum/National Museum of the American Indian,-77.01217396,38.8914446,1/1/2026 12:05:20
NM_2,National Mall & Downtown,Daniel,Stop 5 -Jefferson Memorial/George Mason Monument,-77.03369367,38.88507829,1/1/2026 12:05:20
NM_3,National Mall & Downtown,Nancy,Stop 8 - WWII Memorial & Washington Monument,-77.04949298,38.88846056,1/1/2026 12:05:20
NM_4,National Mall & Downtown,James,Stop 9 - Ford's Theater,-77.02911965,38.89209423,1/1/2026 12:05:20
NM_5,National Mall & Downtown,Melia,Stop 10 -White House Visitor Center,-77.03246521,38.89623793,1/1/2026 12:05:20
NM_6,National Mall & Downtown,Drew,Stop 1 - Union Station,-77.0063842,38.89590133,1/1/2026 12:05:20
VA_1,National Mall & Virginia,David,Stop 3 - Air & Space Museum/National Museum of the American Indian,-77.01232283,38.88921476,1/1/2026 12:05:20
VA_2,National Mall & Virginia,Riley,Stop 4 - WWII Memorial/Washington Monument,-77.0404993,38.86967021,1/1/2026 12:05:20
VA_3,National Mall & Virginia,Russell,Stop 4 - WWII Memorial/Washington Monument,-77.04964134,38.87804759,1/1/2026 12:05:20
VA_4,National Mall & Virginia,Phoebe,Stop 5 - National Archives/U.S. Navy Memorial,-77.0345579,38.89210124,1/1/2026 12:05:20
NC_ 1,"National Cathedral, Uptown, Georgetown",Michaela,Stop 3 - Dupont Circle,-77.03709488,38.90135027,1/1/2026 12:05:25
NC_2,"National Cathedral, Uptown, Georgetown",Cameron,Stop 7 - Georgetown/Old Stone House ,-77.06934465,38.93164811,1/1/2026 12:05:25
NC_3,"National Cathedral, Uptown, Georgetown",Stanley,Stop 9 - White House,-77.05936811,38.90259471,1/1/2026 12:05:25
ANC_1,Arlington National Cememtery,Sam,Arlington National Cemetery,-77.05783454,38.88649315,1/1/2026 12:05:25
ANC_2,Arlington National Cememtery,Raphael,Lincoln Memorial,-77.05557733,38.88731214,1/1/2026 12:05:25
NM_1,National Mall & Downtown,Stephan,Stop 3 - Air & Space Museum/National Museum of the American Indian,-77.01217404,38.89165771,1/1/2026 12:05:25
NM_2,National Mall & Downtown,Daniel,Stop 5 -Jefferson Memorial/George Mason Monument,-77.03369814,38.88486528,1/1/2026 12:05:25
NM_3,National Mall & Downtown,Nancy,Stop 8 - WWII Memorial & Washington Monument,-77.04974193,38.88837351,1/1/2026 12:05:25
NM_4,National Mall & Downtown,James,Stop 9 - Ford's Theater,-77.02884585,38.8920929,1/1/2026 12:05:25
NM_5,National Mall & Downtown,Melia,Stop 10 -White House Visitor Center,-77.03272325,38.89630919,1/1/2026 12:05:25
NM_6,National Mall & Downtown,Drew,Stop 1 - Union Station,-77.00611408,38.89593274,1/1/2026 12:05:25
VA_1,National Mall & Virginia,David,Stop 3 - Air & Space Museum/National Museum of the American Indian,-77.01208663,38.88912203,1/1/2026 12:05:25
VA_2,National Mall & Virginia,Riley,Stop 4 - WWII Memorial/Washington Monument,-77.04038749,38.86947592,1/1/2026 12:05:25
VA_3,National Mall & Virginia,Russell,Stop 4 - WWII Memorial/Washington Monument,-77.04981434,38.8782128,1/1/2026 12:05:25
VA_4,National Mall & Virginia,Phoebe,Stop 5 - National Archives/U.S. Navy Memorial,-77.0342841,38.89210114,1/1/2026 12:05:25
NC_ 1,"National Cathedral, Uptown, Georgetown",Michaela,Stop 3 - Dupont Circle,-77.03736864,38.90134648,1/1/2026 12:05:30
NC_2,"National Cathedral, Uptown, Georgetown",Cameron,Stop 7 - Georgetown/Old Stone House ,-77.06907158,38.93163272,1/1/2026 12:05:30
NC_3,"National Cathedral, Uptown, Georgetown",Stanley,Stop 9 - White House,-77.05909566,38.9025745,1/1/2026 12:05:30
ANC_1,Arlington National Cememtery,Sam,Arlington National Cemetery,-77.05808261,38.88640294,1/1/2026 12:05:30
ANC_2,Arlington National Cememtery,Raphael,Lincoln Memorial,-77.05532904,38.88740199,1/1/2026 12:05:30
NM_1,National Mall & Downtown,Stephan,Stop 3 - Air & Space Museum/National Museum of the American Indian,-77.01217487,38.89187083,1/1/2026 12:05:30
NM_2,National Mall & Downtown,Daniel,Stop 5 -Jefferson Memorial/George Mason Monument,-77.03372665,38.88465343,1/1/2026 12:05:30
NM_3,National Mall & Downtown,Nancy,Stop 8 - WWII Memorial & Washington Monument,-77.05000809,38.88832451,1/1/2026 12:05:30
NM_4,National Mall & Downtown,James,Stop 9 - Ford's Theater,-77.02857204,38.89209237,1/1/2026 12:05:30
NM_5,National Mall & Downtown,Melia,Stop 10 -White House Visitor Center,-77.032984,38.89637378,1/1/2026 12:05:30
NM_6,National Mall & Downtown,Drew,Stop 1 - Union Station,-77.00585034,38.89599,1/1/2026 12:05:30
VA_1,National Mall & Virginia,David,Stop 3 - Air & Space Museum/National Museum of the American Indian,-77.01203928,38.88892039,1/1/2026 12:05:30
VA_2,National Mall & Virginia,Riley,Stop 4 - WWII Memorial/Washington Monument,-77.0402835,38.86927871,1/1/2026 12:05:30
VA_3,National Mall & Virginia,Russell,Stop 4 - WWII Memorial/Washington Monument,-77.04998968,38.87837651,1/1/2026 12:05:30
VA_4,National Mall & Virginia,Phoebe,Stop 5 - National Archives/U.S. Navy Memorial,-77.03401029,38.8921009,1/1/2026 12:05:30
NC_ 1,"National Cathedral, Uptown, Georgetown",Michaela,Stop 3 - Dupont Circle,-77.03764242,38.90134428,1/1/2026 12:05:35
NC_2,"National Cathedral, Uptown, Georgetown",Cameron,Stop 7 - Georgetown/Old Stone House ,-77.06879809,38.93162357,1/1/2026 12:05:35
NC_3,"National Cathedral, Uptown, Georgetown",Stanley,Stop 9 - White House,-77.05882194,38.9025691,1/1/2026 12:05:35
ANC_1,Arlington National Cememtery,Sam,Arlington National Cemetery,-77.05833092,38.88631313,1/1/2026 12:05:35
ANC_2,Arlington National Cememtery,Raphael,Lincoln Memorial,-77.05508075,38.88749183,1/1/2026 12:05:35
NM_1,National Mall & Downtown,Stephan,Stop 3 - Air & Space Museum/National Museum of the American Indian,-77.01217569,38.89208394,1/1/2026 12:05:35
NM_2,National Mall & Downtown,Daniel,Stop 5 -Jefferson Memorial/George Mason Monument,-77.03361452,38.88447543,1/1/2026 12:05:35
NM_3,National Mall & Downtown,Nancy,Stop 8 - WWII Memorial & Washington Monument,-77.0501788,38.88823482,1/1/2026 12:05:35
NM_4,National Mall & Downtown,James,Stop 9 - Ford's Theater,-77.02829824,38.89209283,1/1/2026 12:05:35
NM_5,National Mall & Downtown,Melia,Stop 10 -White House Visitor Center,-77.03325401,38.89640224,1/1/2026 12:05:35
NM_6,National Mall & Downtown,Drew,Stop 1 - Union Station,-77.00558947,38.89605469,1/1/2026 12:05:35
VA_1,National Mall & Virginia,David,Stop 3 - Air & Space Museum/National Museum of the American Indian,-77.01218934,38.8887588,1/1/2026 12:05:35
VA_2,National Mall & Virginia,Riley,Stop 4 - WWII Memorial/Washington Monument,-77.04017952,38.8690815,1/1/2026 12:05:35
VA_3,National Mall & Virginia,Russell,Stop 4 - WWII Memorial/Washington Monument,-77.05016838,38.878538,1/1/2026 12:05:35
VA_4,National Mall & Virginia,Phoebe,Stop 5 - National Archives/U.S. Navy Memorial,-77.03373651,38.89209849,1/1/2026 12:05:35
NC_ 1,"National Cathedral, Uptown, Georgetown",Michaela,Stop 3 - Dupont Circle,-77.03791622,38.90134482,1/1/2026 12:05:40
NC_2,"National Cathedral, Uptown, Georgetown",Cameron,Stop 7 - Georgetown/Old Stone House ,-77.06852459,38.93161355,1/1/2026 12:05:40
NC_3,"National Cathedral, Uptown, Georgetown",Stanley,Stop 9 - White House,-77.05854819,38.90256477,1/1/2026 12:05:40
ANC_1,Arlington National Cememtery,Sam,Arlington National Cemetery,-77.05857933,38.88622349,1/1/2026 12:05:40
ANC_2,Arlington National Cememtery,Raphael,Lincoln Memorial,-77.05483249,38.88758173,1/1/2026 12:05:40
NM_1,National Mall & Downtown,Stephan,Stop 3 - Air & Space Museum/National Museum of the American Indian,-77.01217159,38.89229702,1/1/2026 12:05:40
NM_2,National Mall & Downtown,Daniel,Stop 5 -Jefferson Memorial/George Mason Monument,-77.03341827,38.88432682,1/1/2026 12:05:40
NM_3,National Mall & Downtown,Nancy,Stop 8 - WWII Memorial & Washington Monument,-77.05017882,38.8880217,1/1/2026 12:05:40
NM_4,National Mall & Downtown,James,Stop 9 - Ford's Theater,-77.02802443,38.89209311,1/1/2026 12:05:40
NM_5,National Mall & Downtown,Melia,Stop 10 -White House Visitor Center,-77.03352766,38.89640555,1/1/2026 12:05:40
NM_6,National Mall & Downtown,Drew,Stop 1 - Union Station,-77.00535934,38.89616685,1/1/2026 12:05:40
VA_1,National Mall & Virginia,David,Stop 3 - Air & Space Museum/National Museum of the American Indian,-77.01217123,38.88854657,1/1/2026 12:05:40
VA_2,National Mall & Virginia,Riley,Stop 4 - WWII Memorial/Washington Monument,-77.04010992,38.86887546,1/1/2026 12:05:40
VA_3,National Mall & Virginia,Russell,Stop 4 - WWII Memorial/Washington Monument,-77.05035021,38.87869736,1/1/2026 12:05:40
VA_4,National Mall & Virginia,Phoebe,Stop 5 - National Archives/U.S. Navy Memorial,-77.03364552,38.892247,1/1/2026 12:05:40
NC_ 1,"National Cathedral, Uptown, Georgetown",Michaela,Stop 3 - Dupont Circle,-77.03819002,38.90134653,1/1/2026 12:05:45
NC_2,"National Cathedral, Uptown, Georgetown",Cameron,Stop 7 - Georgetown/Old Stone House ,-77.06825105,38.93160413,1/1/2026 12:05:45
NC_3,"National Cathedral, Uptown, Georgetown",Stanley,Stop 9 - White House,-77.05827444,38.90256054,1/1/2026 12:05:45
ANC_1,Arlington National Cememtery,Sam,Arlington National Cemetery,-77.05882774,38.88613384,1/1/2026 12:05:45
ANC_2,Arlington National Cememtery,Raphael,Lincoln Memorial,-77.05458444,38.88767197,1/1/2026 12:05:45
NM_1,National Mall & Downtown,Stephan,Stop 3 - Air & Space Museum/National Museum of the American Indian,-77.01216925,38.89251011,1/1/2026 12:05:45
NM_2,National Mall & Downtown,Daniel,Stop 5 -Jefferson Memorial/George Mason Monument,-77.0332155,38.88418362,1/1/2026 12:05:45
NM_3,National Mall & Downtown,Nancy,Stop 8 - WWII Memorial & Washington Monument,-77.05017885,38.88780857,1/1/2026 12:05:45
NM_4,National Mall & Downtown,James,Stop 9 - Ford's Theater,-77.02775063,38.89209159,1/1/2026 12:05:45
NM_5,National Mall & Downtown,Melia,Stop 11 - National Archives/U.S. Navy Memorial,-77.03365279,38.89629372,1/1/2026 12:05:45
NM_6,National Mall & Downtown,Drew,Stop 1 - Union Station,-77.00519068,38.89633281,1/1/2026 12:05:45
VA_1,National Mall & Virginia,David,Stop 3 - Air & Space Museum/National Museum of the American Indian,-77.01216987,38.88833345,1/1/2026 12:05:45
VA_2,National Mall & Virginia,Riley,Stop 4 - WWII Memorial/Washington Monument,-77.04004591,38.86866828,1/1/2026 12:05:45
VA_3,National Mall & Virginia,Russell,Stop 4 - WWII Memorial/Washington Monument,-77.05053324,38.87885589,1/1/2026 12:05:45
VA_4,National Mall & Virginia,Phoebe,Stop 5 - National Archives/U.S. Navy Memorial,-77.03363885,38.89246002,1/1/2026 12:05:45
NC_ 1,"National Cathedral, Uptown, Georgetown",Michaela,Stop 3 - Dupont Circle,-77.03846374,38.90135076,1/1/2026 12:05:50
NC_2,"National Cathedral, Uptown, Georgetown",Cameron,Stop 7 - Georgetown/Old Stone House ,-77.06797751,38.9315948,1/1/2026 12:05:50
NC_3,"National Cathedral, Uptown, Georgetown",Stanley,Stop 9 - White House,-77.05800068,38.9025563,1/1/2026 12:05:50
ANC_1,Arlington National Cememtery,Sam,Arlington National Cemetery,-77.05909152,38.88608284,1/1/2026 12:05:50
ANC_2,Arlington National Cememtery,Raphael,Lincoln Memorial,-77.05433641,38.88776225,1/1/2026 12:05:50
NM_1,National Mall & Downtown,Stephan,Stop 3 - Air & Space Museum/National Museum of the American Indian,-77.01217163,38.89272322,1/1/2026 12:05:50
NM_2,National Mall & Downtown,Daniel,Stop 5 -Jefferson Memorial/George Mason Monument,-77.03300589,38.88404651,1/1/2026 12:05:50
NM_3,National Mall & Downtown,Nancy,Stop 8 - WWII Memorial & Washington Monument,-77.05017887,38.88759545,1/1/2026 12:05:50
NM_4,National Mall & Downtown,James,Stop 9 - Ford's Theater,-77.02747682,38.89209144,1/1/2026 12:05:50
NM_5,National Mall & Downtown,Melia,Stop 11 - National Archives/U.S. Navy Memorial,-77.03365128,38.89608063,1/1/2026 12:05:50
NM_6,National Mall & Downtown,Drew,Stop 1 - Union Station,-77.00514743,38.8965286,1/1/2026 12:05:50
VA_1,National Mall & Virginia,David,Stop 3 - Air & Space Museum/National Museum of the American Indian,-77.01216862,38.88812033,1/1/2026 12:05:50
VA_2,National Mall & Virginia,Riley,Stop 4 - WWII Memorial/Washington Monument,-77.04000045,38.86845805,1/1/2026 12:05:50
VA_3,National Mall & Virginia,Russell,Stop 4 - WWII Memorial/Washington Monument,-77.05072141,38.87901073,1/1/2026 12:05:50
VA_4,National Mall & Virginia,Phoebe,Stop 5 - National Archives/U.S. Navy Memorial,-77.03363797,38.89267313,1/1/2026 12:05:50
NC_ 1,"National Cathedral, Uptown, Georgetown",Michaela,Stop 3 - Dupont Circle,-77.0387375,38.9013524,1/1/2026 12:05:55
NC_2,"National Cathedral, Uptown, Georgetown",Cameron,Stop 7 - Georgetown/Old Stone House ,-77.06770396,38.93158548,1/1/2026 12:05:55
NC_3,"National Cathedral, Uptown, Georgetown",Stanley,Stop 9 - White House,-77.05772693,38.90255207,1/1/2026 12:05:55
ANC_1,Arlington National Cememtery,Sam,Arlington National Cemetery,-77.05936249,38.88606626,1/1/2026 12:05:55
ANC_2,Arlington National Cememtery,Raphael,Lincoln Memorial,-77.05408847,38.88785267,1/1/2026 12:05:55
NM_1,National Mall & Downtown,Stephan,Stop 3 - Air & Space Museum/National Museum of the American Indian,-77.01223848,38.89281766,1/1/2026 12:05:55
NM_2,National Mall & Downtown,Daniel,Stop 5 -Jefferson Memorial/George Mason Monument,-77.03289639,38.88386374,1/1/2026 12:05:55
NM_3,National Mall & Downtown,Nancy,Stop 8 - WWII Memorial & Washington Monument,-77.0501789,38.88738232,1/1/2026 12:05:55
NM_4,National Mall & Downtown,James,Stop 9 - Ford's Theater,-77.02720302,38.89209107,1/1/2026 12:05:55
NM_5,National Mall & Downtown,Melia,Stop 11 - National Archives/U.S. Navy Memorial,-77.0336495,38.89586753,1/1/2026 12:05:55
NM_6,National Mall & Downtown,Drew,Stop 1 - Union Station,-77.00537804,38.89663174,1/1/2026 12:05:55
VA_1,National Mall & Virginia,David,Stop 3 - Air & Space Museum/National Museum of the American Indian,-77.01216738,38.88790721,1/1/2026 12:05:55
VA_2,National Mall & Virginia,Riley,Stop 4 - WWII Memorial/Washington Monument,-77.03996606,38.86824685,1/1/2026 12:05:55
VA_3,National Mall & Virginia,Russell,Stop 4 - WWII Memorial/Washington Monument,-77.05091308,38.87916295,1/1/2026 12:05:55
VA_4,National Mall & Virginia,Phoebe,Stop 5 - National Archives/U.S. Navy Memorial,-77.03363771,38.89288624,1/1/2026 12:05:55
NC_ 1,"National Cathedral, Uptown, Georgetown",Michaela,Stop 3 - Dupont Circle,-77.0390113,38.90135129,1/1/2026 12:06:00
NC_2,"National Cathedral, Uptown, Georgetown",Cameron,Stop 7 - Georgetown/Old Stone House ,-77.06743032,38.93157839,1/1/2026 12:06:00
NC_3,"National Cathedral, Uptown, Georgetown",Stanley,Stop 9 - White House,-77.05745318,38.90254783,1/1/2026 12:06:00
ANC_1,Arlington National Cememtery,Sam,Arlington National Cemetery,-77.05962137,38.88613197,1/1/2026 12:06:00
ANC_2,Arlington National Cememtery,Raphael,Lincoln Memorial,-77.05384053,38.8879431,1/1/2026 12:06:00
NM_1,National Mall & Downtown,Stephan,Stop 3 - Air & Space Museum/National Museum of the American Indian,-77.01243682,38.89267074,1/1/2026 12:06:00
NM_2,National Mall & Downtown,Daniel,Stop 5 -Jefferson Memorial/George Mason Monument,-77.03284272,38.88365475,1/1/2026 12:06:00
NM_3,National Mall & Downtown,Nancy,Stop 8 - WWII Memorial & Washington Monument,-77.05017892,38.88716919,1/1/2026 12:06:00
NM_4,National Mall & Downtown,James,Stop 9 - Ford's Theater,-77.02692921,38.89209088,1/1/2026 12:06:00
NM_5,National Mall & Downtown,Melia,Stop 11 - National Archives/U.S. Navy Memorial,-77.0336478,38.89565443,1/1/2026 12:06:00
NM_6,National Mall & Downtown,Drew,Stop 1 - Union Station,-77.00563004,38.89671139,1/1/2026 12:06:00
VA_1,National Mall & Virginia,David,Stop 3 - Air & Space Museum/National Museum of the American Indian,-77.01215923,38.88769419,1/1/2026 12:06:00
VA_2,National Mall & Virginia,Riley,Stop 4 - WWII Memorial/Washington Monument,-77.03994969,38.86803404,1/1/2026 12:06:00
VA_3,National Mall & Virginia,Russell,Stop 4 - WWII Memorial/Washington Monument,-77.05110523,38.87931479,1/1/2026 12:06:00
VA_4,National Mall & Virginia,Phoebe,Stop 5 - National Archives/U.S. Navy Memorial,-77.03363753,38.89309935,1/1/2026 12:06:00
NC_ 1,"National Cathedral, Uptown, Georgetown",Michaela,Stop 3 - Dupont Circle,-77.03928509,38.90134913,1/1/2026 12:06:05
NC_2,"National Cathedral, Uptown, Georgetown",Cameron,Stop 7 - Georgetown/Old Stone House ,-77.06715677,38.93156914,1/1/2026 12:06:05
NC_3,"National Cathedral, Uptown, Georgetown",Stanley,Stop 9 - White House,-77.05717943,38.90254359,1/1/2026 12:06:05
ANC_1,Arlington National Cememtery,Sam,Arlington National Cemetery,-77.05987775,38.88620118,1/1/2026 12:06:05
ANC_2,Arlington National Cememtery,Raphael,Lincoln Memorial,-77.05359247,38.88803332,1/1/2026 12:06:05
NM_1,National Mall & Downtown,Stephan,Stop 3 - Air & Space Museum/National Museum of the American Indian,-77.01263818,38.89252634,1/1/2026 12:06:05
NM_2,National Mall & Downtown,Daniel,Stop 5 -Jefferson Memorial/George Mason Monument,-77.03280117,38.88344422,1/1/2026 12:06:05
NM_3,National Mall & Downtown,Nancy,Stop 8 - WWII Memorial & Washington Monument,-77.05002898,38.88702914,1/1/2026 12:06:05
NM_4,National Mall & Downtown,James,Stop 9 - Ford's Theater,-77.0266554,38.89209056,1/1/2026 12:06:05
NM_5,National Mall & Downtown,Melia,Stop 11 - National Archives/U.S. Navy Memorial,-77.03359002,38.89549415,1/1/2026 12:06:05
NM_6,National Mall & Downtown,Drew,Stop 1 - Union Station,-77.00586622,38.89680639,1/1/2026 12:06:05
VA_1,National Mall & Virginia,David,Stop 3 - Air & Space Museum/National Museum of the American Indian,-77.01226964,38.88756516,1/1/2026 12:06:05
VA_2,National Mall & Virginia,Riley,Stop 4 - WWII Memorial/Washington Monument,-77.03994736,38.8678211,1/1/2026 12:06:05
VA_3,National Mall & Virginia,Russell,Stop 4 - WWII Memorial/Washington Monument,-77.05130166,38.87946329,1/1/2026 12:06:05
VA_4,National Mall & Virginia,Phoebe,Stop 5 - National Archives/U.S. Navy Memorial,-77.03363968,38.89331244,1/1/2026 12:06:05
NC_ 1,"National Cathedral, Uptown, Georgetown",Michaela,Stop 3 - Dupont Circle,-77.03945041,38.90143287,1/1/2026 12:06:10
NC_2,"National Cathedral, Uptown, Georgetown",Cameron,Stop 7 - Georgetown/Old Stone House ,-77.06688421,38.93154941,1/1/2026 12:06:10
NC_3,"National Cathedral, Uptown, Georgetown",Stanley,Stop 9 - White House,-77.05690567,38.90253943,1/1/2026 12:06:10
ANC_1,Arlington National Cememtery,Sam,Arlington National Cemetery,-77.06014934,38.88618593,1/1/2026 12:06:10
ANC_2,Arlington National Cememtery,Raphael,Lincoln Memorial,-77.0533444,38.88812353,1/1/2026 12:06:10
NM_1,National Mall & Downtown,Stephan,Stop 3 - Air & Space Museum/National Museum of the American Indian,-77.01283419,38.89237769,1/1/2026 12:06:10
NM_2,National Mall & Downtown,Daniel,Stop 5 -Jefferson Memorial/George Mason Monument,-77.03280757,38.88323193,1/1/2026 12:06:10
NM_3,National Mall & Downtown,Nancy,Stop 8 - WWII Memorial & Washington Monument,-77.04975643,38.88701077,1/1/2026 12:06:10
NM_4,National Mall & Downtown,James,Stop 9 - Ford's Theater,-77.0263816,38.89209022,1/1/2026 12:06:10
NM_5,National Mall & Downtown,Melia,Stop 11 - National Archives/U.S. Navy Memorial,-77.0333179,38.89551352,1/1/2026 12:06:10
NM_6,National Mall & Downtown,Drew,Stop 1 - Union Station,-77.00612981,38.89686406,1/1/2026 12:06:10
VA_1,National Mall & Virginia,David,Stop 3 - Air & Space Museum/National Museum of the American Indian,-77.01254336,38.88756241,1/1/2026 12:06:10
VA_2,National Mall & Virginia,Riley,Stop 4 - WWII Memorial/Washington Monument,-77.03996365,38.86760837,1/1/2026 12:06:10
VA_3,National Mall & Virginia,Russell,Stop 4 - WWII Memorial/Washington Monument,-77.05150053,38.87960978,1/1/2026 12:06:10
VA_4,National Mall & Virginia,Phoebe,Stop 5 - National Archives/U.S. Navy Memorial,-77.0336444,38.89352552,1/1/2026 12:06:10
NC_ 1,"National Cathedral, Uptown, Georgetown",Michaela,Stop 3 - Dupont Circle,-77.03945181,38.90164595,1/1/2026 12:06:15
NC_2,"National Cathedral, Uptown, Georgetown",Cameron,Stop 7 - Georgetown/Old Stone House ,-77.06661425,38.93151415,1/1/2026 12:06:15
NC_3,"National Cathedral, Uptown, Georgetown",Stanley,Stop 9 - White House,-77.05663186,38.90253919,1/1/2026 12:06:15
ANC_1,Arlington National Cememtery,Sam,Arlington National Cemetery,-77.06038457,38.88608146,1/1/2026 12:06:15
ANC_2,Arlington National Cememtery,Raphael,Lincoln Memorial,-77.05309638,38.88821384,1/1/2026 12:06:15
NM_1,National Mall & Downtown,Stephan,Stop 3 - Air & Space Museum/National Museum of the American Indian,-77.01302356,38.89222377,1/1/2026 12:06:15
NM_2,National Mall & Downtown,Daniel,Stop 5 -Jefferson Memorial/George Mason Monument,-77.0328788,38.8830266,1/1/2026 12:06:15
NM_3,National Mall & Downtown,Nancy,Stop 8 - WWII Memorial & Washington Monument,-77.04948301,38.88699981,1/1/2026 12:06:15
NM_4,National Mall & Downtown,James,Stop 9 - Ford's Theater,-77.02610779,38.89209005,1/1/2026 12:06:15
NM_5,National Mall & Downtown,Melia,Stop 11 - National Archives/U.S. Navy Memorial,-77.03304409,38.8955139,1/1/2026 12:06:15
NM_6,National Mall & Downtown,Drew,Stop 1 - Union Station,-77.00630609,38.89690302,1/1/2026 12:06:15
VA_1,National Mall & Virginia,David,Stop 3 - Air & Space Museum/National Museum of the American Indian,-77.01281716,38.88756098,1/1/2026 12:06:15
VA_2,National Mall & Virginia,Riley,Stop 4 - WWII Memorial/Washington Monument,-77.03998791,38.86739602,1/1/2026 12:06:15
VA_3,National Mall & Virginia,Russell,Stop 4 - WWII Memorial/Washington Monument,-77.05170143,38.8797546,1/1/2026 12:06:15
VA_4,National Mall & Virginia,Phoebe,Stop 5 - National Archives/U.S. Navy Memorial,-77.0336483,38.8937386,1/1/2026 12:06:15
NC_ 1,"National Cathedral, Uptown, Georgetown",Michaela,Stop 3 - Dupont Circle,-77.03945207,38.90185904,1/1/2026 12:06:20
NC_2,"National Cathedral, Uptown, Georgetown",Cameron,Stop 7 - Georgetown/Old Stone House ,-77.06639331,38.93143864,1/1/2026 12:06:20
NC_3,"National Cathedral, Uptown, Georgetown",Stanley,Stop 9 - White House,-77.05635806,38.90253895,1/1/2026 12:06:20
ANC_1,Arlington National Cememtery,Sam,Arlington National Cemetery,-77.06053391,38.88590572,1/1/2026 12:06:20
ANC_2,Arlington National Cememtery,Raphael,Lincoln Memorial,-77.05284833,38.88830407,1/1/2026 12:06:20
NM_1,National Mall & Downtown,Stephan,Stop 3 - Air & Space Museum/National Museum of the American Indian,-77.01322902,38.89209688,1/1/2026 12:06:20
NM_2,National Mall & Downtown,Daniel,Stop 5 -Jefferson Memorial/George Mason Monument,-77.03298649,38.88283091,1/1/2026 12:06:20
NM_3,National Mall & Downtown,Nancy,Stop 8 - WWII Memorial & Washington Monument,-77.04920951,38.88698977,1/1/2026 12:06:20
NM_4,National Mall & Downtown,James,Stop 9 - Ford's Theater,-77.02583399,38.89208931,1/1/2026 12:06:20
NM_5,National Mall & Downtown,Melia,Stop 11 - National Archives/U.S. Navy Memorial,-77.03277029,38.89551274,1/1/2026 12:06:20
NM_6,National Mall & Downtown,Drew,Stop 2 - US Capitol/Supreme Court/Library of Congress,-77.00633614,38.89690976,1/1/2026 12:06:20
VA_1,National Mall & Virginia,David,Stop 3 - Air & Space Museum/National Museum of the American Indian,-77.01309096,38.88755953,1/1/2026 12:06:20
VA_2,National Mall & Virginia,Riley,Stop 4 - WWII Memorial/Washington Monument,-77.04003056,38.86718555,1/1/2026 12:06:20
VA_3,National Mall & Virginia,Russell,Stop 4 - WWII Memorial/Washington Monument,-77.05190393,38.87989807,1/1/2026 12:06:20
VA_4,National Mall & Virginia,Phoebe,Stop 5 - National Archives/U.S. Navy Memorial,-77.03364915,38.8939517,1/1/2026 12:06:20
NC_ 1,"National Cathedral, Uptown, Georgetown",Michaela,Stop 3 - Dupont Circle,-77.03945184,38.90207212,1/1/2026 12:06:25
NC_2,"National Cathedral, Uptown, Georgetown",Cameron,Stop 7 - Georgetown/Old Stone House ,-77.06639778,38.93122567,1/1/2026 12:06:25
NC_3,"National Cathedral, Uptown, Georgetown",Stanley,Stop 9 - White House,-77.05608425,38.90253872,1/1/2026 12:06:25
ANC_1,Arlington National Cememtery,Sam,Arlington National Cemetery,-77.06062068,38.88570398,1/1/2026 12:06:25
ANC_2,Arlington National Cememtery,Raphael,Lincoln Memorial,-77.05260012,38.88839404,1/1/2026 12:06:25
NM_1,National Mall & Downtown,Stephan,Stop 3 - Air & Space Museum/National Museum of the American Indian,-77.01350278,38.89209271,1/1/2026 12:06:25
NM_2,National Mall & Downtown,Daniel,Stop 5 -Jefferson Memorial/George Mason Monument,-77.03312521,38.88264716,1/1/2026 12:06:25
NM_3,National Mall & Downtown,Nancy,Stop 8 - WWII Memorial & Washington Monument,-77.04893608,38.88697856,1/1/2026 12:06:25
NM_4,National Mall & Downtown,James,Stop 9 - Ford's Theater,-77.02556018,38.89208872,1/1/2026 12:06:25
NM_5,National Mall & Downtown,Melia,Stop 11 - National Archives/U.S. Navy Memorial,-77.03249649,38.89551128,1/1/2026 12:06:25
NM_6,National Mall & Downtown,Drew,Stop 2 - US Capitol/Supreme Court/Library of Congress,-77.00659925,38.89696872,1/1/2026 12:06:25
VA_1,National Mall & Virginia,David,Stop 3 - Air & Space Museum/National Museum of the American Indian,-77.01336476,38.88755943,1/1/2026 12:06:25
VA_2,National Mall & Virginia,Riley,Stop 4 - WWII Memorial/Washington Monument,-77.04007725,38.86697548,1/1/2026 12:06:25
VA_3,National Mall & Virginia,Russell,Stop 4 - WWII Memorial/Washington Monument,-77.05210793,38.88004023,1/1/2026 12:06:25
VA_4,National Mall & Virginia,Phoebe,Stop 5 - National Archives/U.S. Navy Memorial,-77.03364582,38.89416479,1/1/2026 12:06:25
NC_ 1,"National Cathedral, Uptown, Georgetown",Michaela,Stop 3 - Dupont Circle,-77.03945055,38.9022852,1/1/2026 12:06:30
NC_2,"National Cathedral, Uptown, Georgetown",Cameron,Stop 7 - Georgetown/Old Stone House ,-77.06640232,38.93101271,1/1/2026 12:06:30
NC_3,"National Cathedral, Uptown, Georgetown",Stanley,Stop 9 - White House,-77.05581044,38.90253848,1/1/2026 12:06:30
ANC_1,Arlington National Cememtery,Sam,Arlington National Cemetery,-77.06075469,38.88551955,1/1/2026 12:06:30
ANC_2,Arlington National Cememtery,Raphael,Lincoln Memorial,-77.05235117,38.88848277,1/1/2026 12:06:30
NM_1,National Mall & Downtown,Stephan,Stop 3 - Air & Space Museum/National Museum of the American Indian,-77.01377656,38.89209044,1/1/2026 12:06:30
NM_2,National Mall & Downtown,Daniel,Stop 5 -Jefferson Memorial/George Mason Monument,-77.03327522,38.88246916,1/1/2026 12:06:30
NM_3,National Mall & Downtown,Nancy,Stop 8 - WWII Memorial & Washington Monument,-77.04866271,38.88696663,1/1/2026 12:06:30
NM_4,National Mall & Downtown,James,Stop 9 - Ford's Theater,-77.02528637,38.89208824,1/1/2026 12:06:30
NM_5,National Mall & Downtown,Melia,Stop 11 - National Archives/U.S. Navy Memorial,-77.0322227,38.89550882,1/1/2026 12:06:30
NM_6,National Mall & Downtown,Drew,Stop 2 - US Capitol/Supreme Court/Library of Congress,-77.00686242,38.89702755,1/1/2026 12:06:30
VA_1,National Mall & Virginia,David,Stop 3 - Air & Space Museum/National Museum of the American Indian,-77.01363845,38.88756557,1/1/2026 12:06:30
VA_2,National Mall & Virginia,Riley,Stop 4 - WWII Memorial/Washington Monument,-77.04014671,38.86676965,1/1/2026 12:06:30
VA_3,National Mall & Virginia,Russell,Stop 4 - WWII Memorial/Washington Monument,-77.052314,38.88018055,1/1/2026 12:06:30
VA_4,National Mall & Virginia,Phoebe,Stop 5 - National Archives/U.S. Navy Memorial,-77.03364365,38.89437788,1/1/2026 12:06:30
NC_ 1,"National Cathedral, Uptown, Georgetown",Michaela,Stop 3 - Dupont Circle,-77.03944848,38.90249827,1/1/2026 12:06:35
NC_2,"National Cathedral, Uptown, Georgetown",Cameron,Stop 7 - Georgetown/Old Stone House ,-77.06640321,38.93079972,1/1/2026 12:06:35
NC_3,"National Cathedral, Uptown, Georgetown",Stanley,Stop 9 - White House,-77.05553664,38.90253824,1/1/2026 12:06:35
ANC_1,Arlington National Cememtery,Sam,Arlington National Cemetery,-77.06095622,38.885377,1/1/2026 12:06:35
ANC_2,Arlington National Cememtery,Raphael,Lincoln Memorial,-77.05210051,38.888568,1/1/2026 12:06:35
NM_1,National Mall & Downtown,Stephan,Stop 3 - Air & Space Museum/National Museum of the American Indian,-77.01405036,38.8920901,1/1/2026 12:06:35
NM_2,National Mall & Downtown,Daniel,Stop 5 -Jefferson Memorial/George Mason Monument,-77.03343922,38.88229856,1/1/2026 12:06:35
NM_3,National Mall & Downtown,Nancy,Stop 8 - WWII Memorial & Washington Monument,-77.04838933,38.88695464,1/1/2026 12:06:35
NM_4,National Mall & Downtown,James,Stop 9 - Ford's Theater,-77.02501257,38.89208863,1/1/2026 12:06:35
NM_5,National Mall & Downtown,Melia,Stop 11 - National Archives/U.S. Navy Memorial,-77.03194891,38.89550647,1/1/2026 12:06:35
NM_6,National Mall & Downtown,Drew,Stop 2 - US Capitol/Supreme Court/Library of Congress,-77.00708961,38.89703221,1/1/2026 12:06:35
VA_1,National Mall & Virginia,David,Stop 3 - Air & Space Museum/National Museum of the American Indian,-77.01391217,38.88757009,1/1/2026 12:06:35
VA_2,National Mall & Virginia,Riley,Stop 4 - WWII Memorial/Washington Monument,-77.04022786,38.86656606,1/1/2026 12:06:35
VA_3,National Mall & Virginia,Russell,Stop 4 - WWII Memorial/Washington Monument,-77.0525244,38.88031696,1/1/2026 12:06:35
VA_4,National Mall & Virginia,Phoebe,Stop 5 - National Archives/U.S. Navy Memorial,-77.03364473,38.89459099,1/1/2026 12:06:35
NC_ 1,"National Cathedral, Uptown, Georgetown",Michaela,Stop 3 - Dupont Circle,-77.03945068,38.90271115,1/1/2026 12:06:40
NC_2,"National Cathedral, Uptown, Georgetown",Cameron,Stop 7 - Georgetown/Old Stone House ,-77.06640307,38.93058672,1/1/2026 12:06:40
NC_3,"National Cathedral, Uptown, Georgetown",Stanley,Stop 9 - White House,-77.05526283,38.902538,1/1/2026 12:06:40
ANC_1,Arlington National Cememtery,Sam,Arlington National Cemetery,-77.06119665,38.88527997,1/1/2026 12:06:40
ANC_2,Arlington National Cememtery,Raphael,Lincoln Memorial,-77.05183557,38.88862152,1/1/2026 12:06:40
NM_1,National Mall & Downtown,Stephan,Stop 3 - Air & Space Museum/National Museum of the American Indian,-77.01432417,38.8920901,1/1/2026 12:06:40
NM_2,National Mall & Downtown,Daniel,Stop 5 -Jefferson Memorial/George Mason Monument,-77.03361233,38.88213343,1/1/2026 12:06:40
NM_3,National Mall & Downtown,Nancy,Stop 8 - WWII Memorial & Washington Monument,-77.04811588,38.88694389,1/1/2026 12:06:40
NM_4,National Mall & Downtown,James,Stop 9 - Ford's Theater,-77.02473876,38.89208869,1/1/2026 12:06:40
NM_5,National Mall & Downtown,Melia,Stop 11 - National Archives/U.S. Navy Memorial,-77.03167511,38.8955077,1/1/2026 12:06:40
NM_6,National Mall & Downtown,Drew,Stop 2 - US Capitol/Supreme Court/Library of Congress,-77.00724096,38.89686012,1/1/2026 12:06:40
VA_1,National Mall & Virginia,David,Stop 3 - Air & Space Museum/National Museum of the American Indian,-77.01418598,38.88757081,1/1/2026 12:06:40
VA_2,National Mall & Virginia,Riley,Stop 4 - WWII Memorial/Washington Monument,-77.04032283,38.86636611,1/1/2026 12:06:40
VA_3,National Mall & Virginia,Russell,Stop 4 - WWII Memorial/Washington Monument,-77.05273286,38.88045515,1/1/2026 12:06:40
VA_4,National Mall & Virginia,Phoebe,Stop 5 - National Archives/U.S. Navy Memorial,-77.0336458,38.89480409,1/1/2026 12:06:40
NC_ 1,"National Cathedral, Uptown, Georgetown",Michaela,Stop 3 - Dupont Circle,-77.03953236,38.90291345,1/1/2026 12:06:45
NC_2,"National Cathedral, Uptown, Georgetown",Cameron,Stop 7 - Georgetown/Old Stone House ,-77.06640287,38.93037372,1/1/2026 12:06:45
NC_3,"National Cathedral, Uptown, Georgetown",Stanley,Stop 9 - White House,-77.05498902,38.90253774,1/1/2026 12:06:45
ANC_1,Arlington National Cememtery,Sam,Arlington National Cemetery,-77.06144154,38.88518472,1/1/2026 12:06:45
ANC_2,Arlington National Cememtery,Raphael,Lincoln Memorial,-77.05156395,38.8886444,1/1/2026 12:06:45
NM_1,National Mall & Downtown,Stephan,Stop 3 - Air & Space Museum/National Museum of the American Indian,-77.01459798,38.89209054,1/1/2026 12:06:45
NM_2,National Mall & Downtown,Daniel,Stop 5 -Jefferson Memorial/George Mason Monument,-77.03378018,38.88196504,1/1/2026 12:06:45
NM_3,National Mall & Downtown,Nancy,Stop 8 - WWII Memorial & Washington Monument,-77.04784242,38.88693313,1/1/2026 12:06:45
NM_4,National Mall & Downtown,James,Stop 9 - Ford's Theater,-77.02446496,38.89208735,1/1/2026 12:06:45
NM_5,National Mall & Downtown,Melia,Stop 11 - National Archives/U.S. Navy Memorial,-77.03140131,38.89550893,1/1/2026 12:06:45
NM_6,National Mall & Downtown,Drew,Stop 2 - US Capitol/Supreme Court/Library of Congress,-77.00717662,38.89665618,1/1/2026 12:06:45
VA_1,National Mall & Virginia,David,Stop 3 - Air & Space Museum/National Museum of the American Indian,-77.01445978,38.88757195,1/1/2026 12:06:45
VA_2,National Mall & Virginia,Riley,Stop 4 - WWII Memorial/Washington Monument,-77.04041255,38.86616539,1/1/2026 12:06:45
VA_3,National Mall & Virginia,Russell,Stop 4 - WWII Memorial/Washington Monument,-77.05294391,38.88059076,1/1/2026 12:06:45
VA_4,National Mall & Virginia,Phoebe,Stop 5 - National Archives/U.S. Navy Memorial,-77.03364688,38.89501719,1/1/2026 12:06:45
NC_ 1,"National Cathedral, Uptown, Georgetown",Michaela,Stop 3 - Dupont Circle,-77.03964438,38.90310788,1/1/2026 12:06:50
NC_2,"National Cathedral, Uptown, Georgetown",Cameron,Stop 7 - Georgetown/Old Stone House ,-77.0664021,38.93016073,1/1/2026 12:06:50
NC_3,"National Cathedral, Uptown, Georgetown",Stanley,Stop 9 - White House,-77.05471522,38.90253748,1/1/2026 12:06:50
ANC_1,Arlington National Cememtery,Sam,Arlington National Cemetery,-77.06168616,38.88508896,1/1/2026 12:06:50
ANC_2,Arlington National Cememtery,Raphael,Lincoln Memorial,-77.05129278,38.88861782,1/1/2026 12:06:50
NM_1,National Mall & Downtown,Stephan,Stop 3 - Air & Space Museum/National Museum of the American Indian,-77.01487177,38.89208862,1/1/2026 12:06:50
NM_2,National Mall & Downtown,Daniel,Stop 5 -Jefferson Memorial/George Mason Monument,-77.03394529,38.88179504,1/1/2026 12:06:50
NM_3,National Mall & Downtown,Nancy,Stop 8 - WWII Memorial & Washington Monument,-77.04756896,38.88692238,1/1/2026 12:06:50
NM_4,National Mall & Downtown,James,Stop 9 - Ford's Theater,-77.02419115,38.89208714,1/1/2026 12:06:50
NM_5,National Mall & Downtown,Melia,Stop 11 - National Archives/U.S. Navy Memorial,-77.0311275,38.89551016,1/1/2026 12:06:50
NM_6,National Mall & Downtown,Drew,Stop 2 - US Capitol/Supreme Court/Library of Congress,-77.0070643,38.89646227,1/1/2026 12:06:50
VA_1,National Mall & Virginia,David,Stop 3 - Air & Space Museum/National Museum of the American Indian,-77.01473358,38.88757214,1/1/2026 12:06:50
VA_2,National Mall & Virginia,Riley,Stop 4 - WWII Memorial/Washington Monument,-77.04041591,38.86595222,1/1/2026 12:06:50
VA_3,National Mall & Virginia,Russell,Stop 4 - WWII Memorial/Washington Monument,-77.05316956,38.88071119,1/1/2026 12:06:50
VA_4,National Mall & Virginia,Phoebe,Stop 5 - National Archives/U.S. Navy Memorial,-77.0336476,38.89523029,1/1/2026 12:06:50
NC_ 1,"National Cathedral, Uptown, Georgetown",Michaela,Stop 3 - Dupont Circle,-77.03975634,38.90330233,1/1/2026 12:06:55
NC_2,"National Cathedral, Uptown, Georgetown",Cameron,Stop 7 - Georgetown/Old Stone House ,-77.06639868,38.92994775,1/1/2026 12:06:55
NC_3,"National Cathedral, Uptown, Georgetown",Stanley,Stop 9 - White House,-77.05444141,38.90253724,1/1/2026 12:06:55
ANC_1,Arlington National Cememtery,Sam,Arlington National Cemetery,-77.06193077,38.88499319,1/1/2026 12:06:55
ANC_2,Arlington National Cememtery,Raphael,Lincoln Memorial,-77.05103458,38.88854723,1/1/2026 12:06:55
NM_1,National Mall & Downtown,Stephan,Stop 3 - Air & Space Museum/National Museum of the American Indian,-77.01514544,38.89209038,1/1/2026 12:06:55
NM_2,National Mall & Downtown,Daniel,Stop 5 -Jefferson Memorial/George Mason Monument,-77.03411137,38.88162568,1/1/2026 12:06:55
NM_3,National Mall & Downtown,Nancy,Stop 8 - WWII Memorial & Washington Monument,-77.0472955,38.88691162,1/1/2026 12:06:55
NM_4,National Mall & Downtown,James,Stop 9 - Ford's Theater,-77.02391735,38.8920871,1/1/2026 12:06:55
NM_5,National Mall & Downtown,Melia,Stop 11 - National Archives/U.S. Navy Memorial,-77.0308537,38.89551139,1/1/2026 12:06:55
NM_6,National Mall & Downtown,Drew,Stop 2 - US Capitol/Supreme Court/Library of Congress,-77.00688672,38.89630205,1/1/2026 12:06:55
VA_1,National Mall & Virginia,David,Stop 3 - Air & Space Museum/National Museum of the American Indian,-77.01500739,38.88757254,1/1/2026 12:06:55
VA_2,National Mall & Virginia,Riley,Stop 4 - WWII Memorial/Washington Monument,-77.04025553,38.865787,1/1/2026 12:06:55
VA_3,National Mall & Virginia,Russell,Stop 4 - WWII Memorial/Washington Monument,-77.05337005,38.8808524,1/1/2026 12:06:55
VA_4,National Mall & Virginia,Phoebe,Stop 5 - National Archives/U.S. Navy Memorial,-77.0336477,38.8954434,1/1/2026 12:06:55
NC_ 1,"National Cathedral, Uptown, Georgetown",Michaela,Stop 3 - Dupont Circle,-77.03986818,38.90349683,1/1/2026 12:07:00
NC_2,"National Cathedral, Uptown, Georgetown",Cameron,Stop 7 - Georgetown/Old Stone House ,-77.0663939,38.92973478,1/1/2026 12:07:00
NC_3,"National Cathedral, Uptown, Georgetown",Stanley,Stop 9 - White House,-77.0541676,38.902537,1/1/2026 12:07:00
ANC_1,Arlington National Cememtery,Sam,Arlington National Cemetery,-77.06217729,38.88490053,1/1/2026 12:07:00
ANC_2,Arlington National Cememtery,Raphael,Lincoln Memorial,-77.05077826,38.88847252,1/1/2026 12:07:00
NM_1,National Mall & Downtown,Stephan,Stop 3 - Air & Space Museum/National Museum of the American Indian,-77.01518825,38.89195617,1/1/2026 12:07:00
NM_2,National Mall & Downtown,Daniel,Stop 5 -Jefferson Memorial/George Mason Monument,-77.03424,38.88143795,1/1/2026 12:07:00
NM_3,National Mall & Downtown,Nancy,Stop 8 - WWII Memorial & Washington Monument,-77.04702204,38.88690087,1/1/2026 12:07:00
NM_4,National Mall & Downtown,James,Stop 9 - Ford's Theater,-77.02364354,38.89208656,1/1/2026 12:07:00
NM_5,National Mall & Downtown,Melia,Stop 11 - National Archives/U.S. Navy Memorial,-77.0305799,38.89551262,1/1/2026 12:07:00
NM_6,National Mall & Downtown,Drew,Stop 2 - US Capitol/Supreme Court/Library of Congress,-77.00663978,38.89621358,1/1/2026 12:07:00
VA_1,National Mall & Virginia,David,Stop 3 - Air & Space Museum/National Museum of the American Indian,-77.01528118,38.88757313,1/1/2026 12:07:00
VA_2,National Mall & Virginia,Riley,Stop 4 - WWII Memorial/Washington Monument,-77.04005468,38.86565321,1/1/2026 12:07:00
VA_3,National Mall & Virginia,Russell,Stop 4 - WWII Memorial/Washington Monument,-77.05360184,38.88096586,1/1/2026 12:07:00
VA_4,National Mall & Virginia,Phoebe,Stop 5 - National Archives/U.S. Navy Memorial,-77.033432,38.89551101,1/1/2026 12:07:00
NC_ 1,"National Cathedral, Uptown, Georgetown",Michaela,Stop 3 - Dupont Circle,-77.03998043,38.90369117,1/1/2026 12:07:05
NC_2,"National Cathedral, Uptown, Georgetown",Cameron,Stop 7 - Georgetown/Old Stone House ,-77.06638943,38.92952181,1/1/2026 12:07:05
NC_3,"National Cathedral, Uptown, Georgetown",Stanley,Stop 9 - White House,-77.0538938,38.90253677,1/1/2026 12:07:05
ANC_1,Arlington National Cememtery,Sam,Arlington National Cemetery,-77.06242643,38.88481212,1/1/2026 12:07:05
ANC_2,Arlington National Cememtery,Raphael,Lincoln Memorial,-77.05052671,38.88838835,1/1/2026 12:07:05
NM_1,National Mall & Downtown,Stephan,Stop 3 - Air & Space Museum/National Museum of the American Indian,-77.01518625,38.89174306,1/1/2026 12:07:05
NM_2,National Mall & Downtown,Daniel,Stop 5 -Jefferson Memorial/George Mason Monument,-77.03433937,38.88123938,1/1/2026 12:07:05
NM_3,National Mall & Downtown,Nancy,Stop 8 - WWII Memorial & Washington Monument,-77.04674858,38.88689011,1/1/2026 12:07:05
NM_4,National Mall & Downtown,James,Stop 9 - Ford's Theater,-77.02336973,38.89208638,1/1/2026 12:07:05
NM_5,National Mall & Downtown,Melia,Stop 11 - National Archives/U.S. Navy Memorial,-77.0303061,38.89551385,1/1/2026 12:07:05
NM_6,National Mall & Downtown,Drew,Stop 2 - US Capitol/Supreme Court/Library of Congress,-77.00636809,38.8962025,1/1/2026 12:07:05
VA_1,National Mall & Virginia,David,Stop 3 - Air & Space Museum/National Museum of the American Indian,-77.01555498,38.88757252,1/1/2026 12:07:05
VA_2,National Mall & Virginia,Riley,Stop 4 - WWII Memorial/Washington Monument,-77.04006769,38.86544049,1/1/2026 12:07:05
VA_3,National Mall & Virginia,Russell,Stop 4 - WWII Memorial/Washington Monument,-77.05383345,38.88107954,1/1/2026 12:07:05
VA_4,National Mall & Virginia,Phoebe,Stop 5 - National Archives/U.S. Navy Memorial,-77.0331584,38.89551387,1/1/2026 12:07:05
NC_ 1,"National Cathedral, Uptown, Georgetown",Michaela,Stop 3 - Dupont Circle,-77.04009273,38.90388551,1/1/2026 12:07:10
NC_2,"National Cathedral, Uptown, Georgetown",Cameron,Stop 7 - Georgetown/Old Stone House ,-77.06638754,38.92930882,1/1/2026 12:07:10
NC_3,"National Cathedral, Uptown, Georgetown",Stanley,Stop 9 - White House,-77.05361999,38.90253653,1/1/2026 12:07:10
ANC_1,Arlington National Cememtery,Sam,Arlington National Cemetery,-77.06267557,38.88472372,1/1/2026 12:07:10
ANC_2,Arlington National Cememtery,Raphael,Lincoln Memorial,-77.0502679,38.88832109,1/1/2026 12:07:10
NM_1,National Mall & Downtown,Stephan,Stop 3 - Air & Space Museum/National Museum of the American Indian,-77.01518425,38.89152996,1/1/2026 12:07:10
NM_2,National Mall & Downtown,Daniel,Stop 5 -Jefferson Memorial/George Mason Monument,-77.03441695,38.88103506,1/1/2026 12:07:10
NM_3,National Mall & Downtown,Nancy,Stop 8 - WWII Memorial & Washington Monument,-77.04647513,38.88687936,1/1/2026 12:07:10
NM_4,National Mall & Downtown,James,Stop 9 - Ford's Theater,-77.02309593,38.8920861,1/1/2026 12:07:10
NM_5,National Mall & Downtown,Melia,Stop 11 - National Archives/U.S. Navy Memorial,-77.03003232,38.89551175,1/1/2026 12:07:10
NM_6,National Mall & Downtown,Drew,Stop 2 - US Capitol/Supreme Court/Library of Congress,-77.00611414,38.89627829,1/1/2026 12:07:10
VA_1,National Mall & Virginia,David,Stop 3 - Air & Space Museum/National Museum of the American Indian,-77.01582878,38.8875722,1/1/2026 12:07:10
VA_2,National Mall & Virginia,Riley,Stop 4 - WWII Memorial/Washington Monument,-77.04006101,38.86522746,1/1/2026 12:07:10
VA_3,National Mall & Virginia,Russell,Stop 4 - WWII Memorial/Washington Monument,-77.0540656,38.88119256,1/1/2026 12:07:10
VA_4,National Mall & Virginia,Phoebe,Stop 5 - National Archives/U.S. Navy Memorial,-77.03288459,38.89551323,1/1/2026 12:07:10
NC_ 1,"National Cathedral, Uptown, Georgetown",Michaela,Stop 3 - Dupont Circle,-77.04020495,38.90407986,1/1/2026 12:07:15
NC_2,"National Cathedral, Uptown, Georgetown",Cameron,Stop 7 - Georgetown/Old Stone House ,-77.0663868,38.92909582,1/1/2026 12:07:15
NC_3,"National Cathedral, Uptown, Georgetown",Stanley,Stop 9 - White House,-77.05334618,38.90253629,1/1/2026 12:07:15
ANC_1,Arlington National Cememtery,Sam,Arlington National Cemetery,-77.06292471,38.88463531,1/1/2026 12:07:15
ANC_2,Arlington National Cememtery,Raphael,Lincoln Memorial,-77.05017881,38.88817107,1/1/2026 12:07:15
NM_1,National Mall & Downtown,Stephan,Stop 3 - Air & Space Museum/National Museum of the American Indian,-77.01518876,38.8913169,1/1/2026 12:07:15
NM_2,National Mall & Downtown,Daniel,Stop 5 -Jefferson Memorial/George Mason Monument,-77.03447789,38.88082726,1/1/2026 12:07:15
NM_3,National Mall & Downtown,Nancy,Stop 8 - WWII Memorial & Washington Monument,-77.04620167,38.88686861,1/1/2026 12:07:15
NM_4,National Mall & Downtown,James,Stop 9 - Ford's Theater,-77.02282212,38.89208561,1/1/2026 12:07:15
NM_5,National Mall & Downtown,Melia,Stop 11 - National Archives/U.S. Navy Memorial,-77.02976338,38.89548245,1/1/2026 12:07:15
NM_6,National Mall & Downtown,Drew,Stop 2 - US Capitol/Supreme Court/Library of Congress,-77.00589535,38.89640633,1/1/2026 12:07:15
VA_1,National Mall & Virginia,David,Stop 3 - Air & Space Museum/National Museum of the American Indian,-77.01610259,38.88757214,1/1/2026 12:07:15
VA_2,National Mall & Virginia,Riley,Stop 4 - WWII Memorial/Washington Monument,-77.04010421,38.86502842,1/1/2026 12:07:15
VA_3,National Mall & Virginia,Russell,Stop 4 - WWII Memorial/Washington Monument,-77.05429682,38.88130671,1/1/2026 12:07:15
VA_4,National Mall & Virginia,Phoebe,Stop 5 - National Archives/U.S. Navy Memorial,-77.03261079,38.89551207,1/1/2026 12:07:15
NC_ 1,"National Cathedral, Uptown, Georgetown",Michaela,Stop 3 - Dupont Circle,-77.04031717,38.90427422,1/1/2026 12:07:20
NC_2,"National Cathedral, Uptown, Georgetown",Cameron,Stop 7 - Georgetown/Old Stone House ,-77.06638633,38.92888282,1/1/2026 12:07:20
NC_3,"National Cathedral, Uptown, Georgetown",Stanley,Stop 9 - White House,-77.05324458,38.90240379,1/1/2026 12:07:20
ANC_1,Arlington National Cememtery,Sam,Arlington National Cemetery,-77.06317312,38.88454566,1/1/2026 12:07:20
ANC_2,Arlington National Cememtery,Raphael,Lincoln Memorial,-77.05017883,38.88795795,1/1/2026 12:07:20
NM_1,National Mall & Downtown,Stephan,Stop 3 - Air & Space Museum/National Museum of the American Indian,-77.01519094,38.89110383,1/1/2026 12:07:20
NM_2,National Mall & Downtown,Daniel,Stop 5 -Jefferson Memorial/George Mason Monument,-77.03454425,38.88062065,1/1/2026 12:07:20
NM_3,National Mall & Downtown,Nancy,Stop 8 - WWII Memorial & Washington Monument,-77.04592821,38.88685785,1/1/2026 12:07:20
NM_4,National Mall & Downtown,James,Stop 9 - Ford's Theater,-77.02254831,38.89208556,1/1/2026 12:07:20
NM_5,National Mall & Downtown,Melia,Stop 11 - National Archives/U.S. Navy Memorial,-77.0295026,38.89541788,1/1/2026 12:07:20
NM_6,National Mall & Downtown,Drew,Stop 2 - US Capitol/Supreme Court/Library of Congress,-77.0056541,38.89649674,1/1/2026 12:07:20
VA_1,National Mall & Virginia,David,Stop 3 - Air & Space Museum/National Museum of the American Indian,-77.01637637,38.88757137,1/1/2026 12:07:20
VA_2,National Mall & Virginia,Riley,Stop 4 - WWII Memorial/Washington Monument,-77.04036094,38.86502019,1/1/2026 12:07:20
VA_3,National Mall & Virginia,Russell,Stop 4 - WWII Memorial/Washington Monument,-77.05452659,38.88142262,1/1/2026 12:07:20
VA_4,National Mall & Virginia,Phoebe,Stop 5 - National Archives/U.S. Navy Memorial,-77.032337,38.89550985,1/1/2026 12:07:20
NC_ 1,"National Cathedral, Uptown, Georgetown",Michaela,Stop 3 - Dupont Circle,-77.04042939,38.90446858,1/1/2026 12:07:25
NC_2,"National Cathedral, Uptown, Georgetown",Cameron,Stop 7 - Georgetown/Old Stone House ,-77.06638723,38.92866982,1/1/2026 12:07:25
NC_3,"National Cathedral, Uptown, Georgetown",Stanley,Stop 9 - White House,-77.05297079,38.90240583,1/1/2026 12:07:25
ANC_1,Arlington National Cememtery,Sam,Arlington National Cemetery,-77.06342119,38.88445546,1/1/2026 12:07:25
ANC_2,Arlington National Cememtery,Raphael,Lincoln Memorial,-77.05017883,38.88792075,1/1/2026 12:07:25
NM_1,National Mall & Downtown,Stephan,Stop 3 - Air & Space Museum/National Museum of the American Indian,-77.01519233,38.89089075,1/1/2026 12:07:25
NM_2,National Mall & Downtown,Daniel,Stop 5 -Jefferson Memorial/George Mason Monument,-77.03465539,38.88042618,1/1/2026 12:07:25
NM_3,National Mall & Downtown,Nancy,Stop 8 - WWII Memorial & Washington Monument,-77.04565475,38.8868471,1/1/2026 12:07:25
NM_4,National Mall & Downtown,James,Stop 9 - Ford's Theater,-77.02227451,38.89208577,1/1/2026 12:07:25
NM_5,National Mall & Downtown,Melia,Stop 11 - National Archives/U.S. Navy Memorial,-77.02924443,38.89534688,1/1/2026 12:07:25
NM_6,National Mall & Downtown,Drew,Stop 2 - US Capitol/Supreme Court/Library of Congress,-77.00547076,38.89636527,1/1/2026 12:07:25
VA_1,National Mall & Virginia,David,Stop 3 - Air & Space Museum/National Museum of the American Indian,-77.01665018,38.88757099,1/1/2026 12:07:25
VA_2,National Mall & Virginia,Riley,Stop 4 - WWII Memorial/Washington Monument,-77.0406299,38.86505843,1/1/2026 12:07:25
VA_3,National Mall & Virginia,Russell,Stop 4 - WWII Memorial/Washington Monument,-77.05476157,38.88153204,1/1/2026 12:07:25
VA_4,National Mall & Virginia,Phoebe,Stop 5 - National Archives/U.S. Navy Memorial,-77.03206321,38.89550738,1/1/2026 12:07:25
NC_ 1,"National Cathedral, Uptown, Georgetown",Michaela,Stop 3 - Dupont Circle,-77.04054199,38.9046628,1/1/2026 12:07:30
NC_2,"National Cathedral, Uptown, Georgetown",Cameron,Stop 7 - Georgetown/Old Stone House ,-77.06638813,38.92845682,1/1/2026 12:07:30
NC_3,"National Cathedral, Uptown, Georgetown",Stanley,Stop 9 - White House,-77.05269699,38.90240788,1/1/2026 12:07:30
ANC_1,Arlington National Cememtery,Sam,Arlington National Cemetery,-77.06366839,38.88436381,1/1/2026 12:07:30
ANC_2,Arlington National Cememtery,Raphael,Arlington National Cemetery,-77.05017884,38.88786966,1/1/2026 12:07:30
NM_1,National Mall & Downtown,Stephan,Stop 3 - Air & Space Museum/National Museum of the American Indian,-77.01520057,38.89067773,1/1/2026 12:07:30
NM_2,National Mall & Downtown,Daniel,Stop 5 -Jefferson Memorial/George Mason Monument,-77.03481854,38.88025558,1/1/2026 12:07:30
NM_3,National Mall & Downtown,Nancy,Stop 8 - WWII Memorial & Washington Monument,-77.04538129,38.88683634,1/1/2026 12:07:30
NM_4,National Mall & Downtown,James,Stop 9 - Ford's Theater,-77.0220007,38.89208588,1/1/2026 12:07:30
NM_5,National Mall & Downtown,Melia,Stop 11 - National Archives/U.S. Navy Memorial,-77.02898627,38.89527589,1/1/2026 12:07:30
NM_6,National Mall & Downtown,Drew,Stop 2 - US Capitol/Supreme Court/Library of Congress,-77.005568,38.89617719,1/1/2026 12:07:30
VA_1,National Mall & Virginia,David,Stop 3 - Air & Space Museum/National Museum of the American Indian,-77.01692398,38.8875718,1/1/2026 12:07:30
VA_2,National Mall & Virginia,Riley,Stop 4 - WWII Memorial/Washington Monument,-77.04089209,38.86506712,1/1/2026 12:07:30
VA_3,National Mall & Virginia,Russell,Stop 4 - WWII Memorial/Washington Monument,-77.05499752,38.88164018,1/1/2026 12:07:30
VA_4,National Mall & Virginia,Phoebe,Stop 5 - National Archives/U.S. Navy Memorial,-77.03178941,38.89550718,1/1/2026 12:07:30
NC_ 1,"National Cathedral, Uptown, Georgetown",Michaela,Stop 3 - Dupont Circle,-77.04065501,38.90485688,1/1/2026 12:07:35
NC_2,"National Cathedral, Uptown, Georgetown",Cameron,Stop 7 - Georgetown/Old Stone House ,-77.06638809,38.92824382,1/1/2026 12:07:35
NC_3,"National Cathedral, Uptown, Georgetown",Stanley,Stop 9 - White House,-77.0524232,38.90240992,1/1/2026 12:07:35
ANC_1,Arlington National Cememtery,Sam,Arlington National Cemetery,-77.06391638,38.88427347,1/1/2026 12:07:35
ANC_2,Arlington National Cememtery,Raphael,Arlington National Cemetery,-77.05017887,38.88765654,1/1/2026 12:07:35
NM_1,National Mall & Downtown,Stephan,Stop 3 - Air & Space Museum/National Museum of the American Indian,-77.01519979,38.89046464,1/1/2026 12:07:35
NM_2,National Mall & Downtown,Daniel,Stop 5 -Jefferson Memorial/George Mason Monument,-77.03501565,38.88010805,1/1/2026 12:07:35
NM_3,National Mall & Downtown,Nancy,Stop 8 - WWII Memorial & Washington Monument,-77.04510783,38.88682559,1/1/2026 12:07:35
NM_4,National Mall & Downtown,James,Stop 9 - Ford's Theater,-77.02191739,38.89222196,1/1/2026 12:07:35
NM_5,National Mall & Downtown,Melia,Stop 11 - National Archives/U.S. Navy Memorial,-77.02872836,38.89520433,1/1/2026 12:07:35
NM_6,National Mall & Downtown,Drew,Stop 2 - US Capitol/Supreme Court/Library of Congress,-77.00581014,38.89608174,1/1/2026 12:07:35
VA_1,National Mall & Virginia,David,Stop 3 - Air & Space Museum/National Museum of the American Indian,-77.01719779,38.88757291,1/1/2026 12:07:35
VA_2,National Mall & Virginia,Riley,Stop 4 - WWII Memorial/Washington Monument,-77.04107352,38.86490889,1/1/2026 12:07:35
VA_3,National Mall & Virginia,Russell,Stop 4 - WWII Memorial/Washington Monument,-77.05524212,38.88173571,1/1/2026 12:07:35
VA_4,National Mall & Virginia,Phoebe,Stop 5 - National Archives/U.S. Navy Memorial,-77.03151561,38.89550841,1/1/2026 12:07:35
NC_ 1,"National Cathedral, Uptown, Georgetown",Michaela,Stop 3 - Dupont Circle,-77.04076786,38.90505101,1/1/2026 12:07:40
NC_2,"National Cathedral, Uptown, Georgetown",Cameron,Stop 7 - Georgetown/Old Stone House ,-77.066388,38.92803081,1/1/2026 12:07:40
NC_3,"National Cathedral, Uptown, Georgetown",Stanley,Stop 9 - White House,-77.0521494,38.90241197,1/1/2026 12:07:40
ANC_1,Arlington National Cememtery,Sam,Arlington National Cemetery,-77.06416503,38.88418423,1/1/2026 12:07:40
ANC_2,Arlington National Cememtery,Raphael,Arlington National Cemetery,-77.05017889,38.88744341,1/1/2026 12:07:40
NM_1,National Mall & Downtown,Stephan,Stop 3 - Air & Space Museum/National Museum of the American Indian,-77.01519722,38.89025153,1/1/2026 12:07:40
NM_2,National Mall & Downtown,Daniel,Stop 5 -Jefferson Memorial/George Mason Monument,-77.03524657,38.8799949,1/1/2026 12:07:40
NM_3,National Mall & Downtown,Nancy,Stop 8 - WWII Memorial & Washington Monument,-77.04483438,38.88681483,1/1/2026 12:07:40
NM_4,National Mall & Downtown,James,Stop 9 - Ford's Theater,-77.02192416,38.89243489,1/1/2026 12:07:40
NM_5,National Mall & Downtown,Melia,Stop 11 - National Archives/U.S. Navy Memorial,-77.02847098,38.89513163,1/1/2026 12:07:40
NM_6,National Mall & Downtown,Drew,Stop 2 - US Capitol/Supreme Court/Library of Congress,-77.00600955,38.89595576,1/1/2026 12:07:40
VA_1,National Mall & Virginia,David,Stop 3 - Air & Space Museum/National Museum of the American Indian,-77.01747146,38.88757818,1/1/2026 12:07:40
VA_2,National Mall & Virginia,Riley,Stop 4 - WWII Memorial/Washington Monument,-77.04123748,38.86473823,1/1/2026 12:07:40
VA_3,National Mall & Virginia,Russell,Stop 4 - WWII Memorial/Washington Monument,-77.05549064,38.88182516,1/1/2026 12:07:40
VA_4,National Mall & Virginia,Phoebe,Stop 5 - National Archives/U.S. Navy Memorial,-77.03124181,38.89550964,1/1/2026 12:07:40
NC_ 1,"National Cathedral, Uptown, Georgetown",Michaela,Stop 3 - Dupont Circle,-77.04088082,38.90524511,1/1/2026 12:07:45
NC_2,"National Cathedral, Uptown, Georgetown",Cameron,Stop 7 - Georgetown/Old Stone House ,-77.06638755,38.92781781,1/1/2026 12:07:45
NC_3,"National Cathedral, Uptown, Georgetown",Stanley,Stop 9 - White House,-77.0518756,38.90241233,1/1/2026 12:07:45
ANC_1,Arlington National Cememtery,Sam,Arlington National Cemetery,-77.06441367,38.88409498,1/1/2026 12:07:45
ANC_2,Arlington National Cememtery,Raphael,Arlington National Cemetery,-77.05017891,38.88723028,1/1/2026 12:07:45
NM_1,National Mall & Downtown,Stephan,Stop 3 - Air & Space Museum/National Museum of the American Indian,-77.01519466,38.89003842,1/1/2026 12:07:45
NM_2,National Mall & Downtown,Daniel,Stop 5 -Jefferson Memorial/George Mason Monument,-77.03550552,38.87992664,1/1/2026 12:07:45
NM_3,National Mall & Downtown,Nancy,Stop 8 - WWII Memorial & Washington Monument,-77.04456092,38.88680408,1/1/2026 12:07:45
NM_4,National Mall & Downtown,James,Stop 9 - Ford's Theater,-77.02192466,38.892648,1/1/2026 12:07:45
NM_5,National Mall & Downtown,Melia,Stop 11 - National Archives/U.S. Navy Memorial,-77.0282136,38.89505893,1/1/2026 12:07:45
NM_6,National Mall & Downtown,Drew,Stop 2 - US Capitol/Supreme Court/Library of Congress,-77.00627602,38.89590817,1/1/2026 12:07:45
VA_1,National Mall & Virginia,David,Stop 3 - Air & Space Museum/National Museum of the American Indian,-77.01774523,38.88757661,1/1/2026 12:07:45
VA_2,National Mall & Virginia,Riley,Stop 4 - WWII Memorial/Washington Monument,-77.04140835,38.86457165,1/1/2026 12:07:45
VA_3,National Mall & Virginia,Russell,Stop 4 - WWII Memorial/Washington Monument,-77.0557412,38.88191107,1/1/2026 12:07:45
VA_4,National Mall & Virginia,Phoebe,Stop 5 - National Archives/U.S. Navy Memorial,-77.03096801,38.89551087,1/1/2026 12:07:45
NC_ 1,"National Cathedral, Uptown, Georgetown",Michaela,Stop 3 - Dupont Circle,-77.04099378,38.9054392,1/1/2026 12:07:50
NC_2,"National Cathedral, Uptown, Georgetown",Cameron,Stop 7 - Georgetown/Old Stone House ,-77.06638685,38.9276048,1/1/2026 12:07:50
NC_3,"National Cathedral, Uptown, Georgetown",Stanley,Stop 9 - White House,-77.05160179,38.90241231,1/1/2026 12:07:50
ANC_1,Arlington National Cememtery,Sam,Arlington National Cemetery,-77.06466231,38.88400572,1/1/2026 12:07:50
ANC_2,Arlington National Cememtery,Raphael,Arlington National Cemetery,-77.05027655,38.88707176,1/1/2026 12:07:50
NM_1,National Mall & Downtown,Stephan,Stop 3 - Air & Space Museum/National Museum of the American Indian,-77.01519411,38.88982531,1/1/2026 12:07:50
NM_2,National Mall & Downtown,Daniel,Stop 5 -Jefferson Memorial/George Mason Monument,-77.03577353,38.87988426,1/1/2026 12:07:50
NM_3,National Mall & Downtown,Nancy,Stop 8 - WWII Memorial & Washington Monument,-77.04428746,38.88679333,1/1/2026 12:07:50
NM_4,National Mall & Downtown,James,Stop 9 - Ford's Theater,-77.02192442,38.89286111,1/1/2026 12:07:50
NM_5,National Mall & Downtown,Melia,Stop 11 - National Archives/U.S. Navy Memorial,-77.02795553,38.89498774,1/1/2026 12:07:50
NM_6,National Mall & Downtown,Drew,Stop 2 - US Capitol/Supreme Court/Library of Congress,-77.00654902,38.8959076,1/1/2026 12:07:50
VA_1,National Mall & Virginia,David,Stop 3 - Air & Space Museum/National Museum of the American Indian,-77.01801903,38.88757578,1/1/2026 12:07:50
VA_2,National Mall & Virginia,Riley,Stop 4 - WWII Memorial/Washington Monument,-77.0415734,38.86440154,1/1/2026 12:07:50
VA_3,National Mall & Virginia,Russell,Stop 4 - WWII Memorial/Washington Monument,-77.05599566,38.88198944,1/1/2026 12:07:50
VA_4,National Mall & Virginia,Phoebe,Stop 5 - National Archives/U.S. Navy Memorial,-77.0306942,38.8955121,1/1/2026 12:07:50
NC_ 1,"National Cathedral, Uptown, Georgetown",Michaela,Stop 3 - Dupont Circle,-77.04110609,38.90563352,1/1/2026 12:07:55
NC_2,"National Cathedral, Uptown, Georgetown",Cameron,Stop 7 - Georgetown/Old Stone House ,-77.06638538,38.9273918,1/1/2026 12:07:55
NC_3,"National Cathedral, Uptown, Georgetown",Stanley,Stop 9 - White House,-77.05132799,38.90241162,1/1/2026 12:07:55
ANC_1,Arlington National Cememtery,Sam,Arlington National Cemetery,-77.06491072,38.88391606,1/1/2026 12:07:55
ANC_2,Arlington National Cememtery,Raphael,Arlington National Cemetery,-77.05054647,38.88710744,1/1/2026 12:07:55
NM_1,National Mall & Downtown,Stephan,Stop 3 - Air & Space Museum/National Museum of the American Indian,-77.01519431,38.88961219,1/1/2026 12:07:55
NM_2,National Mall & Downtown,Daniel,Stop 5 -Jefferson Memorial/George Mason Monument,-77.03604721,38.87988124,1/1/2026 12:07:55
NM_3,National Mall & Downtown,Nancy,Stop 8 - WWII Memorial & Washington Monument,-77.0440139,38.88678506,1/1/2026 12:07:55
NM_4,National Mall & Downtown,James,Stop 9 - Ford's Theater,-77.02192429,38.89307422,1/1/2026 12:07:55
NM_5,National Mall & Downtown,Melia,Stop 11 - National Archives/U.S. Navy Memorial,-77.0276969,38.89491777,1/1/2026 12:07:55
NM_6,National Mall & Downtown,Drew,Stop 2 - US Capitol/Supreme Court/Library of Congress,-77.00681992,38.8959359,1/1/2026 12:07:55
VA_1,National Mall & Virginia,David,Stop 3 - Air & Space Museum/National Museum of the American Indian,-77.01829283,38.88757598,1/1/2026 12:07:55
VA_2,National Mall & Virginia,Riley,Stop 4 - WWII Memorial/Washington Monument,-77.04172121,38.86422458,1/1/2026 12:07:55
VA_3,National Mall & Virginia,Russell,Stop 4 - WWII Memorial/Washington Monument,-77.05625605,38.88205532,1/1/2026 12:07:55
VA_4,National Mall & Virginia,Phoebe,Stop 5 - National Archives/U.S. Navy Memorial,-77.0304204,38.89551333,1/1/2026 12:07:55
NC_ 1,"National Cathedral, Uptown, Georgetown",Michaela,Stop 3 - Dupont Circle,-77.04121793,38.90582801,1/1/2026 12:08:00
NC_2,"National Cathedral, Uptown, Georgetown",Cameron,Stop 7 - Georgetown/Old Stone House ,-77.06638475,38.9271788,1/1/2026 12:08:00
NC_3,"National Cathedral, Uptown, Georgetown",Stanley,Stop 9 - White House,-77.05105427,38.90241257,1/1/2026 12:08:00
ANC_1,Arlington National Cememtery,Sam,Arlington National Cemetery,-77.06515906,38.8838263,1/1/2026 12:08:00
ANC_2,Arlington National Cememtery,Raphael,Arlington National Cemetery,-77.05080166,38.88718383,1/1/2026 12:08:00
NM_1,National Mall & Downtown,Stephan,Stop 3 - Air & Space Museum/National Museum of the American Indian,-77.01519171,38.88939909,1/1/2026 12:08:00
NM_2,National Mall & Downtown,Daniel,Stop 6 - FDR & MLK Memorials,-77.036321,38.87988313,1/1/2026 12:08:00
NM_3,National Mall & Downtown,Nancy,Stop 8 - WWII Memorial & Washington Monument,-77.04374044,38.88677487,1/1/2026 12:08:00
NM_4,National Mall & Downtown,James,Stop 9 - Ford's Theater,-77.02192154,38.89328732,1/1/2026 12:08:00
NM_5,National Mall & Downtown,Melia,Stop 11 - National Archives/U.S. Navy Memorial,-77.02743827,38.89484781,1/1/2026 12:08:00
NM_6,National Mall & Downtown,Drew,Stop 2 - US Capitol/Supreme Court/Library of Congress,-77.00707397,38.89601262,1/1/2026 12:08:00
VA_1,National Mall & Virginia,David,Stop 3 - Air & Space Museum/National Museum of the American Indian,-77.01856664,38.88757598,1/1/2026 12:08:00
VA_2,National Mall & Virginia,Riley,Stop 4 - WWII Memorial/Washington Monument,-77.04163807,38.86404161,1/1/2026 12:08:00
VA_3,National Mall & Virginia,Russell,Stop 4 - WWII Memorial/Washington Monument,-77.05651787,38.8821176,1/1/2026 12:08:00
VA_4,National Mall & Virginia,Phoebe,Stop 5 - National Archives/U.S. Navy Memorial,-77.03014661,38.89551338,1/1/2026 12:08:00
NC_ 1,"National Cathedral, Uptown, Georgetown",Michaela,Stop 3 - Dupont Circle,-77.04133147,38.90602189,1/1/2026 12:08:05
NC_2,"National Cathedral, Uptown, Georgetown",Cameron,Stop 7 - Georgetown/Old Stone House ,-77.06638493,38.92696579,1/1/2026 12:08:05
NC_3,"National Cathedral, Uptown, Georgetown",Stanley,Stop 9 - White House,-77.05078352,38.90238201,1/1/2026 12:08:05
ANC_1,Arlington National Cememtery,Sam,Arlington National Cemetery,-77.06508978,38.88364408,1/1/2026 12:08:05
ANC_2,Arlington National Cememtery,Raphael,Arlington National Cemetery,-77.05104205,38.88728586,1/1/2026 12:08:05
NM_1,National Mall & Downtown,Stephan,Stop 3 - Air & Space Museum/National Museum of the American Indian,-77.01518539,38.88918603,1/1/2026 12:08:05
NM_2,National Mall & Downtown,Daniel,Stop 6 - FDR & MLK Memorials,-77.0365948,38.87988177,1/1/2026 12:08:05
NM_3,National Mall & Downtown,Nancy,Stop 8 - WWII Memorial & Washington Monument,-77.0434667,38.88677,1/1/2026 12:08:05
NM_4,National Mall & Downtown,James,Stop 9 - Ford's Theater,-77.02191839,38.89350041,1/1/2026 12:08:05
NM_5,National Mall & Downtown,Melia,Stop 11 - National Archives/U.S. Navy Memorial,-77.02717964,38.89477784,1/1/2026 12:08:05
NM_6,National Mall & Downtown,Drew,Stop 2 - US Capitol/Supreme Court/Library of Congress,-77.00729476,38.89613785,1/1/2026 12:08:05
VA_1,National Mall & Virginia,David,Stop 3 - Air & Space Museum/National Museum of the American Indian,-77.01884045,38.887576,1/1/2026 12:08:05
VA_2,National Mall & Virginia,Riley,Stop 4 - WWII Memorial/Washington Monument,-77.04137412,38.8640119,1/1/2026 12:08:05
VA_3,National Mall & Virginia,Russell,Stop 4 - WWII Memorial/Washington Monument,-77.05677997,38.8821791,1/1/2026 12:08:05
VA_4,National Mall & Virginia,Phoebe,Stop 5 - National Archives/U.S. Navy Memorial,-77.0298734,38.89550657,1/1/2026 12:08:05
NC_ 1,"National Cathedral, Uptown, Georgetown",Michaela,Stop 3 - Dupont Circle,-77.04144523,38.9062157,1/1/2026 12:08:10
NC_2,"National Cathedral, Uptown, Georgetown",Cameron,Stop 7 - Georgetown/Old Stone House ,-77.0663849,38.92675278,1/1/2026 12:08:10
NC_3,"National Cathedral, Uptown, Georgetown",Stanley,Stop 9 - White House,-77.05065671,38.90219673,1/1/2026 12:08:10
ANC_1,Arlington National Cememtery,Sam,Arlington National Cemetery,-77.06497803,38.8834495,1/1/2026 12:08:10
ANC_2,Arlington National Cememtery,Raphael,Arlington National Cemetery,-77.05127677,38.88739546,1/1/2026 12:08:10
NM_1,National Mall & Downtown,Stephan,Stop 3 - Air & Space Museum/National Museum of the American Indian,-77.01517954,38.88897296,1/1/2026 12:08:10
NM_2,National Mall & Downtown,Daniel,Stop 6 - FDR & MLK Memorials,-77.0368686,38.87988121,1/1/2026 12:08:10
NM_3,National Mall & Downtown,Nancy,Stop 8 - WWII Memorial & Washington Monument,-77.04319294,38.88676596,1/1/2026 12:08:10
NM_4,National Mall & Downtown,James,Stop 9 - Ford's Theater,-77.02191629,38.89371351,1/1/2026 12:08:10
NM_5,National Mall & Downtown,Melia,Stop 11 - National Archives/U.S. Navy Memorial,-77.02692143,38.89470694,1/1/2026 12:08:10
NM_6,National Mall & Downtown,Drew,Stop 2 - US Capitol/Supreme Court/Library of Congress,-77.0074767,38.8962392,1/1/2026 12:08:10
VA_1,National Mall & Virginia,David,Stop 3 - Air & Space Museum/National Museum of the American Indian,-77.01911426,38.88757605,1/1/2026 12:08:10
VA_2,National Mall & Virginia,Riley,Stop 4 - WWII Memorial/Washington Monument,-77.04121883,38.86386761,1/1/2026 12:08:10
VA_3,National Mall & Virginia,Russell,Stop 4 - WWII Memorial/Washington Monument,-77.05704214,38.88224045,1/1/2026 12:08:10
VA_4,National Mall & Virginia,Phoebe,Stop 5 - National Archives/U.S. Navy Memorial,-77.02961037,38.89544752,1/1/2026 12:08:10
NC_ 1,"National Cathedral, Uptown, Georgetown",Michaela,Stop 3 - Dupont Circle,-77.04155896,38.90640952,1/1/2026 12:08:15
NC_2,"National Cathedral, Uptown, Georgetown",Cameron,Stop 7 - Georgetown/Old Stone House ,-77.06638479,38.92653977,1/1/2026 12:08:15
NC_3,"National Cathedral, Uptown, Georgetown",Stanley,Stop 9 - White House,-77.05044864,38.90206059,1/1/2026 12:08:15
ANC_1,Arlington National Cememtery,Sam,Arlington National Cemetery,-77.06486629,38.88325492,1/1/2026 12:08:15
ANC_2,Arlington National Cememtery,Raphael,Arlington National Cemetery,-77.05149699,38.88752163,1/1/2026 12:08:15
NM_1,National Mall & Downtown,Stephan,Stop 3 - Air & Space Museum/National Museum of the American Indian,-77.01517637,38.88875992,1/1/2026 12:08:15
NM_2,National Mall & Downtown,Daniel,Stop 6 - FDR & MLK Memorials,-77.03714241,38.87988145,1/1/2026 12:08:15
NM_3,National Mall & Downtown,Nancy,Stop 8 - WWII Memorial & Washington Monument,-77.04291937,38.88677113,1/1/2026 12:08:15
NM_4,National Mall & Downtown,James,Stop 9 - Ford's Theater,-77.02191302,38.89392659,1/1/2026 12:08:15
NM_5,National Mall & Downtown,Melia,Stop 11 - National Archives/U.S. Navy Memorial,-77.02666362,38.89463518,1/1/2026 12:08:15
NM_6,National Mall & Downtown,Drew,Stop 2 - US Capitol/Supreme Court/Library of Congress,-77.0076805,38.89609689,1/1/2026 12:08:15
VA_1,National Mall & Virginia,David,Stop 3 - Air & Space Museum/National Museum of the American Indian,-77.01938806,38.88757598,1/1/2026 12:08:15
VA_2,National Mall & Virginia,Riley,Stop 4 - WWII Memorial/Washington Monument,-77.04121609,38.86365448,1/1/2026 12:08:15
VA_3,National Mall & Virginia,Russell,Stop 4 - WWII Memorial/Washington Monument,-77.05730567,38.8822983,1/1/2026 12:08:15
VA_4,National Mall & Virginia,Phoebe,Stop 5 - National Archives/U.S. Navy Memorial,-77.02935221,38.89537652,1/1/2026 12:08:15
NC_ 1,"National Cathedral, Uptown, Georgetown",Michaela,Stop 3 - Dupont Circle,-77.04167458,38.90660266,1/1/2026 12:08:19
NC_2,"National Cathedral, Uptown, Georgetown",Cameron,Stop 7 - Georgetown/Old Stone House ,-77.06638488,38.92632676,1/1/2026 12:08:19
NC_3,"National Cathedral, Uptown, Georgetown",Stanley,Stop 9 - White House,-77.05018912,38.90199772,1/1/2026 12:08:19
ANC_1,Arlington National Cememtery,Sam,Arlington National Cemetery,-77.06475454,38.88306034,1/1/2026 12:08:19
ANC_2,Arlington National Cememtery,Raphael,Arlington National Cemetery,-77.05166541,38.88768664,1/1/2026 12:08:19
NM_1,National Mall & Downtown,Stephan,Stop 3 - Air & Space Museum/National Museum of the American Indian,-77.01517183,38.88854691,1/1/2026 12:08:19
NM_2,National Mall & Downtown,Daniel,Stop 6 - FDR & MLK Memorials,-77.03741621,38.87988027,1/1/2026 12:08:19
NM_3,National Mall & Downtown,Nancy,Stop 8 - WWII Memorial & Washington Monument,-77.04264699,38.88679219,1/1/2026 12:08:19
NM_4,National Mall & Downtown,James,Stop 9 - Ford's Theater,-77.02191626,38.89413968,1/1/2026 12:08:19
NM_5,National Mall & Downtown,Melia,Stop 11 - National Archives/U.S. Navy Memorial,-77.0264058,38.89456342,1/1/2026 12:08:19
NM_6,National Mall & Downtown,Drew,Stop 2 - US Capitol/Supreme Court/Library of Congress,-77.0078843,38.89595457,1/1/2026 12:08:19
VA_1,National Mall & Virginia,David,Stop 3 - Air & Space Museum/National Museum of the American Indian,-77.01966187,38.8875756,1/1/2026 12:08:19
VA_2,National Mall & Virginia,Riley,Stop 4 - WWII Memorial/Washington Monument,-77.04122348,38.86344278,1/1/2026 12:08:19
VA_3,National Mall & Virginia,Russell,Stop 4 - WWII Memorial/Washington Monument,-77.05756959,38.88235503,1/1/2026 12:08:19
VA_4,National Mall & Virginia,Phoebe,Stop 5 - National Archives/U.S. Navy Memorial,-77.02909404,38.89530552,1/1/2026 12:08:19
NC_ 1,"National Cathedral, Uptown, Georgetown",Michaela,Stop 3 - Dupont Circle,-77.04179068,38.90679563,1/1/2026 12:08:24
NC_2,"National Cathedral, Uptown, Georgetown",Cameron,Stop 7 - Georgetown/Old Stone House ,-77.0663843,38.92611376,1/1/2026 12:08:24
NC_3,"National Cathedral, Uptown, Georgetown",Stanley,Stop 9 - White House,-77.04991864,38.90201869,1/1/2026 12:08:24
ANC_1,Arlington National Cememtery,Sam,Arlington National Cemetery,-77.0646428,38.88286576,1/1/2026 12:08:24
ANC_2,Arlington National Cememtery,Raphael,Arlington National Cemetery,-77.0518522,38.88784233,1/1/2026 12:08:24
NM_1,National Mall & Downtown,Stephan,Stop 3 - Air & Space Museum/National Museum of the American Indian,-77.01517447,38.8883338,1/1/2026 12:08:24
NM_2,National Mall & Downtown,Daniel,Stop 6 - FDR & MLK Memorials,-77.03768998,38.87988196,1/1/2026 12:08:24
NM_3,National Mall & Downtown,Nancy,Stop 8 - WWII Memorial & Washington Monument,-77.04237717,38.88682845,1/1/2026 12:08:24
NM_4,National Mall & Downtown,James,Stop 9 - Ford's Theater,-77.02191633,38.89435278,1/1/2026 12:08:24
NM_5,National Mall & Downtown,Melia,Stop 11 - National Archives/U.S. Navy Memorial,-77.02614799,38.89449166,1/1/2026 12:08:24
NM_6,National Mall & Downtown,Drew,Stop 2 - US Capitol/Supreme Court/Library of Congress,-77.00808778,38.89581198,1/1/2026 12:08:24
VA_1,National Mall & Virginia,David,Stop 3 - Air & Space Museum/National Museum of the American Indian,-77.01993567,38.88757483,1/1/2026 12:08:24
VA_2,National Mall & Virginia,Riley,Stop 4 - WWII Memorial/Washington Monument,-77.04109976,38.8632575,1/1/2026 12:08:24
VA_3,National Mall & Virginia,Russell,Stop 4 - WWII Memorial/Washington Monument,-77.05783196,38.88241598,1/1/2026 12:08:24
VA_4,National Mall & Virginia,Phoebe,Stop 5 - National Archives/U.S. Navy Memorial,-77.02883588,38.89523453,1/1/2026 12:08:24
NC_ 1,"National Cathedral, Uptown, Georgetown",Michaela,Stop 3 - Dupont Circle,-77.04190677,38.90698859,1/1/2026 12:08:29
NC_2,"National Cathedral, Uptown, Georgetown",Cameron,Stop 7 - Georgetown/Old Stone House ,-77.06638361,38.92590075,1/1/2026 12:08:29
NC_3,"National Cathedral, Uptown, Georgetown",Stanley,Stop 9 - White House,-77.04967887,38.90211858,1/1/2026 12:08:29
ANC_1,Arlington National Cememtery,Sam,Lincoln Memorial,-77.06453105,38.88267117,1/1/2026 12:08:29
ANC_2,Arlington National Cememtery,Raphael,Arlington National Cemetery,-77.05202141,38.88800982,1/1/2026 12:08:29
NM_1,National Mall & Downtown,Stephan,Stop 3 - Air & Space Museum/National Museum of the American Indian,-77.01517427,38.88812068,1/1/2026 12:08:29
NM_2,National Mall & Downtown,Daniel,Stop 6 - FDR & MLK Memorials,-77.03796378,38.87988276,1/1/2026 12:08:29
NM_3,National Mall & Downtown,Nancy,Stop 8 - WWII Memorial & Washington Monument,-77.04210737,38.88686478,1/1/2026 12:08:29
NM_4,National Mall & Downtown,James,Stop 9 - Ford's Theater,-77.02191347,38.89456587,1/1/2026 12:08:29
NM_5,National Mall & Downtown,Melia,Stop 11 - National Archives/U.S. Navy Memorial,-77.02589024,38.89441974,1/1/2026 12:08:29
NM_6,National Mall & Downtown,Drew,Stop 2 - US Capitol/Supreme Court/Library of Congress,-77.00828859,38.89566712,1/1/2026 12:08:29
VA_1,National Mall & Virginia,David,Stop 4 - WWII Memorial/Washington Monument,-77.02020948,38.88757486,1/1/2026 12:08:29
VA_2,National Mall & Virginia,Riley,Stop 4 - WWII Memorial/Washington Monument,-77.04087756,38.86313878,1/1/2026 12:08:29
VA_3,National Mall & Virginia,Russell,Stop 4 - WWII Memorial/Washington Monument,-77.05809302,38.88247989,1/1/2026 12:08:29
VA_4,National Mall & Virginia,Phoebe,Stop 5 - National Archives/U.S. Navy Memorial,-77.02857843,38.89516198,1/1/2026 12:08:29
NC_ 1,"National Cathedral, Uptown, Georgetown",Michaela,Stop 3 - Dupont Circle,-77.04202287,38.90718156,1/1/2026 12:08:34
NC_2,"National Cathedral, Uptown, Georgetown",Cameron,Stop 7 - Georgetown/Old Stone House ,-77.06638376,38.92568774,1/1/2026 12:08:34
NC_3,"National Cathedral, Uptown, Georgetown",Stanley,Stop 9 - White House,-77.04942737,38.90217636,1/1/2026 12:08:34
ANC_1,Arlington National Cememtery,Sam,Lincoln Memorial,-77.06441931,38.88247659,1/1/2026 12:08:34
ANC_2,Arlington National Cememtery,Raphael,Arlington National Cemetery,-77.05217026,38.88818858,1/1/2026 12:08:34
NM_1,National Mall & Downtown,Stephan,Stop 3 - Air & Space Museum/National Museum of the American Indian,-77.01517373,38.88790755,1/1/2026 12:08:34
NM_2,National Mall & Downtown,Daniel,Stop 6 - FDR & MLK Memorials,-77.03823669,38.87989869,1/1/2026 12:08:34
NM_3,National Mall & Downtown,Nancy,Stop 8 - WWII Memorial & Washington Monument,-77.0418366,38.88689628,1/1/2026 12:08:34
NM_4,National Mall & Downtown,James,Stop 9 - Ford's Theater,-77.0219104,38.89477896,1/1/2026 12:08:34
NM_5,National Mall & Downtown,Melia,Stop 11 - National Archives/U.S. Navy Memorial,-77.02563259,38.89434763,1/1/2026 12:08:34
NM_6,National Mall & Downtown,Drew,Stop 2 - US Capitol/Supreme Court/Library of Congress,-77.00848951,38.89552234,1/1/2026 12:08:34
VA_1,National Mall & Virginia,David,Stop 4 - WWII Memorial/Washington Monument,-77.02048329,38.88757489,1/1/2026 12:08:34
VA_2,National Mall & Virginia,Riley,Stop 4 - WWII Memorial/Washington Monument,-77.0406105,38.86311625,1/1/2026 12:08:34
VA_3,National Mall & Virginia,Russell,Stop 4 - WWII Memorial/Washington Monument,-77.05834714,38.88255912,1/1/2026 12:08:34
VA_4,National Mall & Virginia,Phoebe,Stop 5 - National Archives/U.S. Navy Memorial,-77.02832105,38.89508928,1/1/2026 12:08:34
NC_ 1,"National Cathedral, Uptown, Georgetown",Michaela,Stop 3 - Dupont Circle,-77.04213129,38.90737715,1/1/2026 12:08:39
NC_2,"National Cathedral, Uptown, Georgetown",Cameron,Stop 7 - Georgetown/Old Stone House ,-77.06638436,38.92547472,1/1/2026 12:08:39
NC_3,"National Cathedral, Uptown, Georgetown",Stanley,Stop 9 - White House,-77.04915653,38.90214844,1/1/2026 12:08:39
ANC_1,Arlington National Cememtery,Sam,Lincoln Memorial,-77.06430757,38.88228201,1/1/2026 12:08:39
ANC_2,Arlington National Cememtery,Raphael,Arlington National Cemetery,-77.05229691,38.88837748,1/1/2026 12:08:39
NM_1,National Mall & Downtown,Stephan,Stop 3 - Air & Space Museum/National Museum of the American Indian,-77.01517525,38.88769445,1/1/2026 12:08:39
NM_2,National Mall & Downtown,Daniel,Stop 6 - FDR & MLK Memorials,-77.03850456,38.87994177,1/1/2026 12:08:39
NM_3,National Mall & Downtown,Nancy,Stop 8 - WWII Memorial & Washington Monument,-77.04156431,38.8869186,1/1/2026 12:08:39
NM_4,National Mall & Downtown,James,Stop 9 - Ford's Theater,-77.02191704,38.89499199,1/1/2026 12:08:39
NM_5,National Mall & Downtown,Melia,Stop 11 - National Archives/U.S. Navy Memorial,-77.02537494,38.89427551,1/1/2026 12:08:39
NM_6,National Mall & Downtown,Drew,Stop 2 - US Capitol/Supreme Court/Library of Congress,-77.00869066,38.89537777,1/1/2026 12:08:39
VA_1,National Mall & Virginia,David,Stop 4 - WWII Memorial/Washington Monument,-77.02075709,38.88757492,1/1/2026 12:08:39
VA_2,National Mall & Virginia,Riley,Stop 4 - WWII Memorial/Washington Monument,-77.04041757,38.86325856,1/1/2026 12:08:39
VA_3,National Mall & Virginia,Russell,Stop 4 - WWII Memorial/Washington Monument,-77.05859195,38.88265448,1/1/2026 12:08:39
VA_4,National Mall & Virginia,Phoebe,Stop 5 - National Archives/U.S. Navy Memorial,-77.0280635,38.89501694,1/1/2026 12:08:39
NC_ 1,"National Cathedral, Uptown, Georgetown",Michaela,Stop 3 - Dupont Circle,-77.04223945,38.90757284,1/1/2026 12:08:44
NC_2,"National Cathedral, Uptown, Georgetown",Cameron,Stop 7 - Georgetown/Old Stone House ,-77.06638503,38.92526171,1/1/2026 12:08:44
NC_3,"National Cathedral, Uptown, Georgetown",Stanley,Stop 9 - White House,-77.04889551,38.90208635,1/1/2026 12:08:44
ANC_1,Arlington National Cememtery,Sam,Lincoln Memorial,-77.06419582,38.88208742,1/1/2026 12:08:44
ANC_2,Arlington National Cememtery,Raphael,Arlington National Cemetery,-77.05241536,38.88856947,1/1/2026 12:08:44
NM_1,National Mall & Downtown,Stephan,Stop 3 - Air & Space Museum/National Museum of the American Indian,-77.01529934,38.88757296,1/1/2026 12:08:44
NM_2,National Mall & Downtown,Daniel,Stop 6 - FDR & MLK Memorials,-77.03876462,38.88000809,1/1/2026 12:08:44
NM_3,National Mall & Downtown,Nancy,Stop 8 - WWII Memorial & Washington Monument,-77.04129124,38.88693404,1/1/2026 12:08:44
NM_4,National Mall & Downtown,James,Stop 9 - Ford's Theater,-77.02191848,38.89520508,1/1/2026 12:08:44
NM_5,National Mall & Downtown,Melia,Stop 11 - National Archives/U.S. Navy Memorial,-77.02511728,38.8942034,1/1/2026 12:08:44
NM_6,National Mall & Downtown,Drew,Stop 2 - US Capitol/Supreme Court/Library of Congress,-77.00889194,38.89523329,1/1/2026 12:08:44
VA_1,National Mall & Virginia,David,Stop 4 - WWII Memorial/Washington Monument,-77.0210309,38.88757495,1/1/2026 12:08:44
VA_2,National Mall & Virginia,Riley,Stop 4 - WWII Memorial/Washington Monument,-77.04026424,38.86343191,1/1/2026 12:08:44
VA_3,National Mall & Virginia,Russell,Stop 4 - WWII Memorial/Washington Monument,-77.05882854,38.88276165,1/1/2026 12:08:44
VA_4,National Mall & Virginia,Phoebe,Stop 5 - National Archives/U.S. Navy Memorial,-77.02780487,38.89494698,1/1/2026 12:08:44
NC_ 1,"National Cathedral, Uptown, Georgetown",Michaela,Stop 3 - Dupont Circle,-77.0423527,38.90776683,1/1/2026 12:08:49
NC_2,"National Cathedral, Uptown, Georgetown",Cameron,Stop 7 - Georgetown/Old Stone House ,-77.06638619,38.9250487,1/1/2026 12:08:49
NC_3,"National Cathedral, Uptown, Georgetown",Stanley,Stop 9 - White House,-77.04864385,38.90202502,1/1/2026 12:08:49
ANC_1,Arlington National Cememtery,Sam,Lincoln Memorial,-77.06408408,38.88189284,1/1/2026 12:08:49
ANC_2,Arlington National Cememtery,Raphael,Arlington National Cemetery,-77.05251422,38.88876811,1/1/2026 12:08:49
NM_1,National Mall & Downtown,Stephan,Stop 3 - Air & Space Museum/National Museum of the American Indian,-77.01557314,38.88757256,1/1/2026 12:08:49
NM_2,National Mall & Downtown,Daniel,Stop 6 - FDR & MLK Memorials,-77.03902203,38.88008067,1/1/2026 12:08:49
NM_3,National Mall & Downtown,Nancy,Stop 8 - WWII Memorial & Washington Monument,-77.04101757,38.88693898,1/1/2026 12:08:49
NM_4,National Mall & Downtown,James,Stop 9 - Ford's Theater,-77.02191891,38.89541818,1/1/2026 12:08:49
NM_5,National Mall & Downtown,Melia,Stop 11 - National Archives/U.S. Navy Memorial,-77.02485963,38.89413128,1/1/2026 12:08:49
NM_6,National Mall & Downtown,Drew,Stop 2 - US Capitol/Supreme Court/Library of Congress,-77.00909348,38.89508904,1/1/2026 12:08:49
VA_1,National Mall & Virginia,David,Stop 4 - WWII Memorial/Washington Monument,-77.02130471,38.88757498,1/1/2026 12:08:49
VA_2,National Mall & Virginia,Riley,Stop 4 - WWII Memorial/Washington Monument,-77.04004583,38.86355686,1/1/2026 12:08:49
VA_3,National Mall & Virginia,Russell,Stop 4 - WWII Memorial/Washington Monument,-77.05906221,38.88287253,1/1/2026 12:08:49
VA_4,National Mall & Virginia,Phoebe,Stop 5 - National Archives/U.S. Navy Memorial,-77.02754624,38.89487702,1/1/2026 12:08:49
NC_ 1,"National Cathedral, Uptown, Georgetown",Michaela,Stop 3 - Dupont Circle,-77.04246477,38.90796123,1/1/2026 12:08:54
NC_2,"National Cathedral, Uptown, Georgetown",Cameron,Stop 7 - Georgetown/Old Stone House ,-77.06638735,38.92483569,1/1/2026 12:08:54
NC_3,"National Cathedral, Uptown, Georgetown",Stanley,Stop 9 - White House,-77.04839683,38.90193311,1/1/2026 12:08:54
ANC_1,Arlington National Cememtery,Sam,Lincoln Memorial,-77.06397234,38.88169825,1/1/2026 12:08:54
ANC_2,Arlington National Cememtery,Raphael,Arlington National Cemetery,-77.0525828,38.88897428,1/1/2026 12:08:54
NM_1,National Mall & Downtown,Stephan,Stop 3 - Air & Space Museum/National Museum of the American Indian,-77.01584695,38.88757215,1/1/2026 12:08:54
NM_2,National Mall & Downtown,Daniel,Stop 6 - FDR & MLK Memorials,-77.0392932,38.88008978,1/1/2026 12:08:54
NM_3,National Mall & Downtown,Nancy,Stop 8 - WWII Memorial & Washington Monument,-77.04074377,38.88694015,1/1/2026 12:08:54
NM_4,National Mall & Downtown,James,Stop 9 - Ford's Theater,-77.02191928,38.89563128,1/1/2026 12:08:54
NM_5,National Mall & Downtown,Melia,Stop 11 - National Archives/U.S. Navy Memorial,-77.02460198,38.89405916,1/1/2026 12:08:54
NM_6,National Mall & Downtown,Drew,Stop 2 - US Capitol/Supreme Court/Library of Congress,-77.0092946,38.89494443,1/1/2026 12:08:54
VA_1,National Mall & Virginia,David,Stop 4 - WWII Memorial/Washington Monument,-77.02157851,38.88757501,1/1/2026 12:08:54
VA_2,National Mall & Virginia,Riley,Stop 4 - WWII Memorial/Washington Monument,-77.03977699,38.86359397,1/1/2026 12:08:54
VA_3,National Mall & Virginia,Russell,Stop 4 - WWII Memorial/Washington Monument,-77.05928862,38.88299011,1/1/2026 12:08:54
VA_4,National Mall & Virginia,Phoebe,Stop 5 - National Archives/U.S. Navy Memorial,-77.02728761,38.89480705,1/1/2026 12:08:54
NC_ 1,"National Cathedral, Uptown, Georgetown",Michaela,Stop 3 - Dupont Circle,-77.04257667,38.90815569,1/1/2026 12:08:59
NC_2,"National Cathedral, Uptown, Georgetown",Cameron,Stop 7 - Georgetown/Old Stone House ,-77.06638448,38.92462269,1/1/2026 12:08:59
NC_3,"National Cathedral, Uptown, Georgetown",Stanley,Stop 9 - White House,-77.04814791,38.90184443,1/1/2026 12:08:59
ANC_1,Arlington National Cememtery,Sam,Lincoln Memorial,-77.06386059,38.88150367,1/1/2026 12:08:59
ANC_2,Arlington National Cememtery,Raphael,Arlington National Cemetery,-77.05261643,38.88918563,1/1/2026 12:08:59
NM_1,National Mall & Downtown,Stephan,Stop 3 - Air & Space Museum/National Museum of the American Indian,-77.01612075,38.88757221,1/1/2026 12:08:59
NM_2,National Mall & Downtown,Daniel,Stop 6 - FDR & MLK Memorials,-77.03955427,38.88002624,1/1/2026 12:08:59
NM_3,National Mall & Downtown,Nancy,Stop 8 - WWII Memorial & Washington Monument,-77.04046998,38.88694203,1/1/2026 12:08:59
NM_4,National Mall & Downtown,James,Stop 9 - Ford's Theater,-77.0219193,38.89584438,1/1/2026 12:08:59
NM_5,National Mall & Downtown,Melia,Stop 11 - National Archives/U.S. Navy Memorial,-77.02434432,38.89398705,1/1/2026 12:08:59
NM_6,National Mall & Downtown,Drew,Stop 2 - US Capitol/Supreme Court/Library of Congress,-77.00949571,38.89479983,1/1/2026 12:08:59
VA_1,National Mall & Virginia,David,Stop 4 - WWII Memorial/Washington Monument,-77.02185227,38.88757179,1/1/2026 12:08:59
VA_2,National Mall & Virginia,Riley,Stop 4 - WWII Memorial/Washington Monument,-77.03950407,38.86361109,1/1/2026 12:08:59
VA_3,National Mall & Virginia,Russell,Stop 4 - WWII Memorial/Washington Monument,-77.0594853,38.88313821,1/1/2026 12:08:59
VA_4,National Mall & Virginia,Phoebe,Stop 5 - National Archives/U.S. Navy Memorial,-77.02702906,38.8947369,1/1/2026 12:08:59
NC_ 1,"National Cathedral, Uptown, Georgetown",Michaela,Stop 3 - Dupont Circle,-77.04268872,38.90835009,1/1/2026 12:09:04
NC_2,"National Cathedral, Uptown, Georgetown",Cameron,Stop 7 - Georgetown/Old Stone House ,-77.06637042,38.92441033,1/1/2026 12:09:04
NC_3,"National Cathedral, Uptown, Georgetown",Stanley,Stop 9 - White House,-77.04789696,38.9017592,1/1/2026 12:09:04
ANC_1,Arlington National Cememtery,Sam,Lincoln Memorial,-77.06374885,38.88130908,1/1/2026 12:09:04
ANC_2,Arlington National Cememtery,Raphael,Arlington National Cemetery,-77.05261341,38.88939854,1/1/2026 12:09:04
NM_1,National Mall & Downtown,Stephan,Stop 3 - Air & Space Museum/National Museum of the American Indian,-77.01639454,38.88757111,1/1/2026 12:09:04
NM_2,National Mall & Downtown,Daniel,Stop 6 - FDR & MLK Memorials,-77.03981103,38.87995231,1/1/2026 12:09:04
NM_3,National Mall & Downtown,Nancy,Stop 8 - WWII Memorial & Washington Monument,-77.04019618,38.88694361,1/1/2026 12:09:04
NM_4,National Mall & Downtown,James,Stop 9 - Ford's Theater,-77.0219194,38.89605748,1/1/2026 12:09:04
NM_5,National Mall & Downtown,Melia,Stop 11 - National Archives/U.S. Navy Memorial,-77.02408667,38.89391493,1/1/2026 12:09:04
NM_6,National Mall & Downtown,Drew,Stop 2 - US Capitol/Supreme Court/Library of Congress,-77.00969396,38.89465284,1/1/2026 12:09:04
VA_1,National Mall & Virginia,David,Stop 4 - WWII Memorial/Washington Monument,-77.02212602,38.88757394,1/1/2026 12:09:04
VA_2,National Mall & Virginia,Riley,Stop 4 - WWII Memorial/Washington Monument,-77.03923093,38.86362591,1/1/2026 12:09:04
VA_3,National Mall & Virginia,Russell,Stop 4 - WWII Memorial/Washington Monument,-77.05967057,38.88329507,1/1/2026 12:09:04
VA_4,National Mall & Virginia,Phoebe,Stop 5 - National Archives/U.S. Navy Memorial,-77.02677125,38.89466514,1/1/2026 12:09:04
NC_ 1,"National Cathedral, Uptown, Georgetown",Michaela,Stop 3 - Dupont Circle,-77.04280137,38.90854429,1/1/2026 12:09:09
NC_2,"National Cathedral, Uptown, Georgetown",Cameron,Stop 7 - Georgetown/Old Stone House ,-77.06618998,38.92429912,1/1/2026 12:09:09
NC_3,"National Cathedral, Uptown, Georgetown",Stanley,Stop 9 - White House,-77.04764704,38.90167217,1/1/2026 12:09:09
ANC_1,Arlington National Cememtery,Sam,Lincoln Memorial,-77.06363711,38.88111449,1/1/2026 12:09:09
ANC_2,Arlington National Cememtery,Raphael,Arlington National Cemetery,-77.05257238,38.8896091,1/1/2026 12:09:09
NM_1,National Mall & Downtown,Stephan,Stop 3 - Air & Space Museum/National Museum of the American Indian,-77.01666834,38.88757098,1/1/2026 12:09:09
NM_2,National Mall & Downtown,Daniel,Stop 6 - FDR & MLK Memorials,-77.04002666,38.88004648,1/1/2026 12:09:09
NM_3,National Mall & Downtown,Nancy,Stop 8 - WWII Memorial & Washington Monument,-77.03992237,38.88694399,1/1/2026 12:09:09
NM_4,National Mall & Downtown,James,Stop 9 - Ford's Theater,-77.0220878,38.8961377,1/1/2026 12:09:09
NM_5,National Mall & Downtown,Melia,Stop 11 - National Archives/U.S. Navy Memorial,-77.02382844,38.89384411,1/1/2026 12:09:09
NM_6,National Mall & Downtown,Drew,Stop 2 - US Capitol/Supreme Court/Library of Congress,-77.00989271,38.89450626,1/1/2026 12:09:09
VA_1,National Mall & Virginia,David,Stop 4 - WWII Memorial/Washington Monument,-77.02239981,38.88757582,1/1/2026 12:09:09
VA_2,National Mall & Virginia,Riley,Stop 4 - WWII Memorial/Washington Monument,-77.03895778,38.86364073,1/1/2026 12:09:09
VA_3,National Mall & Virginia,Russell,Stop 4 - WWII Memorial/Washington Monument,-77.05984299,38.88346048,1/1/2026 12:09:09
VA_4,National Mall & Virginia,Phoebe,Stop 5 - National Archives/U.S. Navy Memorial,-77.02651343,38.89459338,1/1/2026 12:09:09
NC_ 1,"National Cathedral, Uptown, Georgetown",Michaela,Stop 3 - Dupont Circle,-77.04291403,38.90873848,1/1/2026 12:09:14
NC_2,"National Cathedral, Uptown, Georgetown",Cameron,Stop 7 - Georgetown/Old Stone House ,-77.06592588,38.92424332,1/1/2026 12:09:14
NC_3,"National Cathedral, Uptown, Georgetown",Stanley,Stop 9 - White House,-77.04739711,38.90158513,1/1/2026 12:09:14
ANC_1,Arlington National Cememtery,Sam,Lincoln Memorial,-77.06340061,38.8810306,1/1/2026 12:09:14
ANC_2,Arlington National Cememtery,Raphael,Arlington National Cemetery,-77.05249523,38.8898134,1/1/2026 12:09:14
NM_1,National Mall & Downtown,Stephan,Stop 3 - Air & Space Museum/National Museum of the American Indian,-77.01694215,38.88757186,1/1/2026 12:09:14
NM_2,National Mall & Downtown,Daniel,Stop 6 - FDR & MLK Memorials,-77.04024812,38.8801718,1/1/2026 12:09:14
NM_3,National Mall & Downtown,Nancy,Stop 8 - WWII Memorial & Washington Monument,-77.03964857,38.88694297,1/1/2026 12:09:14
NM_4,National Mall & Downtown,James,Stop 9 - Ford's Theater,-77.0223616,38.89613895,1/1/2026 12:09:14
NM_5,National Mall & Downtown,Melia,Stop 11 - National Archives/U.S. Navy Memorial,-77.0235687,38.89377669,1/1/2026 12:09:14
NM_6,National Mall & Downtown,Drew,Stop 2 - US Capitol/Supreme Court/Library of Congress,-77.01009248,38.89436053,1/1/2026 12:09:14
VA_1,National Mall & Virginia,David,Stop 4 - WWII Memorial/Washington Monument,-77.02267361,38.887576,1/1/2026 12:09:14
VA_2,National Mall & Virginia,Riley,Stop 4 - WWII Memorial/Washington Monument,-77.03868431,38.86365078,1/1/2026 12:09:14
VA_3,National Mall & Virginia,Russell,Stop 4 - WWII Memorial/Washington Monument,-77.06000966,38.88362957,1/1/2026 12:09:14
VA_4,National Mall & Virginia,Phoebe,Stop 5 - National Archives/U.S. Navy Memorial,-77.02625562,38.89452162,1/1/2026 12:09:14
NC_ 1,"National Cathedral, Uptown, Georgetown",Michaela,Stop 4 - Woodrow Wilson House/Textile Museum,-77.04302669,38.90893267,1/1/2026 12:09:19
NC_2,"National Cathedral, Uptown, Georgetown",Cameron,Stop 7 - Georgetown/Old Stone House ,-77.06566739,38.92417346,1/1/2026 12:09:19
NC_3,"National Cathedral, Uptown, Georgetown",Stanley,Stop 9 - White House,-77.04714718,38.9014981,1/1/2026 12:09:19
ANC_1,Arlington National Cememtery,Sam,Lincoln Memorial,-77.06326725,38.88115899,1/1/2026 12:09:19
ANC_2,Arlington National Cememtery,Raphael,Arlington National Cemetery,-77.05239324,38.89001118,1/1/2026 12:09:19
NM_1,National Mall & Downtown,Stephan,Stop 3 - Air & Space Museum/National Museum of the American Indian,-77.01721595,38.88757297,1/1/2026 12:09:19
NM_2,National Mall & Downtown,Daniel,Stop 6 - FDR & MLK Memorials,-77.0404708,38.88029583,1/1/2026 12:09:19
NM_3,National Mall & Downtown,Nancy,Stop 8 - WWII Memorial & Washington Monument,-77.03937478,38.88694074,1/1/2026 12:09:19
NM_4,National Mall & Downtown,James,Stop 9 - Ford's Theater,-77.0226354,38.89614033,1/1/2026 12:09:19
NM_5,National Mall & Downtown,Melia,Stop 11 - National Archives/U.S. Navy Memorial,-77.02330942,38.89370823,1/1/2026 12:09:19
NM_6,National Mall & Downtown,Drew,Stop 2 - US Capitol/Supreme Court/Library of Congress,-77.01029415,38.89421639,1/1/2026 12:09:19
VA_1,National Mall & Virginia,David,Stop 4 - WWII Memorial/Washington Monument,-77.02294742,38.88757598,1/1/2026 12:09:19
VA_2,National Mall & Virginia,Riley,Stop 4 - WWII Memorial/Washington Monument,-77.03841068,38.86365825,1/1/2026 12:09:19
VA_3,National Mall & Virginia,Russell,Stop 4 - WWII Memorial/Washington Monument,-77.06016756,38.88380366,1/1/2026 12:09:19
VA_4,National Mall & Virginia,Phoebe,Stop 5 - National Archives/U.S. Navy Memorial,-77.02599781,38.89444985,1/1/2026 12:09:19
NC_ 1,"National Cathedral, Uptown, Georgetown",Michaela,Stop 4 - Woodrow Wilson House/Textile Museum,-77.04313948,38.90912682,1/1/2026 12:09:24
NC_2,"National Cathedral, Uptown, Georgetown",Cameron,Stop 7 - Georgetown/Old Stone House ,-77.06541754,38.92408698,1/1/2026 12:09:24
NC_3,"National Cathedral, Uptown, Georgetown",Stanley,Stop 9 - White House,-77.04689743,38.90141077,1/1/2026 12:09:24
ANC_1,Arlington National Cememtery,Sam,Lincoln Memorial,-77.0633849,38.88135134,1/1/2026 12:09:24
ANC_2,Arlington National Cememtery,Raphael,Arlington National Cemetery,-77.05228836,38.89020804,1/1/2026 12:09:24
NM_1,National Mall & Downtown,Stephan,Stop 3 - Air & Space Museum/National Museum of the American Indian,-77.01748962,38.88757838,1/1/2026 12:09:24
NM_2,National Mall & Downtown,Daniel,Stop 6 - FDR & MLK Memorials,-77.04071138,38.88039455,1/1/2026 12:09:24
NM_3,National Mall & Downtown,Nancy,Stop 8 - WWII Memorial & Washington Monument,-77.03910098,38.88693912,1/1/2026 12:09:24
NM_4,National Mall & Downtown,James,Stop 9 - Ford's Theater,-77.0229092,38.89614199,1/1/2026 12:09:24
NM_5,National Mall & Downtown,Melia,Stop 11 - National Archives/U.S. Navy Memorial,-77.02305276,38.89363401,1/1/2026 12:09:24
NM_6,National Mall & Downtown,Drew,Stop 2 - US Capitol/Supreme Court/Library of Congress,-77.01049694,38.8940732,1/1/2026 12:09:24
VA_1,National Mall & Virginia,David,Stop 4 - WWII Memorial/Washington Monument,-77.02322123,38.88757651,1/1/2026 12:09:24
VA_2,National Mall & Virginia,Riley,Stop 4 - WWII Memorial/Washington Monument,-77.03813704,38.86366567,1/1/2026 12:09:24
VA_3,National Mall & Virginia,Russell,Stop 4 - WWII Memorial/Washington Monument,-77.06031708,38.8839822,1/1/2026 12:09:24
VA_4,National Mall & Virginia,Phoebe,Stop 5 - National Archives/U.S. Navy Memorial,-77.02574015,38.89437773,1/1/2026 12:09:24
NC_ 1,"National Cathedral, Uptown, Georgetown",Michaela,Stop 4 - Woodrow Wilson House/Textile Museum,-77.04325226,38.90932096,1/1/2026 12:09:29
NC_2,"National Cathedral, Uptown, Georgetown",Cameron,Stop 7 - Georgetown/Old Stone House ,-77.06517574,38.92398704,1/1/2026 12:09:29
NC_3,"National Cathedral, Uptown, Georgetown",Stanley,Stop 9 - White House,-77.0466477,38.90132339,1/1/2026 12:09:29
ANC_1,Arlington National Cememtery,Sam,Lincoln Memorial,-77.06349598,38.88154616,1/1/2026 12:09:29
ANC_2,Arlington National Cememtery,Raphael,Arlington National Cemetery,-77.05218361,38.89040494,1/1/2026 12:09:29
NM_1,National Mall & Downtown,Stephan,Stop 3 - Air & Space Museum/National Museum of the American Indian,-77.01776339,38.88757637,1/1/2026 12:09:29
NM_2,National Mall & Downtown,Daniel,Stop 6 - FDR & MLK Memorials,-77.0409831,38.88039333,1/1/2026 12:09:29
NM_3,National Mall & Downtown,Nancy,Stop 8 - WWII Memorial & Washington Monument,-77.03882717,38.88693876,1/1/2026 12:09:29
NM_4,National Mall & Downtown,James,Stop 9 - Ford's Theater,-77.023183,38.89614069,1/1/2026 12:09:29
NM_5,National Mall & Downtown,Melia,Stop 11 - National Archives/U.S. Navy Memorial,-77.02279651,38.89355894,1/1/2026 12:09:29
NM_6,National Mall & Downtown,Drew,Stop 2 - US Capitol/Supreme Court/Library of Congress,-77.01069851,38.89392901,1/1/2026 12:09:29
VA_1,National Mall & Virginia,David,Stop 4 - WWII Memorial/Washington Monument,-77.02349503,38.88757491,1/1/2026 12:09:29
VA_2,National Mall & Virginia,Riley,Stop 4 - WWII Memorial/Washington Monument,-77.03786323,38.86366576,1/1/2026 12:09:29
VA_3,National Mall & Virginia,Russell,Stop 4 - WWII Memorial/Washington Monument,-77.06046277,38.88416266,1/1/2026 12:09:29
VA_4,National Mall & Virginia,Phoebe,Stop 5 - National Archives/U.S. Navy Memorial,-77.0254825,38.89430562,1/1/2026 12:09:29
NC_ 1,"National Cathedral, Uptown, Georgetown",Michaela,Stop 4 - Woodrow Wilson House/Textile Museum,-77.04336505,38.90951511,1/1/2026 12:09:34
NC_2,"National Cathedral, Uptown, Georgetown",Cameron,Stop 7 - Georgetown/Old Stone House ,-77.0649427,38.92387554,1/1/2026 12:09:34
NC_3,"National Cathedral, Uptown, Georgetown",Stanley,Stop 9 - White House,-77.04639802,38.90123593,1/1/2026 12:09:34
ANC_1,Arlington National Cememtery,Sam,Lincoln Memorial,-77.06360707,38.88174097,1/1/2026 12:09:34
ANC_2,Arlington National Cememtery,Raphael,Arlington National Cemetery,-77.05202481,38.89056759,1/1/2026 12:09:34
NM_1,National Mall & Downtown,Stephan,Stop 3 - Air & Space Museum/National Museum of the American Indian,-77.01803719,38.8875758,1/1/2026 12:09:34
NM_2,National Mall & Downtown,Daniel,Stop 6 - FDR & MLK Memorials,-77.04124989,38.88034565,1/1/2026 12:09:34
NM_3,National Mall & Downtown,Nancy,Stop 8 - WWII Memorial & Washington Monument,-77.03855337,38.8869384,1/1/2026 12:09:34
NM_4,National Mall & Downtown,James,Stop 9 - Ford's Theater,-77.02345679,38.89613889,1/1/2026 12:09:34
NM_5,National Mall & Downtown,Melia,Stop 1 - Union Station,-77.02254025,38.89348386,1/1/2026 12:09:34
NM_6,National Mall & Downtown,Drew,Stop 2 - US Capitol/Supreme Court/Library of Congress,-77.01089451,38.8937802,1/1/2026 12:09:34
VA_1,National Mall & Virginia,David,Stop 4 - WWII Memorial/Washington Monument,-77.02376881,38.88757212,1/1/2026 12:09:34
VA_2,National Mall & Virginia,Riley,Stop 4 - WWII Memorial/Washington Monument,-77.03759235,38.86368202,1/1/2026 12:09:34
VA_3,National Mall & Virginia,Russell,Stop 4 - WWII Memorial/Washington Monument,-77.06059944,38.88434732,1/1/2026 12:09:34
VA_4,National Mall & Virginia,Phoebe,Stop 5 - National Archives/U.S. Navy Memorial,-77.02522485,38.8942335,1/1/2026 12:09:34
NC_ 1,"National Cathedral, Uptown, Georgetown",Michaela,Stop 4 - Woodrow Wilson House/Textile Museum,-77.04347784,38.90970925,1/1/2026 12:09:39
NC_2,"National Cathedral, Uptown, Georgetown",Cameron,Stop 7 - Georgetown/Old Stone House ,-77.06472238,38.92374913,1/1/2026 12:09:39
NC_3,"National Cathedral, Uptown, Georgetown",Stanley,Stop 9 - White House,-77.0461485,38.90114819,1/1/2026 12:09:39
ANC_1,Arlington National Cememtery,Sam,Lincoln Memorial,-77.06371815,38.88193578,1/1/2026 12:09:39
ANC_2,Arlington National Cememtery,Raphael,Arlington National Cemetery,-77.05183955,38.89072452,1/1/2026 12:09:39
NM_1,National Mall & Downtown,Stephan,Stop 3 - Air & Space Museum/National Museum of the American Indian,-77.018311,38.88757598,1/1/2026 12:09:39
NM_2,National Mall & Downtown,Daniel,Stop 6 - FDR & MLK Memorials,-77.04152273,38.88034243,1/1/2026 12:09:39
NM_3,National Mall & Downtown,Nancy,Stop 8 - WWII Memorial & Washington Monument,-77.03827956,38.88693804,1/1/2026 12:09:39
NM_4,National Mall & Downtown,James,Stop 9 - Ford's Theater,-77.0237306,38.89613978,1/1/2026 12:09:39
NM_5,National Mall & Downtown,Melia,Stop 1 - Union Station,-77.022284,38.89340879,1/1/2026 12:09:39
NM_6,National Mall & Downtown,Drew,Stop 2 - US Capitol/Supreme Court/Library of Congress,-77.01109527,38.89363529,1/1/2026 12:09:39
VA_1,National Mall & Virginia,David,Stop 4 - WWII Memorial/Washington Monument,-77.02404257,38.88757345,1/1/2026 12:09:39
VA_2,National Mall & Virginia,Riley,Stop 4 - WWII Memorial/Washington Monument,-77.03732919,38.86374089,1/1/2026 12:09:39
VA_3,National Mall & Virginia,Russell,Stop 4 - WWII Memorial/Washington Monument,-77.06072918,38.88453501,1/1/2026 12:09:39
VA_4,National Mall & Virginia,Phoebe,Stop 5 - National Archives/U.S. Navy Memorial,-77.02496719,38.89416139,1/1/2026 12:09:39
NC_ 1,"National Cathedral, Uptown, Georgetown",Michaela,Stop 4 - Woodrow Wilson House/Textile Museum,-77.04359062,38.90990339,1/1/2026 12:09:44
NC_2,"National Cathedral, Uptown, Georgetown",Cameron,Stop 7 - Georgetown/Old Stone House ,-77.06451221,38.92361271,1/1/2026 12:09:44
NC_3,"National Cathedral, Uptown, Georgetown",Stanley,Stop 9 - White House,-77.04589877,38.90106082,1/1/2026 12:09:44
ANC_1,Arlington National Cememtery,Sam,Lincoln Memorial,-77.06382923,38.8821306,1/1/2026 12:09:44
ANC_2,Arlington National Cememtery,Raphael,Arlington National Cemetery,-77.05161395,38.89084106,1/1/2026 12:09:44
NM_1,National Mall & Downtown,Stephan,Stop 3 - Air & Space Museum/National Museum of the American Indian,-77.0185848,38.88757598,1/1/2026 12:09:44
NM_2,National Mall & Downtown,Daniel,Stop 6 - FDR & MLK Memorials,-77.04177455,38.88042179,1/1/2026 12:09:44
NM_3,National Mall & Downtown,Nancy,Stop 8 - WWII Memorial & Washington Monument,-77.03800575,38.88693767,1/1/2026 12:09:44
NM_4,National Mall & Downtown,James,Stop 9 - Ford's Theater,-77.0240044,38.89614028,1/1/2026 12:09:44
NM_5,National Mall & Downtown,Melia,Stop 1 - Union Station,-77.02202774,38.89333372,1/1/2026 12:09:44
NM_6,National Mall & Downtown,Drew,Stop 2 - US Capitol/Supreme Court/Library of Congress,-77.01129666,38.8934909,1/1/2026 12:09:44
VA_1,National Mall & Virginia,David,Stop 4 - WWII Memorial/Washington Monument,-77.02431637,38.88757514,1/1/2026 12:09:44
VA_2,National Mall & Virginia,Riley,Stop 4 - WWII Memorial/Washington Monument,-77.03709323,38.86384833,1/1/2026 12:09:44
VA_3,National Mall & Virginia,Russell,Stop 4 - WWII Memorial/Washington Monument,-77.0608569,38.88472353,1/1/2026 12:09:44
VA_4,National Mall & Virginia,Phoebe,Stop 5 - National Archives/U.S. Navy Memorial,-77.02470954,38.89408927,1/1/2026 12:09:44
NC_ 1,"National Cathedral, Uptown, Georgetown",Michaela,Stop 4 - Woodrow Wilson House/Textile Museum,-77.04370341,38.91009754,1/1/2026 12:09:49
NC_2,"National Cathedral, Uptown, Georgetown",Cameron,Stop 7 - Georgetown/Old Stone House ,-77.06431724,38.92346326,1/1/2026 12:09:49
NC_3,"National Cathedral, Uptown, Georgetown",Stanley,Stop 9 - White House,-77.04564889,38.9009737,1/1/2026 12:09:49
ANC_1,Arlington National Cememtery,Sam,Lincoln Memorial,-77.06394032,38.88232541,1/1/2026 12:09:49
ANC_2,Arlington National Cememtery,Raphael,Arlington National Cemetery,-77.05134946,38.89089007,1/1/2026 12:09:49
NM_1,National Mall & Downtown,Stephan,Stop 3 - Air & Space Museum/National Museum of the American Indian,-77.01885861,38.887576,1/1/2026 12:09:49
NM_2,National Mall & Downtown,Daniel,Stop 6 - FDR & MLK Memorials,-77.04199165,38.88055159,1/1/2026 12:09:49
NM_3,National Mall & Downtown,Nancy,Stop 8 - WWII Memorial & Washington Monument,-77.03776509,38.88698718,1/1/2026 12:09:49
NM_4,National Mall & Downtown,James,Stop 9 - Ford's Theater,-77.0242782,38.89613877,1/1/2026 12:09:49
NM_5,National Mall & Downtown,Melia,Stop 1 - Union Station,-77.02176906,38.89326404,1/1/2026 12:09:49
NM_6,National Mall & Downtown,Drew,Stop 2 - US Capitol/Supreme Court/Library of Congress,-77.01149841,38.89334683,1/1/2026 12:09:49
VA_1,National Mall & Virginia,David,Stop 4 - WWII Memorial/Washington Monument,-77.02459017,38.8875754,1/1/2026 12:09:49
VA_2,National Mall & Virginia,Riley,Stop 4 - WWII Memorial/Washington Monument,-77.03697661,38.86403626,1/1/2026 12:09:49
VA_3,National Mall & Virginia,Russell,Stop 4 - WWII Memorial/Washington Monument,-77.06098132,38.88491336,1/1/2026 12:09:49
VA_4,National Mall & Virginia,Phoebe,Stop 5 - National Archives/U.S. Navy Memorial,-77.02445189,38.89401716,1/1/2026 12:09:49
NC_ 1,"National Cathedral, Uptown, Georgetown",Michaela,Stop 4 - Woodrow Wilson House/Textile Museum,-77.04381618,38.91029169,1/1/2026 12:09:54
NC_2,"National Cathedral, Uptown, Georgetown",Cameron,Stop 7 - Georgetown/Old Stone House ,-77.06413473,38.92330458,1/1/2026 12:09:54
NC_3,"National Cathedral, Uptown, Georgetown",Stanley,Stop 9 - White House,-77.04539896,38.90088667,1/1/2026 12:09:54
ANC_1,Arlington National Cememtery,Sam,Lincoln Memorial,-77.0640514,38.88252022,1/1/2026 12:09:54
ANC_2,Arlington National Cememtery,Raphael,Arlington National Cemetery,-77.05108584,38.89084416,1/1/2026 12:09:54
NM_1,National Mall & Downtown,Stephan,Stop 3 - Air & Space Museum/National Museum of the American Indian,-77.01913242,38.88757606,1/1/2026 12:09:54
NM_2,National Mall & Downtown,Daniel,Stop 6 - FDR & MLK Memorials,-77.04220519,38.88068498,1/1/2026 12:09:54
NM_3,National Mall & Downtown,Nancy,Stop 8 - WWII Memorial & Washington Monument,-77.03757993,38.88714236,1/1/2026 12:09:54
NM_4,National Mall & Downtown,James,Stop 9 - Ford's Theater,-77.02455201,38.89613914,1/1/2026 12:09:54
NM_5,National Mall & Downtown,Melia,Stop 1 - Union Station,-77.02150865,38.89319818,1/1/2026 12:09:54
NM_6,National Mall & Downtown,Drew,Stop 2 - US Capitol/Supreme Court/Library of Congress,-77.01170016,38.89320275,1/1/2026 12:09:54
VA_1,National Mall & Virginia,David,Stop 4 - WWII Memorial/Washington Monument,-77.02486398,38.88757517,1/1/2026 12:09:54
VA_2,National Mall & Virginia,Riley,Stop 4 - WWII Memorial/Washington Monument,-77.03694095,38.86424687,1/1/2026 12:09:54
VA_3,National Mall & Virginia,Russell,Stop 4 - WWII Memorial/Washington Monument,-77.06109833,38.88510605,1/1/2026 12:09:54
VA_4,National Mall & Virginia,Phoebe,Stop 5 - National Archives/U.S. Navy Memorial,-77.02419423,38.89394504,1/1/2026 12:09:54
NC_ 1,"National Cathedral, Uptown, Georgetown",Michaela,Stop 4 - Woodrow Wilson House/Textile Museum,-77.04392903,38.91048581,1/1/2026 12:09:59
NC_2,"National Cathedral, Uptown, Georgetown",Cameron,Stop 7 - Georgetown/Old Stone House ,-77.06396897,38.92313525,1/1/2026 12:09:59
NC_3,"National Cathedral, Uptown, Georgetown",Stanley,Stop 9 - White House,-77.0451493,38.90079919,1/1/2026 12:09:59
ANC_1,Arlington National Cememtery,Sam,Lincoln Memorial,-77.06422824,38.88265789,1/1/2026 12:09:59
ANC_2,Arlington National Cememtery,Raphael,Arlington National Cemetery,-77.0508731,38.89071443,1/1/2026 12:09:59
NM_1,National Mall & Downtown,Stephan,Stop 3 - Air & Space Museum/National Museum of the American Indian,-77.01940623,38.88757597,1/1/2026 12:09:59
NM_2,National Mall & Downtown,Daniel,Stop 6 - FDR & MLK Memorials,-77.04241352,38.88082329,1/1/2026 12:09:59
NM_3,National Mall & Downtown,Nancy,Stop 8 - WWII Memorial & Washington Monument,-77.03752318,38.88734815,1/1/2026 12:09:59
NM_4,National Mall & Downtown,James,Stop 9 - Ford's Theater,-77.02482581,38.8961395,1/1/2026 12:09:59
NM_5,National Mall & Downtown,Melia,Stop 1 - Union Station,-77.02124825,38.89313233,1/1/2026 12:09:59
NM_6,National Mall & Downtown,Drew,Stop 2 - US Capitol/Supreme Court/Library of Congress,-77.01190191,38.89305868,1/1/2026 12:09:59
VA_1,National Mall & Virginia,David,Stop 4 - WWII Memorial/Washington Monument,-77.02513779,38.88757514,1/1/2026 12:09:59
VA_2,National Mall & Virginia,Riley,Stop 4 - WWII Memorial/Washington Monument,-77.03693156,38.86445994,1/1/2026 12:09:59
VA_3,National Mall & Virginia,Russell,Stop 4 - WWII Memorial/Washington Monument,-77.06121461,38.885299,1/1/2026 12:09:59
VA_4,National Mall & Virginia,Phoebe,Stop 5 - National Archives/U.S. Navy Memorial,-77.0239366,38.89387289,1/1/2026 12:09:59
NC_ 1,"National Cathedral, Uptown, Georgetown",Michaela,Stop 4 - Woodrow Wilson House/Textile Museum,-77.0440419,38.91067992,1/1/2026 12:10:04
NC_2,"National Cathedral, Uptown, Georgetown",Cameron,Stop 7 - Georgetown/Old Stone House ,-77.06382026,38.92295653,1/1/2026 12:10:04
NC_3,"National Cathedral, Uptown, Georgetown",Stanley,Stop 9 - White House,-77.04489943,38.90071206,1/1/2026 12:10:04
ANC_1,Arlington National Cememtery,Sam,Lincoln Memorial,-77.06448918,38.88272247,1/1/2026 12:10:04
ANC_2,Arlington National Cememtery,Raphael,Arlington National Cemetery,-77.05076304,38.89052247,1/1/2026 12:10:04
NM_1,National Mall & Downtown,Stephan,Stop 3 - Air & Space Museum/National Museum of the American Indian,-77.01968003,38.88757553,1/1/2026 12:10:04
NM_2,National Mall & Downtown,Daniel,Stop 6 - FDR & MLK Memorials,-77.04262091,38.88096246,1/1/2026 12:10:04
NM_3,National Mall & Downtown,Nancy,Stop 8 - WWII Memorial & Washington Monument,-77.03760828,38.88754863,1/1/2026 12:10:04
NM_4,National Mall & Downtown,James,Stop 9 - Ford's Theater,-77.02509962,38.89613903,1/1/2026 12:10:04
NM_5,National Mall & Downtown,Melia,Stop 1 - Union Station,-77.02098784,38.89306647,1/1/2026 12:10:04
NM_6,National Mall & Downtown,Drew,Stop 2 - US Capitol/Supreme Court/Library of Congress,-77.01210423,38.89291508,1/1/2026 12:10:04
VA_1,National Mall & Virginia,David,Stop 4 - WWII Memorial/Washington Monument,-77.02541159,38.88757523,1/1/2026 12:10:04
VA_2,National Mall & Virginia,Riley,Stop 4 - WWII Memorial/Washington Monument,-77.03692218,38.86467301,1/1/2026 12:10:04
VA_3,National Mall & Virginia,Russell,Stop 4 - WWII Memorial/Washington Monument,-77.06132578,38.88549378,1/1/2026 12:10:04
VA_4,National Mall & Virginia,Phoebe,Stop 5 - National Archives/U.S. Navy Memorial,-77.02367714,38.89380484,1/1/2026 12:10:04
NC_ 1,"National Cathedral, Uptown, Georgetown",Michaela,Stop 4 - Woodrow Wilson House/Textile Museum,-77.04415476,38.91087403,1/1/2026 12:10:09
NC_2,"National Cathedral, Uptown, Georgetown",Cameron,Stop 7 - Georgetown/Old Stone House ,-77.06368695,38.92277071,1/1/2026 12:10:09
NC_3,"National Cathedral, Uptown, Georgetown",Stanley,Stop 9 - White House,-77.04464943,38.90062515,1/1/2026 12:10:09
ANC_1,Arlington National Cememtery,Sam,Lincoln Memorial,-77.06465037,38.88287894,1/1/2026 12:10:09
ANC_2,Arlington National Cememtery,Raphael,Arlington National Cemetery,-77.05078817,38.89031209,1/1/2026 12:10:09
NM_1,National Mall & Downtown,Stephan,Stop 3 - Air & Space Museum/National Museum of the American Indian,-77.01995384,38.88757483,1/1/2026 12:10:09
NM_2,National Mall & Downtown,Daniel,Stop 6 - FDR & MLK Memorials,-77.0428277,38.88110217,1/1/2026 12:10:09
NM_3,National Mall & Downtown,Nancy,Stop 8 - WWII Memorial & Washington Monument,-77.03779404,38.88770354,1/1/2026 12:10:09
NM_4,National Mall & Downtown,James,Stop 9 - Ford's Theater,-77.02537343,38.89613901,1/1/2026 12:10:09
NM_5,National Mall & Downtown,Melia,Stop 1 - Union Station,-77.02072784,38.89299973,1/1/2026 12:10:09
NM_6,National Mall & Downtown,Drew,Stop 2 - US Capitol/Supreme Court/Library of Congress,-77.01217165,38.89272568,1/1/2026 12:10:09
VA_1,National Mall & Virginia,David,Stop 4 - WWII Memorial/Washington Monument,-77.0256854,38.88757476,1/1/2026 12:10:09
VA_2,National Mall & Virginia,Riley,Stop 4 - WWII Memorial/Washington Monument,-77.03691279,38.86488608,1/1/2026 12:10:09
VA_3,National Mall & Virginia,Russell,Stop 4 - WWII Memorial/Washington Monument,-77.06143682,38.8856886,1/1/2026 12:10:09
VA_4,National Mall & Virginia,Phoebe,Stop 5 - National Archives/U.S. Navy Memorial,-77.0234174,38.89373741,1/1/2026 12:10:09
NC_ 1,"National Cathedral, Uptown, Georgetown",Michaela,Stop 4 - Woodrow Wilson House/Textile Museum,-77.04426761,38.91106815,1/1/2026 12:10:14
NC_2,"National Cathedral, Uptown, Georgetown",Cameron,Stop 7 - Georgetown/Old Stone House ,-77.06357096,38.92257795,1/1/2026 12:10:14
NC_3,"National Cathedral, Uptown, Georgetown",Stanley,Stop 9 - White House,-77.04439935,38.90053838,1/1/2026 12:10:14
ANC_1,Arlington National Cememtery,Sam,Lincoln Memorial,-77.06476211,38.88307352,1/1/2026 12:10:14
ANC_2,Arlington National Cememtery,Raphael,Arlington National Cemetery,-77.05089349,38.89011546,1/1/2026 12:10:14
NM_1,National Mall & Downtown,Stephan,Stop 4 - Smithsonian Castle,-77.02022764,38.88757486,1/1/2026 12:10:14
NM_2,National Mall & Downtown,Daniel,Stop 6 - FDR & MLK Memorials,-77.04303364,38.88124263,1/1/2026 12:10:14
NM_3,National Mall & Downtown,Nancy,Stop 8 - WWII Memorial & Washington Monument,-77.03803827,38.88779432,1/1/2026 12:10:14
NM_4,National Mall & Downtown,James,Stop 9 - Ford's Theater,-77.02564723,38.8961395,1/1/2026 12:10:14
NM_5,National Mall & Downtown,Melia,Stop 1 - Union Station,-77.02047053,38.89292687,1/1/2026 12:10:14
NM_6,National Mall & Downtown,Drew,Stop 2 - US Capitol/Supreme Court/Library of Congress,-77.01216928,38.89251258,1/1/2026 12:10:14
VA_1,National Mall & Virginia,David,Stop 4 - WWII Memorial/Washington Monument,-77.02595921,38.88757415,1/1/2026 12:10:14
VA_2,National Mall & Virginia,Riley,Stop 4 - WWII Memorial/Washington Monument,-77.03690341,38.86509915,1/1/2026 12:10:14
VA_3,National Mall & Virginia,Russell,Stop 4 - WWII Memorial/Washington Monument,-77.06154388,38.88588473,1/1/2026 12:10:14
VA_4,National Mall & Virginia,Phoebe,Stop 5 - National Archives/U.S. Navy Memorial,-77.02315984,38.89366515,1/1/2026 12:10:14
NC_ 1,"National Cathedral, Uptown, Georgetown",Michaela,Stop 4 - Woodrow Wilson House/Textile Museum,-77.0443804,38.91126229,1/1/2026 12:10:19
NC_2,"National Cathedral, Uptown, Georgetown",Cameron,Stop 7 - Georgetown/Old Stone House ,-77.06347303,38.92237928,1/1/2026 12:10:19
NC_3,"National Cathedral, Uptown, Georgetown",Stanley,Stop 9 - White House,-77.04414948,38.90045125,1/1/2026 12:10:19
ANC_1,Arlington National Cememtery,Sam,Lincoln Memorial,-77.06487386,38.8832681,1/1/2026 12:10:19
ANC_2,Arlington National Cememtery,Raphael,Arlington National Cemetery,-77.05103012,38.88993554,1/1/2026 12:10:19
NM_1,National Mall & Downtown,Stephan,Stop 4 - Smithsonian Castle,-77.02050145,38.88757489,1/1/2026 12:10:19
NM_2,National Mall & Downtown,Daniel,Stop 6 - FDR & MLK Memorials,-77.04323847,38.88138407,1/1/2026 12:10:19
NM_3,National Mall & Downtown,Nancy,Stop 8 - WWII Memorial & Washington Monument,-77.03829969,38.88785741,1/1/2026 12:10:19
NM_4,National Mall & Downtown,James,Stop 10 -White House Visitor Center,-77.02592104,38.89614056,1/1/2026 12:10:19
NM_5,National Mall & Downtown,Melia,Stop 1 - Union Station,-77.02021311,38.89285427,1/1/2026 12:10:19
NM_6,National Mall & Downtown,Drew,Stop 2 - US Capitol/Supreme Court/Library of Congress,-77.01217154,38.89229949,1/1/2026 12:10:19
VA_1,National Mall & Virginia,David,Stop 4 - WWII Memorial/Washington Monument,-77.02623301,38.88757398,1/1/2026 12:10:19
VA_2,National Mall & Virginia,Riley,Stop 4 - WWII Memorial/Washington Monument,-77.03689402,38.86531221,1/1/2026 12:10:19
VA_3,National Mall & Virginia,Russell,Stop 4 - WWII Memorial/Washington Monument,-77.0616472,38.8860821,1/1/2026 12:10:19
VA_4,National Mall & Virginia,Phoebe,Stop 5 - National Archives/U.S. Navy Memorial,-77.02290349,38.89359028,1/1/2026 12:10:19
NC_ 1,"National Cathedral, Uptown, Georgetown",Michaela,Stop 4 - Woodrow Wilson House/Textile Museum,-77.0444932,38.91145643,1/1/2026 12:10:24
NC_2,"National Cathedral, Uptown, Georgetown",Cameron,Stop 7 - Georgetown/Old Stone House ,-77.06339261,38.92217574,1/1/2026 12:10:24
NC_3,"National Cathedral, Uptown, Georgetown",Stanley,Stop 9 - White House,-77.04389965,38.90036405,1/1/2026 12:10:24
ANC_1,Arlington National Cememtery,Sam,Lincoln Memorial,-77.0649856,38.88346268,1/1/2026 12:10:24
ANC_2,Arlington National Cememtery,Raphael,Arlington National Cemetery,-77.05120125,38.8897697,1/1/2026 12:10:24
NM_1,National Mall & Downtown,Stephan,Stop 4 - Smithsonian Castle,-77.02077526,38.88757492,1/1/2026 12:10:24
NM_2,National Mall & Downtown,Daniel,Stop 6 - FDR & MLK Memorials,-77.04344231,38.88152638,1/1/2026 12:10:24
NM_3,National Mall & Downtown,Nancy,Stop 8 - WWII Memorial & Washington Monument,-77.03856222,38.88791794,1/1/2026 12:10:24
NM_4,National Mall & Downtown,James,Stop 10 -White House Visitor Center,-77.02619483,38.89613932,1/1/2026 12:10:24
NM_5,National Mall & Downtown,Melia,Stop 1 - Union Station,-77.01995568,38.89278167,1/1/2026 12:10:24
NM_6,National Mall & Downtown,Drew,Stop 2 - US Capitol/Supreme Court/Library of Congress,-77.0121757,38.8920864,1/1/2026 12:10:24
VA_1,National Mall & Virginia,David,Stop 4 - WWII Memorial/Washington Monument,-77.02650682,38.88757387,1/1/2026 12:10:24
VA_2,National Mall & Virginia,Riley,Stop 4 - WWII Memorial/Washington Monument,-77.03688463,38.86552528,1/1/2026 12:10:24
VA_3,National Mall & Virginia,Russell,Stop 4 - WWII Memorial/Washington Monument,-77.06174051,38.88628238,1/1/2026 12:10:24
VA_4,National Mall & Virginia,Phoebe,Stop 1 - Union Station,-77.02264723,38.89351521,1/1/2026 12:10:24
NC_ 1,"National Cathedral, Uptown, Georgetown",Michaela,Stop 4 - Woodrow Wilson House/Textile Museum,-77.044606,38.91165056,1/1/2026 12:10:29
NC_2,"National Cathedral, Uptown, Georgetown",Cameron,Stop 7 - Georgetown/Old Stone House ,-77.06333346,38.92196784,1/1/2026 12:10:29
NC_3,"National Cathedral, Uptown, Georgetown",Stanley,Stop 9 - White House,-77.04365004,38.90027648,1/1/2026 12:10:29
ANC_1,Arlington National Cememtery,Sam,Lincoln Memorial,-77.06509734,38.88365726,1/1/2026 12:10:29
ANC_2,Arlington National Cememtery,Raphael,Arlington National Cemetery,-77.05131853,38.88957769,1/1/2026 12:10:29
NM_1,National Mall & Downtown,Stephan,Stop 4 - Smithsonian Castle,-77.02104906,38.88757495,1/1/2026 12:10:29
NM_2,National Mall & Downtown,Daniel,Stop 6 - FDR & MLK Memorials,-77.04364522,38.88166949,1/1/2026 12:10:29
NM_3,National Mall & Downtown,Nancy,Stop 8 - WWII Memorial & Washington Monument,-77.03882519,38.88797698,1/1/2026 12:10:29
NM_4,National Mall & Downtown,James,Stop 10 -White House Visitor Center,-77.02646864,38.89613997,1/1/2026 12:10:29
NM_5,National Mall & Downtown,Melia,Stop 1 - Union Station,-77.01969792,38.89270978,1/1/2026 12:10:29
NM_6,National Mall & Downtown,Drew,Stop 2 - US Capitol/Supreme Court/Library of Congress,-77.01217488,38.89187329,1/1/2026 12:10:29
VA_1,National Mall & Virginia,David,Stop 4 - WWII Memorial/Washington Monument,-77.02678063,38.88757376,1/1/2026 12:10:29
VA_2,National Mall & Virginia,Riley,Stop 4 - WWII Memorial/Washington Monument,-77.03687525,38.86573835,1/1/2026 12:10:29
VA_3,National Mall & Virginia,Russell,Stop 4 - WWII Memorial/Washington Monument,-77.06181755,38.88648663,1/1/2026 12:10:29
VA_4,National Mall & Virginia,Phoebe,Stop 1 - Union Station,-77.02239098,38.89344013,1/1/2026 12:10:29
NC_ 1,"National Cathedral, Uptown, Georgetown",Michaela,Stop 4 - Woodrow Wilson House/Textile Museum,-77.0447188,38.91184469,1/1/2026 12:10:34
NC_2,"National Cathedral, Uptown, Georgetown",Cameron,Stop 7 - Georgetown/Old Stone House ,-77.06328722,38.92175799,1/1/2026 12:10:34
NC_3,"National Cathedral, Uptown, Georgetown",Stanley,Stop 9 - White House,-77.04340138,38.90018729,1/1/2026 12:10:34
ANC_1,Arlington National Cememtery,Sam,Lincoln Memorial,-77.06514223,38.88383238,1/1/2026 12:10:34
ANC_2,Arlington National Cememtery,Raphael,Arlington National Cemetery,-77.05137398,38.88936951,1/1/2026 12:10:34
NM_1,National Mall & Downtown,Stephan,Stop 4 - Smithsonian Castle,-77.02132287,38.88757499,1/1/2026 12:10:34
NM_2,National Mall & Downtown,Daniel,Stop 6 - FDR & MLK Memorials,-77.04384717,38.88181342,1/1/2026 12:10:34
NM_3,National Mall & Downtown,Nancy,Stop 8 - WWII Memorial & Washington Monument,-77.03903563,38.88810874,1/1/2026 12:10:34
NM_4,National Mall & Downtown,James,Stop 10 -White House Visitor Center,-77.02674244,38.89613975,1/1/2026 12:10:34
NM_5,National Mall & Downtown,Melia,Stop 1 - Union Station,-77.01944008,38.89263808,1/1/2026 12:10:34
NM_6,National Mall & Downtown,Drew,Stop 2 - US Capitol/Supreme Court/Library of Congress,-77.01217405,38.89166018,1/1/2026 12:10:34
VA_1,National Mall & Virginia,David,Stop 4 - WWII Memorial/Washington Monument,-77.02705443,38.88757365,1/1/2026 12:10:34
VA_2,National Mall & Virginia,Riley,Stop 4 - WWII Memorial/Washington Monument,-77.03686586,38.86595141,1/1/2026 12:10:34
VA_3,National Mall & Virginia,Russell,Stop 4 - WWII Memorial/Washington Monument,-77.06185346,38.88669748,1/1/2026 12:10:34
VA_4,National Mall & Virginia,Phoebe,Stop 1 - Union Station,-77.02213472,38.89336506,1/1/2026 12:10:34
NC_ 1,"National Cathedral, Uptown, Georgetown",Michaela,Stop 4 - Woodrow Wilson House/Textile Museum,-77.04483049,38.91203921,1/1/2026 12:10:39
NC_2,"National Cathedral, Uptown, Georgetown",Cameron,Stop 7 - Georgetown/Old Stone House ,-77.06320785,38.92155452,1/1/2026 12:10:39
NC_3,"National Cathedral, Uptown, Georgetown",Stanley,Stop 9 - White House,-77.04315206,38.90009921,1/1/2026 12:10:39
ANC_1,Arlington National Cememtery,Sam,Lincoln Memorial,-77.06489389,38.88392214,1/1/2026 12:10:39
ANC_2,Arlington National Cememtery,Raphael,Arlington National Cemetery,-77.05141367,38.88915875,1/1/2026 12:10:39
NM_1,National Mall & Downtown,Stephan,Stop 4 - Smithsonian Castle,-77.02159668,38.88757502,1/1/2026 12:10:39
NM_2,National Mall & Downtown,Daniel,Stop 6 - FDR & MLK Memorials,-77.04404785,38.88195842,1/1/2026 12:10:39
NM_3,National Mall & Downtown,Nancy,Stop 8 - WWII Memorial & Washington Monument,-77.03919979,38.88827837,1/1/2026 12:10:39
NM_4,National Mall & Downtown,James,Stop 10 -White House Visitor Center,-77.02701623,38.89613767,1/1/2026 12:10:39
NM_5,National Mall & Downtown,Melia,Stop 1 - Union Station,-77.01918223,38.89256637,1/1/2026 12:10:39
NM_6,National Mall & Downtown,Drew,Stop 2 - US Capitol/Supreme Court/Library of Congress,-77.01217395,38.89144706,1/1/2026 12:10:39
VA_1,National Mall & Virginia,David,Stop 4 - WWII Memorial/Washington Monument,-77.02732824,38.88757354,1/1/2026 12:10:39
VA_2,National Mall & Virginia,Riley,Stop 4 - WWII Memorial/Washington Monument,-77.03685648,38.86616448,1/1/2026 12:10:39
VA_3,National Mall & Virginia,Russell,Stop 4 - WWII Memorial/Washington Monument,-77.0618138,38.88690666,1/1/2026 12:10:39
VA_4,National Mall & Virginia,Phoebe,Stop 1 - Union Station,-77.02187777,38.89329153,1/1/2026 12:10:39
NC_ 1,"National Cathedral, Uptown, Georgetown",Michaela,Stop 4 - Woodrow Wilson House/Textile Museum,-77.04494171,38.9122339,1/1/2026 12:10:44
NC_2,"National Cathedral, Uptown, Georgetown",Cameron,Stop 7 - Georgetown/Old Stone House ,-77.06310557,38.92135706,1/1/2026 12:10:44
NC_3,"National Cathedral, Uptown, Georgetown",Stanley,Stop 9 - White House,-77.04290152,38.90001324,1/1/2026 12:10:44
ANC_1,Arlington National Cememtery,Sam,Lincoln Memorial,-77.06464547,38.88401177,1/1/2026 12:10:44
ANC_2,Arlington National Cememtery,Raphael,Arlington National Cemetery,-77.05150591,38.88895864,1/1/2026 12:10:44
NM_1,National Mall & Downtown,Stephan,Stop 4 - Smithsonian Castle,-77.02187043,38.88757148,1/1/2026 12:10:44
NM_2,National Mall & Downtown,Daniel,Stop 6 - FDR & MLK Memorials,-77.04424749,38.88210429,1/1/2026 12:10:44
NM_3,National Mall & Downtown,Nancy,Stop 8 - WWII Memorial & Washington Monument,-77.03931518,38.88847152,1/1/2026 12:10:44
NM_4,National Mall & Downtown,James,Stop 10 -White House Visitor Center,-77.02729003,38.89613589,1/1/2026 12:10:44
NM_5,National Mall & Downtown,Melia,Stop 1 - Union Station,-77.01892439,38.89249467,1/1/2026 12:10:44
NM_6,National Mall & Downtown,Drew,Stop 2 - US Capitol/Supreme Court/Library of Congress,-77.01217443,38.89123395,1/1/2026 12:10:44
VA_1,National Mall & Virginia,David,Stop 4 - WWII Memorial/Washington Monument,-77.02760205,38.88757343,1/1/2026 12:10:44
VA_2,National Mall & Virginia,Riley,Stop 4 - WWII Memorial/Washington Monument,-77.03684709,38.86637754,1/1/2026 12:10:44
VA_3,National Mall & Virginia,Russell,Stop 4 - WWII Memorial/Washington Monument,-77.06169553,38.88709815,1/1/2026 12:10:44
VA_4,National Mall & Virginia,Phoebe,Stop 1 - Union Station,-77.02161737,38.89322568,1/1/2026 12:10:44
NC_ 1,"National Cathedral, Uptown, Georgetown",Michaela,Stop 4 - Woodrow Wilson House/Textile Museum,-77.04505293,38.91242858,1/1/2026 12:10:49
NC_2,"National Cathedral, Uptown, Georgetown",Cameron,Stop 7 - Georgetown/Old Stone House ,-77.06295353,38.92118007,1/1/2026 12:10:49
NC_3,"National Cathedral, Uptown, Georgetown",Stanley,Stop 9 - White House,-77.04265103,38.89992721,1/1/2026 12:10:49
ANC_1,Arlington National Cememtery,Sam,Lincoln Memorial,-77.06439683,38.88410102,1/1/2026 12:10:49
ANC_2,Arlington National Cememtery,Raphael,Arlington National Cemetery,-77.05166094,38.88878406,1/1/2026 12:10:49
NM_1,National Mall & Downtown,Stephan,Stop 4 - Smithsonian Castle,-77.02214418,38.88757423,1/1/2026 12:10:49
NM_2,National Mall & Downtown,Daniel,Stop 6 - FDR & MLK Memorials,-77.04444613,38.88225099,1/1/2026 12:10:49
NM_3,National Mall & Downtown,Nancy,Stop 8 - WWII Memorial & Washington Monument,-77.039403,38.8886731,1/1/2026 12:10:49
NM_4,National Mall & Downtown,James,Stop 10 -White House Visitor Center,-77.02756383,38.89613608,1/1/2026 12:10:49
NM_5,National Mall & Downtown,Melia,Stop 1 - Union Station,-77.01866655,38.89242297,1/1/2026 12:10:49
NM_6,National Mall & Downtown,Drew,Stop 2 - US Capitol/Supreme Court/Library of Congress,-77.01217707,38.89102086,1/1/2026 12:10:49
VA_1,National Mall & Virginia,David,Stop 4 - WWII Memorial/Washington Monument,-77.02787586,38.88757332,1/1/2026 12:10:49
VA_2,National Mall & Virginia,Riley,Stop 4 - WWII Memorial/Washington Monument,-77.03683771,38.86659061,1/1/2026 12:10:49
VA_3,National Mall & Virginia,Russell,Stop 4 - WWII Memorial/Washington Monument,-77.06150329,38.88724877,1/1/2026 12:10:49
VA_4,National Mall & Virginia,Phoebe,Stop 1 - Union Station,-77.02135696,38.89315982,1/1/2026 12:10:49
NC_ 1,"National Cathedral, Uptown, Georgetown",Michaela,Stop 4 - Woodrow Wilson House/Textile Museum,-77.04516478,38.91262303,1/1/2026 12:10:54
NC_2,"National Cathedral, Uptown, Georgetown",Cameron,Stop 7 - Georgetown/Old Stone House ,-77.06277118,38.9210216,1/1/2026 12:10:54
NC_3,"National Cathedral, Uptown, Georgetown",Stanley,Stop 9 - White House,-77.04240054,38.89984115,1/1/2026 12:10:54
ANC_1,Arlington National Cememtery,Sam,Lincoln Memorial,-77.06414819,38.88419028,1/1/2026 12:10:54
ANC_2,Arlington National Cememtery,Raphael,Arlington National Cemetery,-77.05188222,38.88865991,1/1/2026 12:10:54
NM_1,National Mall & Downtown,Stephan,Stop 4 - Smithsonian Castle,-77.02241797,38.88757584,1/1/2026 12:10:54
NM_2,National Mall & Downtown,Daniel,Stop 6 - FDR & MLK Memorials,-77.04464378,38.88239849,1/1/2026 12:10:54
NM_3,National Mall & Downtown,Nancy,Stop 8 - WWII Memorial & Washington Monument,-77.03946033,38.88888149,1/1/2026 12:10:54
NM_4,National Mall & Downtown,James,Stop 10 -White House Visitor Center,-77.02783764,38.89613638,1/1/2026 12:10:54
NM_5,National Mall & Downtown,Melia,Stop 1 - Union Station,-77.0184087,38.89235126,1/1/2026 12:10:54
NM_6,National Mall & Downtown,Drew,Stop 2 - US Capitol/Supreme Court/Library of Congress,-77.0121953,38.89083007,1/1/2026 12:10:54
VA_1,National Mall & Virginia,David,Stop 4 - WWII Memorial/Washington Monument,-77.02814965,38.88757456,1/1/2026 12:10:54
VA_2,National Mall & Virginia,Riley,Stop 4 - WWII Memorial/Washington Monument,-77.03682832,38.86680367,1/1/2026 12:10:54
VA_3,National Mall & Virginia,Russell,Stop 4 - WWII Memorial/Washington Monument,-77.06125893,38.88734179,1/1/2026 12:10:54
VA_4,National Mall & Virginia,Phoebe,Stop 1 - Union Station,-77.02109656,38.89309397,1/1/2026 12:10:54
NC_ 1,"National Cathedral, Uptown, Georgetown",Michaela,Stop 4 - Woodrow Wilson House/Textile Museum,-77.04528111,38.91281582,1/1/2026 12:10:59
NC_2,"National Cathedral, Uptown, Georgetown",Cameron,Stop 7 - Georgetown/Old Stone House ,-77.06257214,38.92087533,1/1/2026 12:10:59
NC_3,"National Cathedral, Uptown, Georgetown",Stanley,Stop 9 - White House,-77.04215038,38.89975452,1/1/2026 12:10:59
ANC_1,Arlington National Cememtery,Sam,Lincoln Memorial,-77.06389952,38.88427949,1/1/2026 12:10:59
ANC_2,Arlington National Cememtery,Raphael,Arlington National Cemetery,-77.05212611,38.88856324,1/1/2026 12:10:59
NM_1,National Mall & Downtown,Stephan,Stop 4 - Smithsonian Castle,-77.02269178,38.887576,1/1/2026 12:10:59
NM_2,National Mall & Downtown,Daniel,Stop 6 - FDR & MLK Memorials,-77.04484043,38.8825468,1/1/2026 12:10:59
NM_3,National Mall & Downtown,Nancy,Stop 8 - WWII Memorial & Washington Monument,-77.03949208,38.88909232,1/1/2026 12:10:59
NM_4,National Mall & Downtown,James,Stop 10 -White House Visitor Center,-77.02811141,38.89613977,1/1/2026 12:10:59
NM_5,National Mall & Downtown,Melia,Stop 1 - Union Station,-77.01815086,38.89227955,1/1/2026 12:10:59
NM_6,National Mall & Downtown,Drew,Stop 2 - US Capitol/Supreme Court/Library of Congress,-77.01205529,38.89065801,1/1/2026 12:10:59
VA_1,National Mall & Virginia,David,Stop 4 - WWII Memorial/Washington Monument,-77.02842345,38.88757493,1/1/2026 12:10:59
VA_2,National Mall & Virginia,Riley,Stop 4 - WWII Memorial/Washington Monument,-77.03681893,38.86701673,1/1/2026 12:10:59
VA_3,National Mall & Virginia,Russell,Stop 4 - WWII Memorial/Washington Monument,-77.06098746,38.887361,1/1/2026 12:10:59
VA_4,National Mall & Virginia,Phoebe,Stop 1 - Union Station,-77.02083615,38.89302811,1/1/2026 12:10:59
NC_ 1,"National Cathedral, Uptown, Georgetown",Michaela,Stop 4 - Woodrow Wilson House/Textile Museum,-77.04539283,38.91301033,1/1/2026 12:11:04
NC_2,"National Cathedral, Uptown, Georgetown",Cameron,Stop 7 - Georgetown/Old Stone House ,-77.06237347,38.92072875,1/1/2026 12:11:04
NC_3,"National Cathedral, Uptown, Georgetown",Stanley,Stop 9 - White House,-77.04190036,38.89966766,1/1/2026 12:11:04
ANC_1,Arlington National Cememtery,Sam,Lincoln Memorial,-77.06365165,38.88437002,1/1/2026 12:11:04
ANC_2,Arlington National Cememtery,Raphael,Arlington National Cemetery,-77.05237496,38.88847433,1/1/2026 12:11:04
NM_1,National Mall & Downtown,Stephan,Stop 4 - Smithsonian Castle,-77.02296559,38.88757601,1/1/2026 12:11:04
NM_2,National Mall & Downtown,Daniel,Stop 6 - FDR & MLK Memorials,-77.04503618,38.88269582,1/1/2026 12:11:04
NM_3,National Mall & Downtown,Nancy,Stop 8 - WWII Memorial & Washington Monument,-77.03948936,38.88930543,1/1/2026 12:11:04
NM_4,National Mall & Downtown,James,Stop 10 -White House Visitor Center,-77.02838521,38.89613847,1/1/2026 12:11:04
NM_5,National Mall & Downtown,Melia,Stop 1 - Union Station,-77.01789302,38.89220785,1/1/2026 12:11:04
NM_6,National Mall & Downtown,Drew,Stop 3 - Air & Space Museum/National Museum of the American Indian,-77.01216138,38.89047037,1/1/2026 12:11:04
VA_1,National Mall & Virginia,David,Stop 4 - WWII Memorial/Washington Monument,-77.02869725,38.88757402,1/1/2026 12:11:04
VA_2,National Mall & Virginia,Riley,Stop 4 - WWII Memorial/Washington Monument,-77.03680955,38.86722979,1/1/2026 12:11:04
VA_3,National Mall & Virginia,Russell,Stop 4 - WWII Memorial/Washington Monument,-77.06072211,38.88731009,1/1/2026 12:11:04
VA_4,National Mall & Virginia,Phoebe,Stop 1 - Union Station,-77.020578,38.89295718,1/1/2026 12:11:04
NC_ 1,"National Cathedral, Uptown, Georgetown",Michaela,Stop 4 - Woodrow Wilson House/Textile Museum,-77.04550497,38.91320469,1/1/2026 12:11:09
NC_2,"National Cathedral, Uptown, Georgetown",Cameron,Stop 7 - Georgetown/Old Stone House ,-77.0621746,38.92058232,1/1/2026 12:11:09
NC_3,"National Cathedral, Uptown, Georgetown",Stanley,Stop 9 - White House,-77.04164961,38.89958207,1/1/2026 12:11:09
ANC_1,Arlington National Cememtery,Sam,Lincoln Memorial,-77.06340439,38.88446157,1/1/2026 12:11:09
ANC_2,Arlington National Cememtery,Raphael,Arlington National Cemetery,-77.05262381,38.88838545,1/1/2026 12:11:09
NM_1,National Mall & Downtown,Stephan,Stop 4 - Smithsonian Castle,-77.02323939,38.88757647,1/1/2026 12:11:09
NM_2,National Mall & Downtown,Daniel,Stop 6 - FDR & MLK Memorials,-77.04523174,38.882845,1/1/2026 12:11:09
NM_3,National Mall & Downtown,Nancy,Stop 8 - WWII Memorial & Washington Monument,-77.03948606,38.88951853,1/1/2026 12:11:09
NM_4,National Mall & Downtown,James,Stop 10 -White House Visitor Center,-77.02865901,38.89613805,1/1/2026 12:11:09
NM_5,National Mall & Downtown,Melia,Stop 1 - Union Station,-77.01763518,38.89213614,1/1/2026 12:11:09
NM_6,National Mall & Downtown,Drew,Stop 3 - Air & Space Museum/National Museum of the American Indian,-77.01241889,38.89043296,1/1/2026 12:11:09
VA_1,National Mall & Virginia,David,Stop 4 - WWII Memorial/Washington Monument,-77.02897106,38.8875741,1/1/2026 12:11:09
VA_2,National Mall & Virginia,Riley,Stop 4 - WWII Memorial/Washington Monument,-77.03680016,38.86744285,1/1/2026 12:11:09
VA_3,National Mall & Virginia,Russell,Stop 4 - WWII Memorial/Washington Monument,-77.06048002,38.88721147,1/1/2026 12:11:09
VA_4,National Mall & Virginia,Phoebe,Stop 1 - Union Station,-77.02032057,38.89288458,1/1/2026 12:11:09
NC_ 1,"National Cathedral, Uptown, Georgetown",Michaela,Stop 4 - Woodrow Wilson House/Textile Museum,-77.04561794,38.91339876,1/1/2026 12:11:14
NC_2,"National Cathedral, Uptown, Georgetown",Cameron,Stop 7 - Georgetown/Old Stone House ,-77.06197511,38.92043641,1/1/2026 12:11:14
NC_3,"National Cathedral, Uptown, Georgetown",Stanley,Stop 9 - White House,-77.04139882,38.89949655,1/1/2026 12:11:14
ANC_1,Arlington National Cememtery,Sam,Lincoln Memorial,-77.06315631,38.88455177,1/1/2026 12:11:14
ANC_2,Arlington National Cememtery,Raphael,Arlington National Cemetery,-77.05287202,38.88829548,1/1/2026 12:11:14
NM_1,National Mall & Downtown,Stephan,Stop 4 - Smithsonian Castle,-77.02351319,38.8875748,1/1/2026 12:11:14
NM_2,National Mall & Downtown,Daniel,Stop 6 - FDR & MLK Memorials,-77.04542601,38.88299521,1/1/2026 12:11:14
NM_3,National Mall & Downtown,Nancy,Stop 8 - WWII Memorial & Washington Monument,-77.03948365,38.88973164,1/1/2026 12:11:14
NM_4,National Mall & Downtown,James,Stop 10 -White House Visitor Center,-77.02893282,38.89613813,1/1/2026 12:11:14
NM_5,National Mall & Downtown,Melia,Stop 1 - Union Station,-77.0173773,38.89206451,1/1/2026 12:11:14
NM_6,National Mall & Downtown,Drew,Stop 3 - Air & Space Museum/National Museum of the American Indian,-77.01258912,38.89058772,1/1/2026 12:11:14
VA_1,National Mall & Virginia,David,Stop 4 - WWII Memorial/Washington Monument,-77.02924486,38.88757488,1/1/2026 12:11:14
VA_2,National Mall & Virginia,Riley,Stop 4 - WWII Memorial/Washington Monument,-77.03679078,38.86765592,1/1/2026 12:11:14
VA_3,National Mall & Virginia,Russell,Stop 4 - WWII Memorial/Washington Monument,-77.06032942,38.88703769,1/1/2026 12:11:14
VA_4,National Mall & Virginia,Phoebe,Stop 1 - Union Station,-77.02006315,38.89281198,1/1/2026 12:11:14
NC_ 1,"National Cathedral, Uptown, Georgetown",Michaela,Stop 4 - Woodrow Wilson House/Textile Museum,-77.04573091,38.91359283,1/1/2026 12:11:19
NC_2,"National Cathedral, Uptown, Georgetown",Cameron,Stop 7 - Georgetown/Old Stone House ,-77.06177526,38.92029079,1/1/2026 12:11:19
NC_3,"National Cathedral, Uptown, Georgetown",Stanley,Stop 9 - White House,-77.04114815,38.89941082,1/1/2026 12:11:19
ANC_1,Arlington National Cememtery,Sam,Lincoln Memorial,-77.06290783,38.8846413,1/1/2026 12:11:19
ANC_2,Arlington National Cememtery,Raphael,Arlington National Cemetery,-77.05312006,38.88820522,1/1/2026 12:11:19
NM_1,National Mall & Downtown,Stephan,Stop 4 - Smithsonian Castle,-77.02378697,38.88757192,1/1/2026 12:11:19
NM_2,National Mall & Downtown,Daniel,Stop 6 - FDR & MLK Memorials,-77.04561911,38.88314631,1/1/2026 12:11:19
NM_3,National Mall & Downtown,Nancy,Stop 8 - WWII Memorial & Washington Monument,-77.03948216,38.88994476,1/1/2026 12:11:19
NM_4,National Mall & Downtown,James,Stop 10 -White House Visitor Center,-77.02920662,38.89613775,1/1/2026 12:11:19
NM_5,National Mall & Downtown,Melia,Stop 1 - Union Station,-77.01711941,38.89199291,1/1/2026 12:11:19
NM_6,National Mall & Downtown,Drew,Stop 3 - Air & Space Museum/National Museum of the American Indian,-77.01251646,38.89078485,1/1/2026 12:11:19
VA_1,National Mall & Virginia,David,Stop 4 - WWII Memorial/Washington Monument,-77.02951867,38.8875752,1/1/2026 12:11:19
VA_2,National Mall & Virginia,Riley,Stop 4 - WWII Memorial/Washington Monument,-77.03678139,38.86786897,1/1/2026 12:11:19
VA_3,National Mall & Virginia,Russell,Stop 4 - WWII Memorial/Washington Monument,-77.06020503,38.88684784,1/1/2026 12:11:19
VA_4,National Mall & Virginia,Phoebe,Stop 1 - Union Station,-77.01980556,38.89273971,1/1/2026 12:11:19
NC_ 1,"National Cathedral, Uptown, Georgetown",Michaela,Stop 5 - Kalorama/Adams Morgan/National Zoo,-77.04584387,38.9137869,1/1/2026 12:11:24
NC_2,"National Cathedral, Uptown, Georgetown",Cameron,Stop 7 - Georgetown/Old Stone House ,-77.06157507,38.92014546,1/1/2026 12:11:24
NC_3,"National Cathedral, Uptown, Georgetown",Stanley,Stop 9 - White House,-77.04089827,38.8993237,1/1/2026 12:11:24
ANC_1,Arlington National Cememtery,Sam,Lincoln Memorial,-77.06265869,38.8847297,1/1/2026 12:11:24
ANC_2,Arlington National Cememtery,Raphael,Arlington National Cemetery,-77.05336807,38.88811491,1/1/2026 12:11:24
NM_1,National Mall & Downtown,Stephan,Stop 4 - Smithsonian Castle,-77.02406073,38.88757357,1/1/2026 12:11:24
NM_2,National Mall & Downtown,Daniel,Stop 6 - FDR & MLK Memorials,-77.04581096,38.88329838,1/1/2026 12:11:24
NM_3,National Mall & Downtown,Nancy,Stop 8 - WWII Memorial & Washington Monument,-77.03948159,38.89015788,1/1/2026 12:11:24
NM_4,National Mall & Downtown,James,Stop 10 -White House Visitor Center,-77.02948041,38.89613501,1/1/2026 12:11:24
NM_5,National Mall & Downtown,Melia,Stop 1 - Union Station,-77.01686152,38.89192131,1/1/2026 12:11:24
NM_6,National Mall & Downtown,Drew,Stop 3 - Air & Space Museum/National Museum of the American Indian,-77.01226736,38.89085117,1/1/2026 12:11:24
VA_1,National Mall & Virginia,David,Stop 4 - WWII Memorial/Washington Monument,-77.02979248,38.88757513,1/1/2026 12:11:24
VA_2,National Mall & Virginia,Riley,Stop 4 - WWII Memorial/Washington Monument,-77.036772,38.86808203,1/1/2026 12:11:24
VA_3,National Mall & Virginia,Russell,Stop 4 - WWII Memorial/Washington Monument,-77.06008367,38.88665679,1/1/2026 12:11:24
VA_4,National Mall & Virginia,Phoebe,Stop 1 - Union Station,-77.01954772,38.89266801,1/1/2026 12:11:24
NC_ 1,"National Cathedral, Uptown, Georgetown",Michaela,Stop 5 - Kalorama/Adams Morgan/National Zoo,-77.04595684,38.91398097,1/1/2026 12:11:29
NC_2,"National Cathedral, Uptown, Georgetown",Cameron,Stop 7 - Georgetown/Old Stone House ,-77.0613758,38.91999936,1/1/2026 12:11:29
NC_3,"National Cathedral, Uptown, Georgetown",Stanley,Stop 9 - White House,-77.04064839,38.89923659,1/1/2026 12:11:29
ANC_1,Arlington National Cememtery,Sam,Lincoln Memorial,-77.06240955,38.88481811,1/1/2026 12:11:29
ANC_2,Arlington National Cememtery,Raphael,Arlington National Cemetery,-77.05361615,38.88802471,1/1/2026 12:11:29
NM_1,National Mall & Downtown,Stephan,Stop 4 - Smithsonian Castle,-77.02433453,38.88757525,1/1/2026 12:11:29
NM_2,National Mall & Downtown,Daniel,Stop 6 - FDR & MLK Memorials,-77.04600156,38.8834514,1/1/2026 12:11:29
NM_3,National Mall & Downtown,Nancy,Stop 8 - WWII Memorial & Washington Monument,-77.03948073,38.89037099,1/1/2026 12:11:29
NM_4,National Mall & Downtown,James,Stop 10 -White House Visitor Center,-77.02975411,38.89613048,1/1/2026 12:11:29
NM_5,National Mall & Downtown,Melia,Stop 1 - Union Station,-77.01660363,38.8918497,1/1/2026 12:11:29
NM_6,National Mall & Downtown,Drew,Stop 3 - Air & Space Museum/National Museum of the American Indian,-77.01217715,38.8910184,1/1/2026 12:11:29
VA_1,National Mall & Virginia,David,Stop 4 - WWII Memorial/Washington Monument,-77.03006628,38.88757507,1/1/2026 12:11:29
VA_2,National Mall & Virginia,Riley,Stop 4 - WWII Memorial/Washington Monument,-77.03676262,38.86829509,1/1/2026 12:11:29
VA_3,National Mall & Virginia,Russell,Stop 4 - WWII Memorial/Washington Monument,-77.05996634,38.88646424,1/1/2026 12:11:29
VA_4,National Mall & Virginia,Phoebe,Stop 1 - Union Station,-77.01928988,38.89259631,1/1/2026 12:11:29
NC_ 1,"National Cathedral, Uptown, Georgetown",Michaela,Stop 5 - Kalorama/Adams Morgan/National Zoo,-77.04606848,38.9141755,1/1/2026 12:11:34
NC_2,"National Cathedral, Uptown, Georgetown",Cameron,Stop 7 - Georgetown/Old Stone House ,-77.06117621,38.91985353,1/1/2026 12:11:34
NC_3,"National Cathedral, Uptown, Georgetown",Stanley,Stop 9 - White House,-77.04039851,38.89914947,1/1/2026 12:11:34
ANC_1,Arlington National Cememtery,Sam,Lincoln Memorial,-77.06216041,38.88490652,1/1/2026 12:11:34
ANC_2,Arlington National Cememtery,Raphael,Arlington National Cemetery,-77.0538642,38.88793447,1/1/2026 12:11:34
NM_1,National Mall & Downtown,Stephan,Stop 4 - Smithsonian Castle,-77.02460834,38.88757538,1/1/2026 12:11:34
NM_2,National Mall & Downtown,Daniel,Stop 6 - FDR & MLK Memorials,-77.04619007,38.88360597,1/1/2026 12:11:34
NM_3,National Mall & Downtown,Nancy,Stop 8 - WWII Memorial & Washington Monument,-77.03947986,38.89058411,1/1/2026 12:11:34
NM_4,National Mall & Downtown,James,Stop 10 -White House Visitor Center,-77.0300275,38.89612021,1/1/2026 12:11:34
NM_5,National Mall & Downtown,Melia,Stop 1 - Union Station,-77.0163569,38.89181651,1/1/2026 12:11:34
NM_6,National Mall & Downtown,Drew,Stop 3 - Air & Space Museum/National Museum of the American Indian,-77.01217444,38.89123149,1/1/2026 12:11:34
VA_1,National Mall & Virginia,David,Stop 4 - WWII Memorial/Washington Monument,-77.03034009,38.88757511,1/1/2026 12:11:34
VA_2,National Mall & Virginia,Riley,Stop 4 - WWII Memorial/Washington Monument,-77.03675323,38.86850815,1/1/2026 12:11:34
VA_3,National Mall & Virginia,Russell,Stop 4 - WWII Memorial/Washington Monument,-77.0598273,38.88628167,1/1/2026 12:11:34
VA_4,National Mall & Virginia,Phoebe,Stop 1 - Union Station,-77.01903203,38.89252461,1/1/2026 12:11:34
NC_ 1,"National Cathedral, Uptown, Georgetown",Michaela,Stop 5 - Kalorama/Adams Morgan/National Zoo,-77.04616323,38.91437522,1/1/2026 12:11:39
NC_2,"National Cathedral, Uptown, Georgetown",Cameron,Stop 7 - Georgetown/Old Stone House ,-77.06097732,38.91970711,1/1/2026 12:11:39
NC_3,"National Cathedral, Uptown, Georgetown",Stanley,Stop 9 - White House,-77.0401487,38.89906224,1/1/2026 12:11:39
ANC_1,Arlington National Cememtery,Sam,Lincoln Memorial,-77.0619142,38.88499968,1/1/2026 12:11:39
ANC_2,Arlington National Cememtery,Raphael,Arlington National Cemetery,-77.05411214,38.88784404,1/1/2026 12:11:39
NM_1,National Mall & Downtown,Stephan,Stop 4 - Smithsonian Castle,-77.02488214,38.88757515,1/1/2026 12:11:39
NM_2,National Mall & Downtown,Daniel,Stop 6 - FDR & MLK Memorials,-77.04637661,38.88376199,1/1/2026 12:11:39
NM_3,National Mall & Downtown,Nancy,Stop 8 - WWII Memorial & Washington Monument,-77.03947899,38.89079723,1/1/2026 12:11:39
NM_4,National Mall & Downtown,James,Stop 10 -White House Visitor Center,-77.03030131,38.89612108,1/1/2026 12:11:39
NM_5,National Mall & Downtown,Melia,Stop 1 - Union Station,-77.01613385,38.89193278,1/1/2026 12:11:39
NM_6,National Mall & Downtown,Drew,Stop 3 - Air & Space Museum/National Museum of the American Indian,-77.01217396,38.8914446,1/1/2026 12:11:39
VA_1,National Mall & Virginia,David,Stop 4 - WWII Memorial/Washington Monument,-77.0306139,38.88757514,1/1/2026 12:11:39
VA_2,National Mall & Virginia,Riley,Stop 4 - WWII Memorial/Washington Monument,-77.03674385,38.86872121,1/1/2026 12:11:39
VA_3,National Mall & Virginia,Russell,Stop 4 - WWII Memorial/Washington Monument,-77.05963576,38.8861371,1/1/2026 12:11:39
VA_4,National Mall & Virginia,Phoebe,Stop 1 - Union Station,-77.01877419,38.8924529,1/1/2026 12:11:39
NC_ 1,"National Cathedral, Uptown, Georgetown",Michaela,Stop 5 - Kalorama/Adams Morgan/National Zoo,-77.04621714,38.91458397,1/1/2026 12:11:44
NC_2,"National Cathedral, Uptown, Georgetown",Cameron,Stop 7 - Georgetown/Old Stone House ,-77.06077852,38.91956062,1/1/2026 12:11:44
NC_3,"National Cathedral, Uptown, Georgetown",Stanley,Stop 1 - Ford's Theater,-77.03989899,38.89897482,1/1/2026 12:11:44
ANC_1,Arlington National Cememtery,Sam,Lincoln Memorial,-77.06166959,38.88509545,1/1/2026 12:11:44
ANC_2,Arlington National Cememtery,Raphael,Arlington National Cemetery,-77.05436008,38.88775362,1/1/2026 12:11:44
NM_1,National Mall & Downtown,Stephan,Stop 4 - Smithsonian Castle,-77.02515595,38.88757515,1/1/2026 12:11:44
NM_2,National Mall & Downtown,Daniel,Stop 7 - Lincoln Memorial,-77.04618762,38.88391567,1/1/2026 12:11:44
NM_3,National Mall & Downtown,Nancy,Stop 8 - WWII Memorial & Washington Monument,-77.0394783,38.89101034,1/1/2026 12:11:44
NM_4,National Mall & Downtown,James,Stop 10 -White House Visitor Center,-77.03057511,38.89612173,1/1/2026 12:11:44
NM_5,National Mall & Downtown,Melia,Stop 1 - Union Station,-77.01588077,38.89201413,1/1/2026 12:11:44
NM_6,National Mall & Downtown,Drew,Stop 3 - Air & Space Museum/National Museum of the American Indian,-77.01217404,38.89165771,1/1/2026 12:11:44
VA_1,National Mall & Virginia,David,Stop 4 - WWII Memorial/Washington Monument,-77.0308877,38.88757524,1/1/2026 12:11:44
VA_2,National Mall & Virginia,Riley,Stop 4 - WWII Memorial/Washington Monument,-77.03678445,38.8689313,1/1/2026 12:11:44
VA_3,National Mall & Virginia,Russell,Stop 4 - WWII Memorial/Washington Monument,-77.05937807,38.88606844,1/1/2026 12:11:44
VA_4,National Mall & Virginia,Phoebe,Stop 1 - Union Station,-77.01851635,38.8923812,1/1/2026 12:11:44
NC_ 1,"National Cathedral, Uptown, Georgetown",Michaela,Stop 5 - Kalorama/Adams Morgan/National Zoo,-77.04625118,38.91479524,1/1/2026 12:11:49
NC_2,"National Cathedral, Uptown, Georgetown",Cameron,Stop 7 - Georgetown/Old Stone House ,-77.06057791,38.91941564,1/1/2026 12:11:49
NC_3,"National Cathedral, Uptown, Georgetown",Stanley,Stop 1 - Ford's Theater,-77.03964929,38.8988874,1/1/2026 12:11:49
ANC_1,Arlington National Cememtery,Sam,Lincoln Memorial,-77.06142497,38.88519121,1/1/2026 12:11:49
ANC_2,Arlington National Cememtery,Raphael,Arlington National Cemetery,-77.05460812,38.88766336,1/1/2026 12:11:49
NM_1,National Mall & Downtown,Stephan,Stop 4 - Smithsonian Castle,-77.02542976,38.88757524,1/1/2026 12:11:49
NM_2,National Mall & Downtown,Daniel,Stop 7 - Lincoln Memorial,-77.04599233,38.88406506,1/1/2026 12:11:49
NM_3,National Mall & Downtown,Nancy,Stop 8 - WWII Memorial & Washington Monument,-77.03947876,38.89122345,1/1/2026 12:11:49
NM_4,National Mall & Downtown,James,Stop 10 -White House Visitor Center,-77.03084892,38.89612211,1/1/2026 12:11:49
NM_5,National Mall & Downtown,Melia,Stop 1 - Union Station,-77.01561601,38.89206709,1/1/2026 12:11:49
NM_6,National Mall & Downtown,Drew,Stop 3 - Air & Space Museum/National Museum of the American Indian,-77.01217487,38.89187083,1/1/2026 12:11:49
VA_1,National Mall & Virginia,David,Stop 4 - WWII Memorial/Washington Monument,-77.03116151,38.88757539,1/1/2026 12:11:49
VA_2,National Mall & Virginia,Riley,Stop 4 - WWII Memorial/Washington Monument,-77.03683513,38.8691408,1/1/2026 12:11:49
VA_3,National Mall & Virginia,Russell,Stop 4 - WWII Memorial/Washington Monument,-77.0591069,38.88607991,1/1/2026 12:11:49
VA_4,National Mall & Virginia,Phoebe,Stop 1 - Union Station,-77.0182585,38.89230949,1/1/2026 12:11:49
NC_ 1,"National Cathedral, Uptown, Georgetown",Michaela,Stop 5 - Kalorama/Adams Morgan/National Zoo,-77.0462688,38.91500785,1/1/2026 12:11:54
NC_2,"National Cathedral, Uptown, Georgetown",Cameron,Stop 7 - Georgetown/Old Stone House ,-77.06037895,38.9192693,1/1/2026 12:11:54
NC_3,"National Cathedral, Uptown, Georgetown",Stanley,Stop 1 - Ford's Theater,-77.03945917,38.89887468,1/1/2026 12:11:54
ANC_1,Arlington National Cememtery,Sam,Lincoln Memorial,-77.06117926,38.88528499,1/1/2026 12:11:54
ANC_2,Arlington National Cememtery,Raphael,Arlington National Cemetery,-77.05485617,38.88757312,1/1/2026 12:11:54
NM_1,National Mall & Downtown,Stephan,Stop 4 - Smithsonian Castle,-77.02570356,38.88757472,1/1/2026 12:11:54
NM_2,National Mall & Downtown,Daniel,Stop 7 - Lincoln Memorial,-77.04579431,38.884212,1/1/2026 12:11:54
NM_3,National Mall & Downtown,Nancy,Stop 8 - WWII Memorial & Washington Monument,-77.03947922,38.89143657,1/1/2026 12:11:54
NM_4,National Mall & Downtown,James,Stop 10 -White House Visitor Center,-77.03112271,38.8961206,1/1/2026 12:11:54
NM_5,National Mall & Downtown,Melia,Stop 1 - Union Station,-77.01534393,38.89208764,1/1/2026 12:11:54
NM_6,National Mall & Downtown,Drew,Stop 3 - Air & Space Museum/National Museum of the American Indian,-77.01217569,38.89208394,1/1/2026 12:11:54
VA_1,National Mall & Virginia,David,Stop 4 - WWII Memorial/Washington Monument,-77.03143532,38.88757573,1/1/2026 12:11:54
VA_2,National Mall & Virginia,Riley,Stop 4 - WWII Memorial/Washington Monument,-77.03688581,38.8693503,1/1/2026 12:11:54
VA_3,National Mall & Virginia,Russell,Stop 4 - WWII Memorial/Washington Monument,-77.05884213,38.8861287,1/1/2026 12:11:54
VA_4,National Mall & Virginia,Phoebe,Stop 1 - Union Station,-77.01800066,38.89223778,1/1/2026 12:11:54
NC_ 1,"National Cathedral, Uptown, Georgetown",Michaela,Stop 5 - Kalorama/Adams Morgan/National Zoo,-77.04628747,38.91522039,1/1/2026 12:11:59
NC_2,"National Cathedral, Uptown, Georgetown",Cameron,Stop 7 - Georgetown/Old Stone House ,-77.06017961,38.91912327,1/1/2026 12:11:59
NC_3,"National Cathedral, Uptown, Georgetown",Stanley,Stop 1 - Ford's Theater,-77.03945574,38.89908775,1/1/2026 12:11:59
ANC_1,Arlington National Cememtery,Sam,Lincoln Memorial,-77.06091994,38.88535215,1/1/2026 12:11:59
ANC_2,Arlington National Cememtery,Raphael,Arlington National Cemetery,-77.05510444,38.88748325,1/1/2026 12:11:59
NM_1,National Mall & Downtown,Stephan,Stop 4 - Smithsonian Castle,-77.02597737,38.88757411,1/1/2026 12:11:59
NM_2,National Mall & Downtown,Daniel,Stop 7 - Lincoln Memorial,-77.04556219,38.88432427,1/1/2026 12:11:59
NM_3,National Mall & Downtown,Nancy,Stop 8 - WWII Memorial & Washington Monument,-77.03947968,38.89164968,1/1/2026 12:11:59
NM_4,National Mall & Downtown,James,Stop 10 -White House Visitor Center,-77.03139647,38.89611673,1/1/2026 12:11:59
NM_5,National Mall & Downtown,Melia,Stop 1 - Union Station,-77.01507061,38.89208747,1/1/2026 12:11:59
NM_6,National Mall & Downtown,Drew,Stop 3 - Air & Space Museum/National Museum of the American Indian,-77.01217159,38.89229702,1/1/2026 12:11:59
VA_1,National Mall & Virginia,David,Stop 4 - WWII Memorial/Washington Monument,-77.03170912,38.88757577,1/1/2026 12:11:59
VA_2,National Mall & Virginia,Riley,Stop 4 - WWII Memorial/Washington Monument,-77.03694533,38.86955782,1/1/2026 12:11:59
VA_3,National Mall & Virginia,Russell,Stop 4 - WWII Memorial/Washington Monument,-77.05859368,38.88621829,1/1/2026 12:11:59
VA_4,National Mall & Virginia,Phoebe,Stop 1 - Union Station,-77.01774282,38.89216608,1/1/2026 12:11:59
NC_ 1,"National Cathedral, Uptown, Georgetown",Michaela,Stop 5 - Kalorama/Adams Morgan/National Zoo,-77.04630642,38.91543292,1/1/2026 12:12:04
NC_2,"National Cathedral, Uptown, Georgetown",Cameron,Stop 7 - Georgetown/Old Stone House ,-77.05997985,38.91897758,1/1/2026 12:12:04
NC_3,"National Cathedral, Uptown, Georgetown",Stanley,Stop 1 - Ford's Theater,-77.03945414,38.89930084,1/1/2026 12:12:04
ANC_1,Arlington National Cememtery,Sam,Lincoln Memorial,-77.06064831,38.88537012,1/1/2026 12:12:04
ANC_2,Arlington National Cememtery,Raphael,Arlington National Cemetery,-77.05535274,38.88739341,1/1/2026 12:12:04
NM_1,National Mall & Downtown,Stephan,Stop 4 - Smithsonian Castle,-77.02625118,38.88757398,1/1/2026 12:12:04
NM_2,National Mall & Downtown,Daniel,Stop 7 - Lincoln Memorial,-77.04534252,38.88432812,1/1/2026 12:12:04
NM_3,National Mall & Downtown,Nancy,Stop 8 - WWII Memorial & Washington Monument,-77.03948014,38.8918628,1/1/2026 12:12:04
NM_4,National Mall & Downtown,James,Stop 10 -White House Visitor Center,-77.03167026,38.89611429,1/1/2026 12:12:04
NM_5,National Mall & Downtown,Melia,Stop 1 - Union Station,-77.01479685,38.89208941,1/1/2026 12:12:04
NM_6,National Mall & Downtown,Drew,Stop 3 - Air & Space Museum/National Museum of the American Indian,-77.01216925,38.89251011,1/1/2026 12:12:04
VA_1,National Mall & Virginia,David,Stop 4 - WWII Memorial/Washington Monument,-77.03195398,38.88755255,1/1/2026 12:12:04
VA_2,National Mall & Virginia,Riley,Stop 4 - WWII Memorial/Washington Monument,-77.03704471,38.86975647,1/1/2026 12:12:04
VA_3,National Mall & Virginia,Russell,Stop 4 - WWII Memorial/Washington Monument,-77.05834529,38.88630795,1/1/2026 12:12:04
VA_4,National Mall & Virginia,Phoebe,Stop 1 - Union Station,-77.01748496,38.8920944,1/1/2026 12:12:04
NC_ 1,"National Cathedral, Uptown, Georgetown",Michaela,Stop 5 - Kalorama/Adams Morgan/National Zoo,-77.04632518,38.91564547,1/1/2026 12:12:09
NC_2,"National Cathedral, Uptown, Georgetown",Cameron,Stop 7 - Georgetown/Old Stone House ,-77.05978001,38.91883196,1/1/2026 12:12:09
NC_3,"National Cathedral, Uptown, Georgetown",Stanley,Stop 1 - Ford's Theater,-77.03945272,38.89951393,1/1/2026 12:12:09
ANC_1,Arlington National Cememtery,Sam,Lincoln Memorial,-77.06038101,38.88532623,1/1/2026 12:12:09
ANC_2,Arlington National Cememtery,Raphael,Arlington National Cemetery,-77.05560103,38.88730357,1/1/2026 12:12:09
NM_1,National Mall & Downtown,Stephan,Stop 4 - Smithsonian Castle,-77.02652498,38.88757387,1/1/2026 12:12:09
NM_2,National Mall & Downtown,Daniel,Stop 7 - Lincoln Memorial,-77.04514842,38.88417824,1/1/2026 12:12:09
NM_3,National Mall & Downtown,Nancy,Stop 8 - WWII Memorial & Washington Monument,-77.0394827,38.8920759,1/1/2026 12:12:09
NM_4,National Mall & Downtown,James,Stop 10 -White House Visitor Center,-77.03194405,38.89611243,1/1/2026 12:12:09
NM_5,National Mall & Downtown,Melia,Stop 1 - Union Station,-77.01452305,38.89209042,1/1/2026 12:12:09
NM_6,National Mall & Downtown,Drew,Stop 3 - Air & Space Museum/National Museum of the American Indian,-77.01217163,38.89272322,1/1/2026 12:12:09
VA_1,National Mall & Virginia,David,Stop 4 - WWII Memorial/Washington Monument,-77.03195473,38.88733943,1/1/2026 12:12:09
VA_2,National Mall & Virginia,Riley,Stop 4 - WWII Memorial/Washington Monument,-77.03714409,38.86995511,1/1/2026 12:12:09
VA_3,National Mall & Virginia,Russell,Stop 4 - WWII Memorial/Washington Monument,-77.05809695,38.88639772,1/1/2026 12:12:09
VA_4,National Mall & Virginia,Phoebe,Stop 1 - Union Station,-77.01722707,38.8920228,1/1/2026 12:12:09
NC_ 1,"National Cathedral, Uptown, Georgetown",Michaela,Stop 5 - Kalorama/Adams Morgan/National Zoo,-77.04633866,38.91585825,1/1/2026 12:12:14
NC_2,"National Cathedral, Uptown, Georgetown",Cameron,Stop 7 - Georgetown/Old Stone House ,-77.05957648,38.9186895,1/1/2026 12:12:14
NC_3,"National Cathedral, Uptown, Georgetown",Stanley,Stop 1 - Ford's Theater,-77.03945146,38.89972701,1/1/2026 12:12:14
ANC_1,Arlington National Cememtery,Sam,Lincoln Memorial,-77.06012639,38.88525233,1/1/2026 12:12:14
ANC_2,Arlington National Cememtery,Raphael,Arlington National Cemetery,-77.05584931,38.88721372,1/1/2026 12:12:14
NM_1,National Mall & Downtown,Stephan,Stop 4 - Smithsonian Castle,-77.02679879,38.88757376,1/1/2026 12:12:14
NM_2,National Mall & Downtown,Daniel,Stop 7 - Lincoln Memorial,-77.04494847,38.88403264,1/1/2026 12:12:14
NM_3,National Mall & Downtown,Nancy,Stop 9 - Ford's Theater,-77.03925007,38.89210683,1/1/2026 12:12:14
NM_4,National Mall & Downtown,James,Stop 10 -White House Visitor Center,-77.03220934,38.89616208,1/1/2026 12:12:14
NM_5,National Mall & Downtown,Melia,Stop 1 - Union Station,-77.01424925,38.89208998,1/1/2026 12:12:14
NM_6,National Mall & Downtown,Drew,Stop 3 - Air & Space Museum/National Museum of the American Indian,-77.01223848,38.89281766,1/1/2026 12:12:14
VA_1,National Mall & Virginia,David,Stop 4 - WWII Memorial/Washington Monument,-77.03195549,38.8871263,1/1/2026 12:12:14
VA_2,National Mall & Virginia,Riley,Stop 4 - WWII Memorial/Washington Monument,-77.03724346,38.87015375,1/1/2026 12:12:14
VA_3,National Mall & Virginia,Russell,Stop 4 - WWII Memorial/Washington Monument,-77.05784888,38.88648793,1/1/2026 12:12:14
VA_4,National Mall & Virginia,Phoebe,Stop 1 - Union Station,-77.01696918,38.8919512,1/1/2026 12:12:14
NC_ 1,"National Cathedral, Uptown, Georgetown",Michaela,Stop 5 - Kalorama/Adams Morgan/National Zoo,-77.0463649,38.91606986,1/1/2026 12:12:19
NC_2,"National Cathedral, Uptown, Georgetown",Cameron,Stop 7 - Georgetown/Old Stone House ,-77.05938029,38.91854098,1/1/2026 12:12:19
NC_3,"National Cathedral, Uptown, Georgetown",Stanley,Stop 1 - Ford's Theater,-77.03945084,38.8999401,1/1/2026 12:12:19
ANC_1,Arlington National Cememtery,Sam,Lincoln Memorial,-77.05985568,38.88523401,1/1/2026 12:12:19
ANC_2,Arlington National Cememtery,Raphael,Arlington National Cemetery,-77.05609757,38.88712383,1/1/2026 12:12:19
NM_1,National Mall & Downtown,Stephan,Stop 4 - Smithsonian Castle,-77.0270726,38.88757365,1/1/2026 12:12:19
NM_2,National Mall & Downtown,Daniel,Stop 7 - Lincoln Memorial,-77.04470607,38.88397356,1/1/2026 12:12:19
NM_3,National Mall & Downtown,Nancy,Stop 9 - Ford's Theater,-77.03897627,38.89210626,1/1/2026 12:12:19
NM_4,National Mall & Downtown,James,Stop 10 -White House Visitor Center,-77.03246521,38.89623793,1/1/2026 12:12:19
NM_5,National Mall & Downtown,Melia,Stop 1 - Union Station,-77.01397544,38.89209019,1/1/2026 12:12:19
NM_6,National Mall & Downtown,Drew,Stop 3 - Air & Space Museum/National Museum of the American Indian,-77.01243682,38.89267074,1/1/2026 12:12:19
VA_1,National Mall & Virginia,David,Stop 4 - WWII Memorial/Washington Monument,-77.03195624,38.88691317,1/1/2026 12:12:19
VA_2,National Mall & Virginia,Riley,Stop 4 - WWII Memorial/Washington Monument,-77.03734284,38.87035239,1/1/2026 12:12:19
VA_3,National Mall & Virginia,Russell,Stop 4 - WWII Memorial/Washington Monument,-77.05760082,38.88657815,1/1/2026 12:12:19
VA_4,National Mall & Virginia,Phoebe,Stop 1 - Union Station,-77.01671129,38.8918796,1/1/2026 12:12:19
NC_ 1,"National Cathedral, Uptown, Georgetown",Michaela,Stop 5 - Kalorama/Adams Morgan/National Zoo,-77.04644751,38.91627186,1/1/2026 12:12:24
NC_2,"National Cathedral, Uptown, Georgetown",Cameron,Stop 7 - Georgetown/Old Stone House ,-77.05918184,38.91839425,1/1/2026 12:12:24
NC_3,"National Cathedral, Uptown, Georgetown",Stanley,Stop 1 - Ford's Theater,-77.0394504,38.90015319,1/1/2026 12:12:24
ANC_1,Arlington National Cememtery,Sam,Lincoln Memorial,-77.05960878,38.88532111,1/1/2026 12:12:24
ANC_2,Arlington National Cememtery,Raphael,Arlington National Cemetery,-77.05634581,38.8870339,1/1/2026 12:12:24
NM_1,National Mall & Downtown,Stephan,Stop 4 - Smithsonian Castle,-77.0273464,38.88757354,1/1/2026 12:12:24
NM_2,National Mall & Downtown,Daniel,Stop 7 - Lincoln Memorial,-77.04450857,38.88411874,1/1/2026 12:12:24
NM_3,National Mall & Downtown,Nancy,Stop 9 - Ford's Theater,-77.03870246,38.89210625,1/1/2026 12:12:24
NM_4,National Mall & Downtown,James,Stop 10 -White House Visitor Center,-77.03272325,38.89630919,1/1/2026 12:12:24
NM_5,National Mall & Downtown,Melia,Stop 1 - Union Station,-77.01370163,38.89209053,1/1/2026 12:12:24
NM_6,National Mall & Downtown,Drew,Stop 3 - Air & Space Museum/National Museum of the American Indian,-77.01263818,38.89252634,1/1/2026 12:12:24
VA_1,National Mall & Virginia,David,Stop 4 - WWII Memorial/Washington Monument,-77.031957,38.88670004,1/1/2026 12:12:24
VA_2,National Mall & Virginia,Riley,Stop 4 - WWII Memorial/Washington Monument,-77.0374303,38.87055419,1/1/2026 12:12:24
VA_3,National Mall & Virginia,Russell,Stop 4 - WWII Memorial/Washington Monument,-77.05735267,38.88666823,1/1/2026 12:12:24
VA_4,National Mall & Virginia,Phoebe,Stop 1 - Union Station,-77.0164534,38.89180799,1/1/2026 12:12:24
NC_ 1,"National Cathedral, Uptown, Georgetown",Michaela,Stop 5 - Kalorama/Adams Morgan/National Zoo,-77.04656566,38.91646404,1/1/2026 12:12:29
NC_2,"National Cathedral, Uptown, Georgetown",Cameron,Stop 7 - Georgetown/Old Stone House ,-77.05898094,38.91824964,1/1/2026 12:12:29
NC_3,"National Cathedral, Uptown, Georgetown",Stanley,Stop 1 - Ford's Theater,-77.03925688,38.90021161,1/1/2026 12:12:29
ANC_1,Arlington National Cememtery,Sam,Lincoln Memorial,-77.05943972,38.88548581,1/1/2026 12:12:29
ANC_2,Arlington National Cememtery,Raphael,Arlington National Cemetery,-77.05659403,38.88694393,1/1/2026 12:12:29
NM_1,National Mall & Downtown,Stephan,Stop 4 - Smithsonian Castle,-77.02762021,38.88757343,1/1/2026 12:12:29
NM_2,National Mall & Downtown,Daniel,Stop 7 - Lincoln Memorial,-77.04444425,38.88430785,1/1/2026 12:12:29
NM_3,National Mall & Downtown,Nancy,Stop 9 - Ford's Theater,-77.03842865,38.89210622,1/1/2026 12:12:29
NM_4,National Mall & Downtown,James,Stop 10 -White House Visitor Center,-77.032984,38.89637378,1/1/2026 12:12:29
NM_5,National Mall & Downtown,Melia,Stop 1 - Union Station,-77.01342787,38.89209385,1/1/2026 12:12:29
NM_6,National Mall & Downtown,Drew,Stop 3 - Air & Space Museum/National Museum of the American Indian,-77.01283419,38.89237769,1/1/2026 12:12:29
VA_1,National Mall & Virginia,David,Stop 4 - WWII Memorial/Washington Monument,-77.03195775,38.88648692,1/1/2026 12:12:29
VA_2,National Mall & Virginia,Riley,Stop 4 - WWII Memorial/Washington Monument,-77.03750733,38.87075876,1/1/2026 12:12:29
VA_3,National Mall & Virginia,Russell,Stop 4 - WWII Memorial/Washington Monument,-77.05710477,38.88675873,1/1/2026 12:12:29
VA_4,National Mall & Virginia,Phoebe,Stop 1 - Union Station,-77.0162395,38.89189881,1/1/2026 12:12:29
NC_ 1,"National Cathedral, Uptown, Georgetown",Michaela,Stop 5 - Kalorama/Adams Morgan/National Zoo,-77.04667795,38.91665832,1/1/2026 12:12:34
NC_2,"National Cathedral, Uptown, Georgetown",Cameron,Stop 7 - Georgetown/Old Stone House ,-77.05877875,38.91810604,1/1/2026 12:12:34
NC_3,"National Cathedral, Uptown, Georgetown",Stanley,Stop 1 - Ford's Theater,-77.03898317,38.90020599,1/1/2026 12:12:34
ANC_1,Arlington National Cememtery,Sam,Lincoln Memorial,-77.05934374,38.88568467,1/1/2026 12:12:34
ANC_2,Arlington National Cememtery,Raphael,Arlington National Cemetery,-77.05684223,38.88685393,1/1/2026 12:12:34
NM_1,National Mall & Downtown,Stephan,Stop 4 - Smithsonian Castle,-77.02789402,38.88757332,1/1/2026 12:12:34
NM_2,National Mall & Downtown,Daniel,Stop 7 - Lincoln Memorial,-77.04463066,38.88446127,1/1/2026 12:12:34
NM_3,National Mall & Downtown,Nancy,Stop 9 - Ford's Theater,-77.03815485,38.89210574,1/1/2026 12:12:34
NM_4,National Mall & Downtown,James,Stop 10 -White House Visitor Center,-77.03325401,38.89640224,1/1/2026 12:12:34
NM_5,National Mall & Downtown,Melia,Stop 1 - Union Station,-77.01316243,38.89211296,1/1/2026 12:12:34
NM_6,National Mall & Downtown,Drew,Stop 3 - Air & Space Museum/National Museum of the American Indian,-77.01302356,38.89222377,1/1/2026 12:12:34
VA_1,National Mall & Virginia,David,Stop 4 - WWII Memorial/Washington Monument,-77.0319585,38.88627379,1/1/2026 12:12:34
VA_2,National Mall & Virginia,Riley,Stop 4 - WWII Memorial/Washington Monument,-77.03758435,38.87096333,1/1/2026 12:12:34
VA_3,National Mall & Virginia,Russell,Stop 4 - WWII Memorial/Washington Monument,-77.05685657,38.88684873,1/1/2026 12:12:34
VA_4,National Mall & Virginia,Phoebe,Stop 1 - Union Station,-77.01598642,38.89198017,1/1/2026 12:12:34
NC_ 1,"National Cathedral, Uptown, Georgetown",Michaela,Stop 5 - Kalorama/Adams Morgan/National Zoo,-77.04678298,38.916855,1/1/2026 12:12:39
NC_2,"National Cathedral, Uptown, Georgetown",Cameron,Stop 7 - Georgetown/Old Stone House ,-77.05858063,38.917959,1/1/2026 12:12:39
NC_3,"National Cathedral, Uptown, Georgetown",Stanley,Stop 1 - Ford's Theater,-77.03870944,38.90020234,1/1/2026 12:12:39
ANC_1,Arlington National Cememtery,Sam,Lincoln Memorial,-77.05922408,38.88587614,1/1/2026 12:12:39
ANC_2,Arlington National Cememtery,Raphael,Arlington National Cemetery,-77.05709042,38.88676394,1/1/2026 12:12:39
NM_1,National Mall & Downtown,Stephan,Stop 5 -Jefferson Memorial/George Mason Monument,-77.02816781,38.88757489,1/1/2026 12:12:39
NM_2,National Mall & Downtown,Daniel,Stop 7 - Lincoln Memorial,-77.04483453,38.88460355,1/1/2026 12:12:39
NM_3,National Mall & Downtown,Nancy,Stop 9 - Ford's Theater,-77.03788104,38.89210526,1/1/2026 12:12:39
NM_4,National Mall & Downtown,James,Stop 10 -White House Visitor Center,-77.03352766,38.89640555,1/1/2026 12:12:39
NM_5,National Mall & Downtown,Melia,Stop 1 - Union Station,-77.01297143,38.89226566,1/1/2026 12:12:39
NM_6,National Mall & Downtown,Drew,Stop 3 - Air & Space Museum/National Museum of the American Indian,-77.01322902,38.89209688,1/1/2026 12:12:39
VA_1,National Mall & Virginia,David,Stop 4 - WWII Memorial/Washington Monument,-77.03195926,38.88606066,1/1/2026 12:12:39
VA_2,National Mall & Virginia,Riley,Stop 4 - WWII Memorial/Washington Monument,-77.03766138,38.87116789,1/1/2026 12:12:39
VA_3,National Mall & Virginia,Russell,Stop 4 - WWII Memorial/Washington Monument,-77.05660838,38.88693873,1/1/2026 12:12:39
VA_4,National Mall & Virginia,Phoebe,Stop 1 - Union Station,-77.01572735,38.89204693,1/1/2026 12:12:39
NC_ 1,"National Cathedral, Uptown, Georgetown",Michaela,Stop 5 - Kalorama/Adams Morgan/National Zoo,-77.04688387,38.91705305,1/1/2026 12:12:44
NC_2,"National Cathedral, Uptown, Georgetown",Cameron,Stop 7 - Georgetown/Old Stone House ,-77.05838197,38.91781239,1/1/2026 12:12:44
NC_3,"National Cathedral, Uptown, Georgetown",Stanley,Stop 1 - Ford's Theater,-77.03843566,38.90020557,1/1/2026 12:12:44
ANC_1,Arlington National Cememtery,Sam,Lincoln Memorial,-77.05902784,38.88602294,1/1/2026 12:12:44
ANC_2,Arlington National Cememtery,Raphael,Arlington National Cemetery,-77.05733834,38.88667347,1/1/2026 12:12:44
NM_1,National Mall & Downtown,Stephan,Stop 5 -Jefferson Memorial/George Mason Monument,-77.02844161,38.88757487,1/1/2026 12:12:44
NM_2,National Mall & Downtown,Daniel,Stop 7 - Lincoln Memorial,-77.04498793,38.88475608,1/1/2026 12:12:44
NM_3,National Mall & Downtown,Nancy,Stop 9 - Ford's Theater,-77.03760723,38.89210479,1/1/2026 12:12:44
NM_4,National Mall & Downtown,James,Stop 11 - National Archives/U.S. Navy Memorial,-77.03365279,38.89629372,1/1/2026 12:12:44
NM_5,National Mall & Downtown,Melia,Stop 1 - Union Station,-77.01278248,38.8924199,1/1/2026 12:12:44
NM_6,National Mall & Downtown,Drew,Stop 3 - Air & Space Museum/National Museum of the American Indian,-77.01350278,38.89209271,1/1/2026 12:12:44
VA_1,National Mall & Virginia,David,Stop 4 - WWII Memorial/Washington Monument,-77.0319595,38.88584753,1/1/2026 12:12:44
VA_2,National Mall & Virginia,Riley,Stop 4 - WWII Memorial/Washington Monument,-77.0377384,38.87137246,1/1/2026 12:12:44
VA_3,National Mall & Virginia,Russell,Stop 4 - WWII Memorial/Washington Monument,-77.05636016,38.8870287,1/1/2026 12:12:44
VA_4,National Mall & Virginia,Phoebe,Stop 1 - Union Station,-77.01545793,38.89208122,1/1/2026 12:12:44
NC_ 1,"National Cathedral, Uptown, Georgetown",Michaela,Stop 5 - Kalorama/Adams Morgan/National Zoo,-77.04698475,38.9172511,1/1/2026 12:12:49
NC_2,"National Cathedral, Uptown, Georgetown",Cameron,Stop 7 - Georgetown/Old Stone House ,-77.05818111,38.91766762,1/1/2026 12:12:49
NC_3,"National Cathedral, Uptown, Georgetown",Stanley,Stop 1 - Ford's Theater,-77.03816189,38.90020879,1/1/2026 12:12:49
ANC_1,Arlington National Cememtery,Sam,Lincoln Memorial,-77.05880399,38.88614233,1/1/2026 12:12:49
ANC_2,Arlington National Cememtery,Raphael,Arlington National Cemetery,-77.05758648,38.88658337,1/1/2026 12:12:49
NM_1,National Mall & Downtown,Stephan,Stop 5 -Jefferson Memorial/George Mason Monument,-77.02871542,38.88757396,1/1/2026 12:12:49
NM_2,National Mall & Downtown,Daniel,Stop 7 - Lincoln Memorial,-77.04494683,38.88496595,1/1/2026 12:12:49
NM_3,National Mall & Downtown,Nancy,Stop 9 - Ford's Theater,-77.03733343,38.89210457,1/1/2026 12:12:49
NM_4,National Mall & Downtown,James,Stop 11 - National Archives/U.S. Navy Memorial,-77.03365128,38.89608063,1/1/2026 12:12:49
NM_5,National Mall & Downtown,Melia,Stop 1 - Union Station,-77.01258308,38.89256585,1/1/2026 12:12:49
NM_6,National Mall & Downtown,Drew,Stop 3 - Air & Space Museum/National Museum of the American Indian,-77.01377656,38.89209044,1/1/2026 12:12:49
VA_1,National Mall & Virginia,David,Stop 4 - WWII Memorial/Washington Monument,-77.03195941,38.8856344,1/1/2026 12:12:49
VA_2,National Mall & Virginia,Riley,Stop 4 - WWII Memorial/Washington Monument,-77.03781543,38.87157703,1/1/2026 12:12:49
VA_3,National Mall & Virginia,Russell,Stop 4 - WWII Memorial/Washington Monument,-77.05611192,38.88711863,1/1/2026 12:12:49
VA_4,National Mall & Virginia,Phoebe,Stop 1 - Union Station,-77.01518477,38.89209191,1/1/2026 12:12:49
NC_ 1,"National Cathedral, Uptown, Georgetown",Michaela,Stop 5 - Kalorama/Adams Morgan/National Zoo,-77.04708559,38.91744917,1/1/2026 12:12:54
NC_2,"National Cathedral, Uptown, Georgetown",Cameron,Stop 7 - Georgetown/Old Stone House ,-77.05798006,38.917523,1/1/2026 12:12:54
NC_3,"National Cathedral, Uptown, Georgetown",Stanley,Stop 1 - Ford's Theater,-77.03788809,38.90020931,1/1/2026 12:12:54
ANC_1,Arlington National Cememtery,Sam,Lincoln Memorial,-77.05855564,38.88623208,1/1/2026 12:12:54
ANC_2,Arlington National Cememtery,Raphael,Arlington National Cemetery,-77.05783454,38.88649315,1/1/2026 12:12:54
NM_1,National Mall & Downtown,Stephan,Stop 5 -Jefferson Memorial/George Mason Monument,-77.02898922,38.88757415,1/1/2026 12:12:54
NM_2,National Mall & Downtown,Daniel,Stop 7 - Lincoln Memorial,-77.04495561,38.88517895,1/1/2026 12:12:54
NM_3,National Mall & Downtown,Nancy,Stop 9 - Ford's Theater,-77.03705962,38.89210441,1/1/2026 12:12:54
NM_4,National Mall & Downtown,James,Stop 11 - National Archives/U.S. Navy Memorial,-77.0336495,38.89586753,1/1/2026 12:12:54
NM_5,National Mall & Downtown,Melia,Stop 1 - Union Station,-77.01238239,38.89271082,1/1/2026 12:12:54
NM_6,National Mall & Downtown,Drew,Stop 3 - Air & Space Museum/National Museum of the American Indian,-77.01405036,38.8920901,1/1/2026 12:12:54
VA_1,National Mall & Virginia,David,Stop 4 - WWII Memorial/Washington Monument,-77.03196074,38.88542127,1/1/2026 12:12:54
VA_2,National Mall & Virginia,Riley,Stop 4 - WWII Memorial/Washington Monument,-77.03789245,38.87178159,1/1/2026 12:12:54
VA_3,National Mall & Virginia,Russell,Stop 4 - WWII Memorial/Washington Monument,-77.05586367,38.88720853,1/1/2026 12:12:54
VA_4,National Mall & Virginia,Phoebe,Stop 1 - Union Station,-77.01491115,38.89208821,1/1/2026 12:12:54
NC_ 1,"National Cathedral, Uptown, Georgetown",Michaela,Stop 5 - Kalorama/Adams Morgan/National Zoo,-77.04718625,38.91764728,1/1/2026 12:12:59
NC_2,"National Cathedral, Uptown, Georgetown",Cameron,Stop 7 - Georgetown/Old Stone House ,-77.05777802,38.91737923,1/1/2026 12:12:59
NC_3,"National Cathedral, Uptown, Georgetown",Stanley,Stop 1 - Ford's Theater,-77.03761428,38.90020921,1/1/2026 12:12:59
ANC_1,Arlington National Cememtery,Sam,Lincoln Memorial,-77.05830721,38.88632168,1/1/2026 12:12:59
ANC_2,Arlington National Cememtery,Raphael,Arlington National Cemetery,-77.05808261,38.88640294,1/1/2026 12:12:59
NM_1,National Mall & Downtown,Stephan,Stop 5 -Jefferson Memorial/George Mason Monument,-77.02926303,38.88757494,1/1/2026 12:12:59
NM_2,National Mall & Downtown,Daniel,Stop 7 - Lincoln Memorial,-77.04497693,38.88538956,1/1/2026 12:12:59
NM_3,National Mall & Downtown,Nancy,Stop 9 - Ford's Theater,-77.03678581,38.89210437,1/1/2026 12:12:59
NM_4,National Mall & Downtown,James,Stop 11 - National Archives/U.S. Navy Memorial,-77.0336478,38.89565443,1/1/2026 12:12:59
NM_5,National Mall & Downtown,Melia,Stop 1 - Union Station,-77.01218427,38.89285791,1/1/2026 12:12:59
NM_6,National Mall & Downtown,Drew,Stop 3 - Air & Space Museum/National Museum of the American Indian,-77.01432417,38.8920901,1/1/2026 12:12:59
VA_1,National Mall & Virginia,David,Stop 4 - WWII Memorial/Washington Monument,-77.03196256,38.88520814,1/1/2026 12:12:59
VA_2,National Mall & Virginia,Riley,Stop 4 - WWII Memorial/Washington Monument,-77.03798071,38.87198297,1/1/2026 12:12:59
VA_3,National Mall & Virginia,Russell,Stop 4 - WWII Memorial/Washington Monument,-77.05561538,38.88729837,1/1/2026 12:12:59
VA_4,National Mall & Virginia,Phoebe,Stop 1 - Union Station,-77.01463736,38.8920906,1/1/2026 12:12:59
NC_ 1,"National Cathedral, Uptown, Georgetown",Michaela,Stop 5 - Kalorama/Adams Morgan/National Zoo,-77.04728695,38.91784539,1/1/2026 12:13:04
NC_2,"National Cathedral, Uptown, Georgetown",Cameron,Stop 7 - Georgetown/Old Stone House ,-77.05757607,38.91723683,1/1/2026 12:13:04
NC_3,"National Cathedral, Uptown, Georgetown",Stanley,Stop 1 - Ford's Theater,-77.03734047,38.90020912,1/1/2026 12:13:04
ANC_1,Arlington National Cememtery,Sam,Lincoln Memorial,-77.05805893,38.88641155,1/1/2026 12:13:04
ANC_2,Arlington National Cememtery,Raphael,Arlington National Cemetery,-77.05833092,38.88631313,1/1/2026 12:13:04
NM_1,National Mall & Downtown,Stephan,Stop 5 -Jefferson Memorial/George Mason Monument,-77.02953683,38.88757519,1/1/2026 12:13:04
NM_2,National Mall & Downtown,Daniel,Stop 7 - Lincoln Memorial,-77.04499561,38.88560199,1/1/2026 12:13:04
NM_3,National Mall & Downtown,Nancy,Stop 9 - Ford's Theater,-77.036512,38.89210421,1/1/2026 12:13:04
NM_4,National Mall & Downtown,James,Stop 11 - National Archives/U.S. Navy Memorial,-77.03359002,38.89549415,1/1/2026 12:13:04
NM_5,National Mall & Downtown,Melia,Stop 1 - Union Station,-77.01198217,38.8930017,1/1/2026 12:13:04
NM_6,National Mall & Downtown,Drew,Stop 3 - Air & Space Museum/National Museum of the American Indian,-77.01459798,38.89209054,1/1/2026 12:13:04
VA_1,National Mall & Virginia,David,Stop 4 - WWII Memorial/Washington Monument,-77.03196438,38.88499501,1/1/2026 12:13:04
VA_2,National Mall & Virginia,Riley,Stop 4 - WWII Memorial/Washington Monument,-77.03809056,38.87217824,1/1/2026 12:13:04
VA_3,National Mall & Virginia,Russell,Stop 4 - WWII Memorial/Washington Monument,-77.05536709,38.88738822,1/1/2026 12:13:04
VA_4,National Mall & Virginia,Phoebe,Stop 1 - Union Station,-77.01436355,38.89209016,1/1/2026 12:13:04
NC_ 1,"National Cathedral, Uptown, Georgetown",Michaela,Stop 5 - Kalorama/Adams Morgan/National Zoo,-77.04738738,38.91804357,1/1/2026 12:13:09
NC_2,"National Cathedral, Uptown, Georgetown",Cameron,Stop 7 - Georgetown/Old Stone House ,-77.05738166,38.91708686,1/1/2026 12:13:09
NC_3,"National Cathedral, Uptown, Georgetown",Stanley,Stop 1 - Ford's Theater,-77.03706667,38.90020902,1/1/2026 12:13:09
ANC_1,Arlington National Cememtery,Sam,Lincoln Memorial,-77.05781086,38.88650176,1/1/2026 12:13:09
ANC_2,Arlington National Cememtery,Raphael,Arlington National Cemetery,-77.05857933,38.88622349,1/1/2026 12:13:09
NM_1,National Mall & Downtown,Stephan,Stop 5 -Jefferson Memorial/George Mason Monument,-77.02981064,38.88757512,1/1/2026 12:13:09
NM_2,National Mall & Downtown,Daniel,Stop 7 - Lincoln Memorial,-77.04498635,38.88581462,1/1/2026 12:13:09
NM_3,National Mall & Downtown,Nancy,Stop 9 - Ford's Theater,-77.0362382,38.89210396,1/1/2026 12:13:09
NM_4,National Mall & Downtown,James,Stop 11 - National Archives/U.S. Navy Memorial,-77.0333179,38.89551352,1/1/2026 12:13:09
NM_5,National Mall & Downtown,Melia,Stop 1 - Union Station,-77.01178021,38.89314559,1/1/2026 12:13:09
NM_6,National Mall & Downtown,Drew,Stop 3 - Air & Space Museum/National Museum of the American Indian,-77.01487177,38.89208862,1/1/2026 12:13:09
VA_1,National Mall & Virginia,David,Stop 4 - WWII Memorial/Washington Monument,-77.03197194,38.88478198,1/1/2026 12:13:09
VA_2,National Mall & Virginia,Riley,Stop 4 - WWII Memorial/Washington Monument,-77.0382004,38.8723735,1/1/2026 12:13:09
VA_3,National Mall & Virginia,Russell,Stop 4 - WWII Memorial/Washington Monument,-77.0551188,38.88747806,1/1/2026 12:13:09
VA_4,National Mall & Virginia,Phoebe,Stop 1 - Union Station,-77.01408975,38.89209005,1/1/2026 12:13:09
NC_ 1,"National Cathedral, Uptown, Georgetown",Michaela,Stop 5 - Kalorama/Adams Morgan/National Zoo,-77.04748795,38.91824171,1/1/2026 12:13:14
NC_2,"National Cathedral, Uptown, Georgetown",Cameron,Stop 7 - Georgetown/Old Stone House ,-77.05718799,38.91693629,1/1/2026 12:13:14
NC_3,"National Cathedral, Uptown, Georgetown",Stanley,Stop 1 - Ford's Theater,-77.03679286,38.90020895,1/1/2026 12:13:14
ANC_1,Arlington National Cememtery,Sam,Lincoln Memorial,-77.0575628,38.88659199,1/1/2026 12:13:14
ANC_2,Arlington National Cememtery,Raphael,Arlington National Cemetery,-77.05882774,38.88613384,1/1/2026 12:13:14
NM_1,National Mall & Downtown,Stephan,Stop 5 -Jefferson Memorial/George Mason Monument,-77.03008445,38.88757507,1/1/2026 12:13:14
NM_2,National Mall & Downtown,Daniel,Stop 7 - Lincoln Memorial,-77.04495728,38.88602653,1/1/2026 12:13:14
NM_3,National Mall & Downtown,Nancy,Stop 9 - Ford's Theater,-77.03596439,38.89210318,1/1/2026 12:13:14
NM_4,National Mall & Downtown,James,Stop 11 - National Archives/U.S. Navy Memorial,-77.03304409,38.8955139,1/1/2026 12:13:14
NM_5,National Mall & Downtown,Melia,Stop 1 - Union Station,-77.01157845,38.89328967,1/1/2026 12:13:14
NM_6,National Mall & Downtown,Drew,Stop 3 - Air & Space Museum/National Museum of the American Indian,-77.01514544,38.89209038,1/1/2026 12:13:14
VA_1,National Mall & Virginia,David,Stop 4 - WWII Memorial/Washington Monument,-77.03198208,38.88456899,1/1/2026 12:13:14
VA_2,National Mall & Virginia,Riley,Stop 4 - WWII Memorial/Washington Monument,-77.03831025,38.87256877,1/1/2026 12:13:14
VA_3,National Mall & Virginia,Russell,Stop 4 - WWII Memorial/Washington Monument,-77.05487051,38.8875679,1/1/2026 12:13:14
VA_4,National Mall & Virginia,Phoebe,Stop 1 - Union Station,-77.01381594,38.89209039,1/1/2026 12:13:14
NC_ 1,"National Cathedral, Uptown, Georgetown",Michaela,Stop 5 - Kalorama/Adams Morgan/National Zoo,-77.04759814,38.91843647,1/1/2026 12:13:19
NC_2,"National Cathedral, Uptown, Georgetown",Cameron,Stop 7 - Georgetown/Old Stone House ,-77.05699054,38.9167887,1/1/2026 12:13:19
NC_3,"National Cathedral, Uptown, Georgetown",Stanley,Stop 1 - Ford's Theater,-77.03651905,38.90020888,1/1/2026 12:13:19
ANC_1,Arlington National Cememtery,Sam,Lincoln Memorial,-77.05731468,38.88668211,1/1/2026 12:13:19
ANC_2,Arlington National Cememtery,Raphael,Arlington National Cemetery,-77.05909152,38.88608284,1/1/2026 12:13:19
NM_1,National Mall & Downtown,Stephan,Stop 5 -Jefferson Memorial/George Mason Monument,-77.03035825,38.88757511,1/1/2026 12:13:19
NM_2,National Mall & Downtown,Daniel,Stop 7 - Lincoln Memorial,-77.04491898,38.88623757,1/1/2026 12:13:19
NM_3,National Mall & Downtown,Nancy,Stop 9 - Ford's Theater,-77.03569059,38.89210196,1/1/2026 12:13:19
NM_4,National Mall & Downtown,James,Stop 11 - National Archives/U.S. Navy Memorial,-77.03277029,38.89551274,1/1/2026 12:13:19
NM_5,National Mall & Downtown,Melia,Stop 1 - Union Station,-77.0113767,38.89343374,1/1/2026 12:13:19
NM_6,National Mall & Downtown,Drew,Stop 3 - Air & Space Museum/National Museum of the American Indian,-77.01518825,38.89195617,1/1/2026 12:13:19
VA_1,National Mall & Virginia,David,Stop 4 - WWII Memorial/Washington Monument,-77.03199385,38.88435608,1/1/2026 12:13:19
VA_2,National Mall & Virginia,Riley,Stop 4 - WWII Memorial/Washington Monument,-77.03842009,38.87276403,1/1/2026 12:13:19
VA_3,National Mall & Virginia,Russell,Stop 4 - WWII Memorial/Washington Monument,-77.05462246,38.88765814,1/1/2026 12:13:19
VA_4,National Mall & Virginia,Phoebe,Stop 1 - Union Station,-77.01354215,38.89209211,1/1/2026 12:13:19
NC_ 1,"National Cathedral, Uptown, Georgetown",Michaela,Stop 5 - Kalorama/Adams Morgan/National Zoo,-77.04779594,38.91858016,1/1/2026 12:13:24
NC_2,"National Cathedral, Uptown, Georgetown",Cameron,Stop 7 - Georgetown/Old Stone House ,-77.05678982,38.91664382,1/1/2026 12:13:24
NC_3,"National Cathedral, Uptown, Georgetown",Stanley,Stop 1 - Ford's Theater,-77.03624525,38.9002088,1/1/2026 12:13:24
ANC_1,Arlington National Cememtery,Sam,Lincoln Memorial,-77.05706673,38.88677253,1/1/2026 12:13:24
ANC_2,Arlington National Cememtery,Raphael,Arlington National Cemetery,-77.05936249,38.88606626,1/1/2026 12:13:24
NM_1,National Mall & Downtown,Stephan,Stop 5 -Jefferson Memorial/George Mason Monument,-77.03063206,38.88757514,1/1/2026 12:13:24
NM_2,National Mall & Downtown,Daniel,Stop 7 - Lincoln Memorial,-77.04491708,38.88645019,1/1/2026 12:13:24
NM_3,National Mall & Downtown,Nancy,Stop 9 - Ford's Theater,-77.03541679,38.89210099,1/1/2026 12:13:24
NM_4,National Mall & Downtown,James,Stop 11 - National Archives/U.S. Navy Memorial,-77.03249649,38.89551128,1/1/2026 12:13:24
NM_5,National Mall & Downtown,Melia,Stop 1 - Union Station,-77.01117495,38.89357782,1/1/2026 12:13:24
NM_6,National Mall & Downtown,Drew,Stop 3 - Air & Space Museum/National Museum of the American Indian,-77.01518625,38.89174306,1/1/2026 12:13:24
VA_1,National Mall & Virginia,David,Stop 4 - WWII Memorial/Washington Monument,-77.03201778,38.88414376,1/1/2026 12:13:24
VA_2,National Mall & Virginia,Riley,Stop 4 - WWII Memorial/Washington Monument,-77.03852994,38.8729593,1/1/2026 12:13:24
VA_3,National Mall & Virginia,Russell,Stop 4 - WWII Memorial/Washington Monument,-77.05437441,38.88774839,1/1/2026 12:13:24
VA_4,National Mall & Virginia,Phoebe,Stop 1 - Union Station,-77.0132684,38.89209628,1/1/2026 12:13:24
NC_ 1,"National Cathedral, Uptown, Georgetown",Michaela,Stop 5 - Kalorama/Adams Morgan/National Zoo,-77.04805444,38.91864965,1/1/2026 12:13:29
NC_2,"National Cathedral, Uptown, Georgetown",Cameron,Stop 7 - Georgetown/Old Stone House ,-77.05659145,38.91649698,1/1/2026 12:13:29
NC_3,"National Cathedral, Uptown, Georgetown",Stanley,Stop 1 - Ford's Theater,-77.03597144,38.90020776,1/1/2026 12:13:29
ANC_1,Arlington National Cememtery,Sam,Lincoln Memorial,-77.05681853,38.88686252,1/1/2026 12:13:29
ANC_2,Arlington National Cememtery,Raphael,Arlington National Cemetery,-77.05962137,38.88613197,1/1/2026 12:13:29
NM_1,National Mall & Downtown,Stephan,Stop 5 -Jefferson Memorial/George Mason Monument,-77.03090587,38.88757525,1/1/2026 12:13:29
NM_2,National Mall & Downtown,Daniel,Stop 7 - Lincoln Memorial,-77.04494017,38.88666237,1/1/2026 12:13:29
NM_3,National Mall & Downtown,Nancy,Stop 9 - Ford's Theater,-77.03514298,38.89210107,1/1/2026 12:13:29
NM_4,National Mall & Downtown,James,Stop 11 - National Archives/U.S. Navy Memorial,-77.0322227,38.89550882,1/1/2026 12:13:29
NM_5,National Mall & Downtown,Melia,Stop 1 - Union Station,-77.01097418,38.89372272,1/1/2026 12:13:29
NM_6,National Mall & Downtown,Drew,Stop 3 - Air & Space Museum/National Museum of the American Indian,-77.01518425,38.89152996,1/1/2026 12:13:29
VA_1,National Mall & Virginia,David,Stop 4 - WWII Memorial/Washington Monument,-77.03205802,38.88393309,1/1/2026 12:13:29
VA_2,National Mall & Virginia,Riley,Stop 4 - WWII Memorial/Washington Monument,-77.03863978,38.87315456,1/1/2026 12:13:29
VA_3,National Mall & Virginia,Russell,Stop 4 - WWII Memorial/Washington Monument,-77.05412647,38.88783882,1/1/2026 12:13:29
VA_4,National Mall & Virginia,Phoebe,Stop 1 - Union Station,-77.01305106,38.89220183,1/1/2026 12:13:29
NC_ 1,"National Cathedral, Uptown, Georgetown",Michaela,Stop 5 - Kalorama/Adams Morgan/National Zoo,-77.04831098,38.9187238,1/1/2026 12:13:34
NC_2,"National Cathedral, Uptown, Georgetown",Cameron,Stop 7 - Georgetown/Old Stone House ,-77.05639263,38.91635051,1/1/2026 12:13:34
NC_3,"National Cathedral, Uptown, Georgetown",Stanley,Stop 1 - Ford's Theater,-77.03569764,38.90020673,1/1/2026 12:13:34
ANC_1,Arlington National Cememtery,Sam,Lincoln Memorial,-77.05657034,38.88695252,1/1/2026 12:13:34
ANC_2,Arlington National Cememtery,Raphael,Arlington National Cemetery,-77.05987775,38.88620118,1/1/2026 12:13:34
NM_1,National Mall & Downtown,Stephan,Stop 5 -Jefferson Memorial/George Mason Monument,-77.03117967,38.8875754,1/1/2026 12:13:34
NM_2,National Mall & Downtown,Daniel,Stop 7 - Lincoln Memorial,-77.04497805,38.88687323,1/1/2026 12:13:34
NM_3,National Mall & Downtown,Nancy,Stop 9 - Ford's Theater,-77.03486917,38.89210115,1/1/2026 12:13:34
NM_4,National Mall & Downtown,James,Stop 11 - National Archives/U.S. Navy Memorial,-77.03194891,38.89550647,1/1/2026 12:13:34
NM_5,National Mall & Downtown,Melia,Stop 1 - Union Station,-77.01077623,38.89386993,1/1/2026 12:13:34
NM_6,National Mall & Downtown,Drew,Stop 3 - Air & Space Museum/National Museum of the American Indian,-77.01518876,38.8913169,1/1/2026 12:13:34
VA_1,National Mall & Virginia,David,Stop 4 - WWII Memorial/Washington Monument,-77.03211032,38.88372396,1/1/2026 12:13:34
VA_2,National Mall & Virginia,Riley,Stop 4 - WWII Memorial/Washington Monument,-77.03880343,38.87332516,1/1/2026 12:13:34
VA_3,National Mall & Virginia,Russell,Stop 4 - WWII Memorial/Washington Monument,-77.05387853,38.88792924,1/1/2026 12:13:34
VA_4,National Mall & Virginia,Phoebe,Stop 1 - Union Station,-77.01286136,38.89235551,1/1/2026 12:13:34
NC_ 1,"National Cathedral, Uptown, Georgetown",Michaela,Stop 5 - Kalorama/Adams Morgan/National Zoo,-77.04856933,38.91879414,1/1/2026 12:13:39
NC_2,"National Cathedral, Uptown, Georgetown",Cameron,Stop 7 - Georgetown/Old Stone House ,-77.05619258,38.91620505,1/1/2026 12:13:39
NC_3,"National Cathedral, Uptown, Georgetown",Stanley,Stop 1 - Ford's Theater,-77.03542384,38.90020649,1/1/2026 12:13:39
ANC_1,Arlington National Cememtery,Sam,Lincoln Memorial,-77.05632212,38.88704248,1/1/2026 12:13:39
ANC_2,Arlington National Cememtery,Raphael,Arlington National Cemetery,-77.06014934,38.88618593,1/1/2026 12:13:39
NM_1,National Mall & Downtown,Stephan,Stop 5 -Jefferson Memorial/George Mason Monument,-77.03145348,38.88757575,1/1/2026 12:13:39
NM_2,National Mall & Downtown,Daniel,Stop 7 - Lincoln Memorial,-77.04506973,38.88705301,1/1/2026 12:13:39
NM_3,National Mall & Downtown,Nancy,Stop 9 - Ford's Theater,-77.03459537,38.89210123,1/1/2026 12:13:39
NM_4,National Mall & Downtown,James,Stop 11 - National Archives/U.S. Navy Memorial,-77.03167511,38.8955077,1/1/2026 12:13:39
NM_5,National Mall & Downtown,Melia,Stop 1 - Union Station,-77.01057741,38.8940164,1/1/2026 12:13:39
NM_6,National Mall & Downtown,Drew,Stop 3 - Air & Space Museum/National Museum of the American Indian,-77.01519094,38.89110383,1/1/2026 12:13:39
VA_1,National Mall & Virginia,David,Stop 4 - WWII Memorial/Washington Monument,-77.0321735,38.88351659,1/1/2026 12:13:39
VA_2,National Mall & Virginia,Riley,Stop 4 - WWII Memorial/Washington Monument,-77.03896942,38.87349469,1/1/2026 12:13:39
VA_3,National Mall & Virginia,Russell,Stop 4 - WWII Memorial/Washington Monument,-77.05363049,38.8880195,1/1/2026 12:13:39
VA_4,National Mall & Virginia,Phoebe,Stop 1 - Union Station,-77.01266714,38.89250557,1/1/2026 12:13:39
NC_ 1,"National Cathedral, Uptown, Georgetown",Michaela,Stop 5 - Kalorama/Adams Morgan/National Zoo,-77.04879302,38.91890915,1/1/2026 12:13:44
NC_2,"National Cathedral, Uptown, Georgetown",Cameron,Stop 7 - Georgetown/Old Stone House ,-77.05599305,38.91605916,1/1/2026 12:13:44
NC_3,"National Cathedral, Uptown, Georgetown",Stanley,Stop 1 - Ford's Theater,-77.03515006,38.90020958,1/1/2026 12:13:44
ANC_1,Arlington National Cememtery,Sam,Lincoln Memorial,-77.05607388,38.88713242,1/1/2026 12:13:44
ANC_2,Arlington National Cememtery,Raphael,Arlington National Cemetery,-77.06038457,38.88608146,1/1/2026 12:13:44
NM_1,National Mall & Downtown,Stephan,Stop 5 -Jefferson Memorial/George Mason Monument,-77.03172727,38.88757533,1/1/2026 12:13:44
NM_2,National Mall & Downtown,Daniel,Stop 7 - Lincoln Memorial,-77.04534324,38.88706292,1/1/2026 12:13:44
NM_3,National Mall & Downtown,Nancy,Stop 9 - Ford's Theater,-77.03432156,38.89210117,1/1/2026 12:13:44
NM_4,National Mall & Downtown,James,Stop 11 - National Archives/U.S. Navy Memorial,-77.03140131,38.89550893,1/1/2026 12:13:44
NM_5,National Mall & Downtown,Melia,Stop 1 - Union Station,-77.01037461,38.89415958,1/1/2026 12:13:44
NM_6,National Mall & Downtown,Drew,Stop 3 - Air & Space Museum/National Museum of the American Indian,-77.01519233,38.89089075,1/1/2026 12:13:44
VA_1,National Mall & Virginia,David,Stop 4 - WWII Memorial/Washington Monument,-77.03215564,38.88330712,1/1/2026 12:13:44
VA_2,National Mall & Virginia,Riley,Stop 4 - WWII Memorial/Washington Monument,-77.03916361,38.87364309,1/1/2026 12:13:44
VA_3,National Mall & Virginia,Russell,Stop 4 - WWII Memorial/Washington Monument,-77.05338241,38.8881097,1/1/2026 12:13:44
VA_4,National Mall & Virginia,Phoebe,Stop 1 - Union Station,-77.01246578,38.89264997,1/1/2026 12:13:44
NC_ 1,"National Cathedral, Uptown, Georgetown",Michaela,Stop 5 - Kalorama/Adams Morgan/National Zoo,-77.04892728,38.91909267,1/1/2026 12:13:49
NC_2,"National Cathedral, Uptown, Georgetown",Cameron,Stop 7 - Georgetown/Old Stone House ,-77.05579367,38.91591315,1/1/2026 12:13:49
NC_3,"National Cathedral, Uptown, Georgetown",Stanley,Stop 1 - Ford's Theater,-77.03487628,38.90021268,1/1/2026 12:13:49
ANC_1,Arlington National Cememtery,Sam,Lincoln Memorial,-77.05582561,38.8872223,1/1/2026 12:13:49
ANC_2,Arlington National Cememtery,Raphael,Arlington National Cemetery,-77.06053391,38.88590572,1/1/2026 12:13:49
NM_1,National Mall & Downtown,Stephan,Stop 5 -Jefferson Memorial/George Mason Monument,-77.0319992,38.8875848,1/1/2026 12:13:49
NM_2,National Mall & Downtown,Daniel,Stop 7 - Lincoln Memorial,-77.04561675,38.88707282,1/1/2026 12:13:49
NM_3,National Mall & Downtown,Nancy,Stop 9 - Ford's Theater,-77.03404775,38.89210094,1/1/2026 12:13:49
NM_4,National Mall & Downtown,James,Stop 11 - National Archives/U.S. Navy Memorial,-77.0311275,38.89551016,1/1/2026 12:13:49
NM_5,National Mall & Downtown,Melia,Stop 1 - Union Station,-77.01017182,38.89430277,1/1/2026 12:13:49
NM_6,National Mall & Downtown,Drew,Stop 3 - Air & Space Museum/National Museum of the American Indian,-77.01520057,38.89067773,1/1/2026 12:13:49
VA_1,National Mall & Virginia,David,Stop 4 - WWII Memorial/Washington Monument,-77.03225727,38.88310943,1/1/2026 12:13:49
VA_2,National Mall & Virginia,Riley,Stop 4 - WWII Memorial/Washington Monument,-77.03937492,38.87377865,1/1/2026 12:13:49
VA_3,National Mall & Virginia,Russell,Stop 4 - WWII Memorial/Washington Monument,-77.0531344,38.8882,1/1/2026 12:13:49
VA_4,National Mall & Virginia,Phoebe,Stop 1 - Union Station,-77.01226698,38.89279651,1/1/2026 12:13:49
NC_ 1,"National Cathedral, Uptown, Georgetown",Michaela,Stop 5 - Kalorama/Adams Morgan/National Zoo,-77.04903587,38.91928814,1/1/2026 12:13:54
NC_2,"National Cathedral, Uptown, Georgetown",Cameron,Stop 7 - Georgetown/Old Stone House ,-77.05559441,38.91576704,1/1/2026 12:13:54
NC_3,"National Cathedral, Uptown, Georgetown",Stanley,Stop 1 - Ford's Theater,-77.0346025,38.90021577,1/1/2026 12:13:54
ANC_1,Arlington National Cememtery,Sam,Lincoln Memorial,-77.05557733,38.88731214,1/1/2026 12:13:54
ANC_2,Arlington National Cememtery,Raphael,Arlington National Cemetery,-77.06062068,38.88570398,1/1/2026 12:13:54
NM_1,National Mall & Downtown,Stephan,Stop 5 -Jefferson Memorial/George Mason Monument,-77.03226302,38.88764183,1/1/2026 12:13:54
NM_2,National Mall & Downtown,Daniel,Stop 7 - Lincoln Memorial,-77.04589026,38.88708273,1/1/2026 12:13:54
NM_3,National Mall & Downtown,Nancy,Stop 9 - Ford's Theater,-77.03377397,38.89209904,1/1/2026 12:13:54
NM_4,National Mall & Downtown,James,Stop 11 - National Archives/U.S. Navy Memorial,-77.0308537,38.89551139,1/1/2026 12:13:54
NM_5,National Mall & Downtown,Melia,Stop 1 - Union Station,-77.00997197,38.89444844,1/1/2026 12:13:54
NM_6,National Mall & Downtown,Drew,Stop 3 - Air & Space Museum/National Museum of the American Indian,-77.01519979,38.89046464,1/1/2026 12:13:54
VA_1,National Mall & Virginia,David,Stop 4 - WWII Memorial/Washington Monument,-77.03237546,38.88291717,1/1/2026 12:13:54
VA_2,National Mall & Virginia,Riley,Stop 4 - WWII Memorial/Washington Monument,-77.03958623,38.87391421,1/1/2026 12:13:54
VA_3,National Mall & Virginia,Russell,Stop 4 - WWII Memorial/Washington Monument,-77.05288637,38.88829028,1/1/2026 12:13:54
VA_4,National Mall & Virginia,Phoebe,Stop 1 - Union Station,-77.01206664,38.89294175,1/1/2026 12:13:54
NC_ 1,"National Cathedral, Uptown, Georgetown",Michaela,Stop 5 - Kalorama/Adams Morgan/National Zoo,-77.04915635,38.91947927,1/1/2026 12:13:59
NC_2,"National Cathedral, Uptown, Georgetown",Cameron,Stop 7 - Georgetown/Old Stone House ,-77.05539504,38.91562101,1/1/2026 12:13:59
NC_3,"National Cathedral, Uptown, Georgetown",Stanley,Stop 1 - Ford's Theater,-77.03432872,38.9002175,1/1/2026 12:13:59
ANC_1,Arlington National Cememtery,Sam,Lincoln Memorial,-77.05532904,38.88740199,1/1/2026 12:13:59
ANC_2,Arlington National Cememtery,Raphael,Arlington National Cemetery,-77.06075469,38.88551955,1/1/2026 12:13:59
NM_1,National Mall & Downtown,Stephan,Stop 5 -Jefferson Memorial/George Mason Monument,-77.03252684,38.88769886,1/1/2026 12:13:59
NM_2,National Mall & Downtown,Daniel,Stop 7 - Lincoln Memorial,-77.04616377,38.88709264,1/1/2026 12:13:59
NM_3,National Mall & Downtown,Nancy,Stop 9 - Ford's Theater,-77.03350021,38.89209504,1/1/2026 12:13:59
NM_4,National Mall & Downtown,James,Stop 11 - National Archives/U.S. Navy Memorial,-77.0305799,38.89551262,1/1/2026 12:13:59
NM_5,National Mall & Downtown,Melia,Stop 1 - Union Station,-77.00977254,38.89459446,1/1/2026 12:13:59
NM_6,National Mall & Downtown,Drew,Stop 3 - Air & Space Museum/National Museum of the American Indian,-77.01519722,38.89025153,1/1/2026 12:13:59
VA_1,National Mall & Virginia,David,Stop 4 - WWII Memorial/Washington Monument,-77.03251017,38.88273162,1/1/2026 12:13:59
VA_2,National Mall & Virginia,Riley,Stop 4 - WWII Memorial/Washington Monument,-77.03979753,38.87404977,1/1/2026 12:13:59
VA_3,National Mall & Virginia,Russell,Stop 4 - WWII Memorial/Washington Monument,-77.05263816,38.88838025,1/1/2026 12:13:59
VA_4,National Mall & Virginia,Phoebe,Stop 1 - Union Station,-77.01186443,38.89308544,1/1/2026 12:13:59
NC_ 1,"National Cathedral, Uptown, Georgetown",Michaela,Stop 5 - Kalorama/Adams Morgan/National Zoo,-77.04926804,38.91967376,1/1/2026 12:14:04
NC_2,"National Cathedral, Uptown, Georgetown",Cameron,Stop 7 - Georgetown/Old Stone House ,-77.0551948,38.9154757,1/1/2026 12:14:04
NC_3,"National Cathedral, Uptown, Georgetown",Stanley,Stop 1 - Ford's Theater,-77.03405492,38.90021614,1/1/2026 12:14:04
ANC_1,Arlington National Cememtery,Sam,Lincoln Memorial,-77.05508075,38.88749183,1/1/2026 12:14:04
ANC_2,Arlington National Cememtery,Raphael,Arlington National Cemetery,-77.06095622,38.885377,1/1/2026 12:14:04
NM_1,National Mall & Downtown,Stephan,Stop 5 -Jefferson Memorial/George Mason Monument,-77.03279067,38.88775589,1/1/2026 12:14:04
NM_2,National Mall & Downtown,Daniel,Stop 7 - Lincoln Memorial,-77.04643725,38.88710309,1/1/2026 12:14:04
NM_3,National Mall & Downtown,Nancy,Stop 9 - Ford's Theater,-77.03322644,38.89209157,1/1/2026 12:14:04
NM_4,National Mall & Downtown,James,Stop 11 - National Archives/U.S. Navy Memorial,-77.0303061,38.89551385,1/1/2026 12:14:04
NM_5,National Mall & Downtown,Melia,Stop 1 - Union Station,-77.00957441,38.89474154,1/1/2026 12:14:04
NM_6,National Mall & Downtown,Drew,Stop 3 - Air & Space Museum/National Museum of the American Indian,-77.01519466,38.89003842,1/1/2026 12:14:04
VA_1,National Mall & Virginia,David,Stop 4 - WWII Memorial/Washington Monument,-77.03264526,38.88254623,1/1/2026 12:14:04
VA_2,National Mall & Virginia,Riley,Stop 4 - WWII Memorial/Washington Monument,-77.04000884,38.87418533,1/1/2026 12:14:04
VA_3,National Mall & Virginia,Russell,Stop 4 - WWII Memorial/Washington Monument,-77.05238939,38.88846928,1/1/2026 12:14:04
VA_4,National Mall & Virginia,Phoebe,Stop 1 - Union Station,-77.01166268,38.89322952,1/1/2026 12:14:04
NC_ 1,"National Cathedral, Uptown, Georgetown",Michaela,Stop 5 - Kalorama/Adams Morgan/National Zoo,-77.04938116,38.91986776,1/1/2026 12:14:09
NC_2,"National Cathedral, Uptown, Georgetown",Cameron,Stop 7 - Georgetown/Old Stone House ,-77.05499878,38.91532698,1/1/2026 12:14:09
NC_3,"National Cathedral, Uptown, Georgetown",Stanley,Stop 1 - Ford's Theater,-77.03378112,38.90021478,1/1/2026 12:14:09
ANC_1,Arlington National Cememtery,Sam,Lincoln Memorial,-77.05483249,38.88758173,1/1/2026 12:14:09
ANC_2,Arlington National Cememtery,Raphael,Arlington National Cemetery,-77.06119665,38.88527997,1/1/2026 12:14:09
NM_1,National Mall & Downtown,Stephan,Stop 5 -Jefferson Memorial/George Mason Monument,-77.03305946,38.88779485,1/1/2026 12:14:09
NM_2,National Mall & Downtown,Daniel,Stop 7 - Lincoln Memorial,-77.04671069,38.88711413,1/1/2026 12:14:09
NM_3,National Mall & Downtown,Nancy,Stop 9 - Ford's Theater,-77.03295264,38.8920907,1/1/2026 12:14:09
NM_4,National Mall & Downtown,James,Stop 11 - National Archives/U.S. Navy Memorial,-77.03003232,38.89551175,1/1/2026 12:14:09
NM_5,National Mall & Downtown,Melia,Stop 1 - Union Station,-77.00937439,38.89488706,1/1/2026 12:14:09
NM_6,National Mall & Downtown,Drew,Stop 3 - Air & Space Museum/National Museum of the American Indian,-77.01519411,38.88982531,1/1/2026 12:14:09
VA_1,National Mall & Virginia,David,Stop 4 - WWII Memorial/Washington Monument,-77.03278035,38.88236083,1/1/2026 12:14:09
VA_2,National Mall & Virginia,Riley,Stop 4 - WWII Memorial/Washington Monument,-77.04022014,38.8743209,1/1/2026 12:14:09
VA_3,National Mall & Virginia,Russell,Stop 4 - WWII Memorial/Washington Monument,-77.05214054,38.88855817,1/1/2026 12:14:09
VA_4,National Mall & Virginia,Phoebe,Stop 1 - Union Station,-77.01146093,38.89337359,1/1/2026 12:14:09
NC_ 1,"National Cathedral, Uptown, Georgetown",Michaela,Stop 5 - Kalorama/Adams Morgan/National Zoo,-77.04949424,38.92006177,1/1/2026 12:14:14
NC_2,"National Cathedral, Uptown, Georgetown",Cameron,Stop 7 - Georgetown/Old Stone House ,-77.0547984,38.91518181,1/1/2026 12:14:14
NC_3,"National Cathedral, Uptown, Georgetown",Stanley,Stop 1 - Ford's Theater,-77.03350731,38.90021337,1/1/2026 12:14:14
ANC_1,Arlington National Cememtery,Sam,Lincoln Memorial,-77.05458444,38.88767197,1/1/2026 12:14:14
ANC_2,Arlington National Cememtery,Raphael,Arlington National Cemetery,-77.06144154,38.88518472,1/1/2026 12:14:14
NM_1,National Mall & Downtown,Stephan,Stop 5 -Jefferson Memorial/George Mason Monument,-77.03333109,38.88780467,1/1/2026 12:14:14
NM_2,National Mall & Downtown,Daniel,Stop 7 - Lincoln Memorial,-77.04698413,38.88712518,1/1/2026 12:14:14
NM_3,National Mall & Downtown,Nancy,Stop 9 - Ford's Theater,-77.03267884,38.89208997,1/1/2026 12:14:14
NM_4,National Mall & Downtown,James,Stop 11 - National Archives/U.S. Navy Memorial,-77.02976338,38.89548245,1/1/2026 12:14:14
NM_5,National Mall & Downtown,Melia,Stop 1 - Union Station,-77.00917327,38.89503167,1/1/2026 12:14:14
NM_6,National Mall & Downtown,Drew,Stop 3 - Air & Space Museum/National Museum of the American Indian,-77.01519431,38.88961219,1/1/2026 12:14:14
VA_1,National Mall & Virginia,David,Stop 4 - WWII Memorial/Washington Monument,-77.03291544,38.88217544,1/1/2026 12:14:14
VA_2,National Mall & Virginia,Riley,Stop 4 - WWII Memorial/Washington Monument,-77.04043145,38.87445646,1/1/2026 12:14:14
VA_3,National Mall & Virginia,Russell,Stop 4 - WWII Memorial/Washington Monument,-77.05189599,38.88865383,1/1/2026 12:14:14
VA_4,National Mall & Virginia,Phoebe,Stop 1 - Union Station,-77.01125918,38.89351767,1/1/2026 12:14:14
NC_ 1,"National Cathedral, Uptown, Georgetown",Michaela,Stop 5 - Kalorama/Adams Morgan/National Zoo,-77.04960726,38.9202558,1/1/2026 12:14:19
NC_2,"National Cathedral, Uptown, Georgetown",Cameron,Stop 7 - Georgetown/Old Stone House ,-77.05459846,38.91503626,1/1/2026 12:14:19
NC_3,"National Cathedral, Uptown, Georgetown",Stanley,Stop 1 - Ford's Theater,-77.03323351,38.90021184,1/1/2026 12:14:19
ANC_1,Arlington National Cememtery,Sam,Lincoln Memorial,-77.05433641,38.88776225,1/1/2026 12:14:19
ANC_2,Arlington National Cememtery,Raphael,Arlington National Cemetery,-77.06168616,38.88508896,1/1/2026 12:14:19
NM_1,National Mall & Downtown,Stephan,Stop 5 -Jefferson Memorial/George Mason Monument,-77.0336039,38.88778652,1/1/2026 12:14:19
NM_2,National Mall & Downtown,Daniel,Stop 7 - Lincoln Memorial,-77.04725757,38.88713622,1/1/2026 12:14:19
NM_3,National Mall & Downtown,Nancy,Stop 9 - Ford's Theater,-77.03240519,38.89209716,1/1/2026 12:14:19
NM_4,National Mall & Downtown,James,Stop 11 - National Archives/U.S. Navy Memorial,-77.0295026,38.89541788,1/1/2026 12:14:19
NM_5,National Mall & Downtown,Melia,Stop 1 - Union Station,-77.00897193,38.89517609,1/1/2026 12:14:19
NM_6,National Mall & Downtown,Drew,Stop 3 - Air & Space Museum/National Museum of the American Indian,-77.01519171,38.88939909,1/1/2026 12:14:19
VA_1,National Mall & Virginia,David,Stop 4 - WWII Memorial/Washington Monument,-77.0330509,38.88199021,1/1/2026 12:14:19
VA_2,National Mall & Virginia,Riley,Stop 4 - WWII Memorial/Washington Monument,-77.04064276,38.87459202,1/1/2026 12:14:19
VA_3,National Mall & Virginia,Russell,Stop 4 - WWII Memorial/Washington Monument,-77.05167214,38.88877536,1/1/2026 12:14:19
VA_4,National Mall & Virginia,Phoebe,Stop 1 - Union Station,-77.01105799,38.89366222,1/1/2026 12:14:19
NC_ 1,"National Cathedral, Uptown, Georgetown",Michaela,Stop 5 - Kalorama/Adams Morgan/National Zoo,-77.04972028,38.92044984,1/1/2026 12:14:24
NC_2,"National Cathedral, Uptown, Georgetown",Cameron,Stop 7 - Georgetown/Old Stone House ,-77.05439909,38.91489023,1/1/2026 12:14:24
NC_3,"National Cathedral, Uptown, Georgetown",Stanley,Stop 1 - Ford's Theater,-77.03295971,38.9002103,1/1/2026 12:14:24
ANC_1,Arlington National Cememtery,Sam,Lincoln Memorial,-77.05408847,38.88785267,1/1/2026 12:14:24
ANC_2,Arlington National Cememtery,Raphael,Arlington National Cemetery,-77.06193077,38.88499319,1/1/2026 12:14:24
NM_1,National Mall & Downtown,Stephan,Stop 5 -Jefferson Memorial/George Mason Monument,-77.03370533,38.88763576,1/1/2026 12:14:24
NM_2,National Mall & Downtown,Daniel,Stop 7 - Lincoln Memorial,-77.04753101,38.88714726,1/1/2026 12:14:24
NM_3,National Mall & Downtown,Nancy,Stop 9 - Ford's Theater,-77.03213141,38.89209869,1/1/2026 12:14:24
NM_4,National Mall & Downtown,James,Stop 11 - National Archives/U.S. Navy Memorial,-77.02924443,38.89534688,1/1/2026 12:14:24
NM_5,National Mall & Downtown,Melia,Stop 1 - Union Station,-77.00877047,38.89532041,1/1/2026 12:14:24
NM_6,National Mall & Downtown,Drew,Stop 3 - Air & Space Museum/National Museum of the American Indian,-77.01518539,38.88918603,1/1/2026 12:14:24
VA_1,National Mall & Virginia,David,Stop 4 - WWII Memorial/Washington Monument,-77.03318696,38.88180525,1/1/2026 12:14:24
VA_2,National Mall & Virginia,Riley,Stop 4 - WWII Memorial/Washington Monument,-77.04085407,38.87472758,1/1/2026 12:14:24
VA_3,National Mall & Virginia,Russell,Stop 4 - WWII Memorial/Washington Monument,-77.05151312,38.88894767,1/1/2026 12:14:24
VA_4,National Mall & Virginia,Phoebe,Stop 1 - Union Station,-77.01085802,38.89380778,1/1/2026 12:14:24
NC_ 1,"National Cathedral, Uptown, Georgetown",Michaela,Stop 5 - Kalorama/Adams Morgan/National Zoo,-77.04983327,38.92064388,1/1/2026 12:14:29
NC_2,"National Cathedral, Uptown, Georgetown",Cameron,Stop 7 - Georgetown/Old Stone House ,-77.05419958,38.91474433,1/1/2026 12:14:29
NC_3,"National Cathedral, Uptown, Georgetown",Stanley,Stop 1 - Ford's Theater,-77.03268592,38.90020876,1/1/2026 12:14:29
ANC_1,Arlington National Cememtery,Sam,Lincoln Memorial,-77.05384053,38.8879431,1/1/2026 12:14:29
ANC_2,Arlington National Cememtery,Raphael,Arlington National Cemetery,-77.06217729,38.88490053,1/1/2026 12:14:29
NM_1,National Mall & Downtown,Stephan,Stop 5 -Jefferson Memorial/George Mason Monument,-77.03370523,38.88742263,1/1/2026 12:14:29
NM_2,National Mall & Downtown,Daniel,Stop 7 - Lincoln Memorial,-77.04780445,38.8871583,1/1/2026 12:14:29
NM_3,National Mall & Downtown,Nancy,Stop 9 - Ford's Theater,-77.03185766,38.89209929,1/1/2026 12:14:29
NM_4,National Mall & Downtown,James,Stop 11 - National Archives/U.S. Navy Memorial,-77.02898627,38.89527589,1/1/2026 12:14:29
NM_5,National Mall & Downtown,Melia,Stop 1 - Union Station,-77.00856932,38.89546498,1/1/2026 12:14:29
NM_6,National Mall & Downtown,Drew,Stop 3 - Air & Space Museum/National Museum of the American Indian,-77.01517954,38.88897296,1/1/2026 12:14:29
VA_1,National Mall & Virginia,David,Stop 4 - WWII Memorial/Washington Monument,-77.03332303,38.88162028,1/1/2026 12:14:29
VA_2,National Mall & Virginia,Riley,Stop 4 - WWII Memorial/Washington Monument,-77.04106537,38.87486314,1/1/2026 12:14:29
VA_3,National Mall & Virginia,Russell,Stop 4 - WWII Memorial/Washington Monument,-77.05141733,38.88914676,1/1/2026 12:14:29
VA_4,National Mall & Virginia,Phoebe,Stop 1 - Union Station,-77.01066209,38.89395664,1/1/2026 12:14:29
NC_ 1,"National Cathedral, Uptown, Georgetown",Michaela,Stop 5 - Kalorama/Adams Morgan/National Zoo,-77.04994627,38.92083792,1/1/2026 12:14:34
NC_2,"National Cathedral, Uptown, Georgetown",Cameron,Stop 7 - Georgetown/Old Stone House ,-77.05399848,38.91459974,1/1/2026 12:14:34
NC_3,"National Cathedral, Uptown, Georgetown",Stanley,Stop 1 - Ford's Theater,-77.03241212,38.900209,1/1/2026 12:14:34
ANC_1,Arlington National Cememtery,Sam,Lincoln Memorial,-77.05359247,38.88803332,1/1/2026 12:14:34
ANC_2,Arlington National Cememtery,Raphael,Arlington National Cemetery,-77.06242643,38.88481212,1/1/2026 12:14:34
NM_1,National Mall & Downtown,Stephan,Stop 5 -Jefferson Memorial/George Mason Monument,-77.03370513,38.8872095,1/1/2026 12:14:34
NM_2,National Mall & Downtown,Daniel,Stop 7 - Lincoln Memorial,-77.04807788,38.88716935,1/1/2026 12:14:34
NM_3,National Mall & Downtown,Nancy,Stop 9 - Ford's Theater,-77.03158389,38.8920961,1/1/2026 12:14:34
NM_4,National Mall & Downtown,James,Stop 11 - National Archives/U.S. Navy Memorial,-77.02872836,38.89520433,1/1/2026 12:14:34
NM_5,National Mall & Downtown,Melia,Stop 1 - Union Station,-77.00836827,38.89560965,1/1/2026 12:14:34
NM_6,National Mall & Downtown,Drew,Stop 3 - Air & Space Museum/National Museum of the American Indian,-77.01517637,38.88875992,1/1/2026 12:14:34
VA_1,National Mall & Virginia,David,Stop 4 - WWII Memorial/Washington Monument,-77.03346786,38.88143945,1/1/2026 12:14:34
VA_2,National Mall & Virginia,Riley,Stop 4 - WWII Memorial/Washington Monument,-77.04130047,38.87497059,1/1/2026 12:14:34
VA_3,National Mall & Virginia,Russell,Stop 4 - WWII Memorial/Washington Monument,-77.0513755,38.88935725,1/1/2026 12:14:34
VA_4,National Mall & Virginia,Phoebe,Stop 1 - Union Station,-77.01045927,38.8940998,1/1/2026 12:14:34
NC_ 1,"National Cathedral, Uptown, Georgetown",Michaela,Stop 5 - Kalorama/Adams Morgan/National Zoo,-77.05005841,38.92103226,1/1/2026 12:14:39
NC_2,"National Cathedral, Uptown, Georgetown",Cameron,Stop 7 - Georgetown/Old Stone House ,-77.05379868,38.91445408,1/1/2026 12:14:39
NC_3,"National Cathedral, Uptown, Georgetown",Stanley,Stop 1 - Ford's Theater,-77.03213832,38.90021099,1/1/2026 12:14:39
ANC_1,Arlington National Cememtery,Sam,Lincoln Memorial,-77.0533444,38.88812353,1/1/2026 12:14:39
ANC_2,Arlington National Cememtery,Raphael,Arlington National Cemetery,-77.06267557,38.88472372,1/1/2026 12:14:39
NM_1,National Mall & Downtown,Stephan,Stop 5 -Jefferson Memorial/George Mason Monument,-77.03370503,38.88699638,1/1/2026 12:14:39
NM_2,National Mall & Downtown,Daniel,Stop 7 - Lincoln Memorial,-77.04835053,38.88718408,1/1/2026 12:14:39
NM_3,National Mall & Downtown,Nancy,Stop 9 - Ford's Theater,-77.03131009,38.89209517,1/1/2026 12:14:39
NM_4,National Mall & Downtown,James,Stop 11 - National Archives/U.S. Navy Memorial,-77.02847098,38.89513163,1/1/2026 12:14:39
NM_5,National Mall & Downtown,Melia,Stop 1 - Union Station,-77.00816745,38.89575451,1/1/2026 12:14:39
NM_6,National Mall & Downtown,Drew,Stop 3 - Air & Space Museum/National Museum of the American Indian,-77.01517183,38.88854691,1/1/2026 12:14:39
VA_1,National Mall & Virginia,David,Stop 4 - WWII Memorial/Washington Monument,-77.03360452,38.88125478,1/1/2026 12:14:39
VA_2,National Mall & Virginia,Riley,Stop 4 - WWII Memorial/Washington Monument,-77.04154381,38.87506831,1/1/2026 12:14:39
VA_3,National Mall & Virginia,Russell,Stop 4 - WWII Memorial/Washington Monument,-77.0513234,38.88956597,1/1/2026 12:14:39
VA_4,National Mall & Virginia,Phoebe,Stop 1 - Union Station,-77.01025648,38.89424299,1/1/2026 12:14:39
NC_ 1,"National Cathedral, Uptown, Georgetown",Michaela,Stop 5 - Kalorama/Adams Morgan/National Zoo,-77.05017062,38.92122657,1/1/2026 12:14:44
NC_2,"National Cathedral, Uptown, Georgetown",Cameron,Stop 7 - Georgetown/Old Stone House ,-77.05359884,38.91430844,1/1/2026 12:14:44
NC_3,"National Cathedral, Uptown, Georgetown",Stanley,Stop 1 - Ford's Theater,-77.03186452,38.90021253,1/1/2026 12:14:44
ANC_1,Arlington National Cememtery,Sam,Lincoln Memorial,-77.05309638,38.88821384,1/1/2026 12:14:44
ANC_2,Arlington National Cememtery,Raphael,Arlington National Cemetery,-77.06292471,38.88463531,1/1/2026 12:14:44
NM_1,National Mall & Downtown,Stephan,Stop 5 -Jefferson Memorial/George Mason Monument,-77.03370493,38.88678325,1/1/2026 12:14:44
NM_2,National Mall & Downtown,Daniel,Stop 7 - Lincoln Memorial,-77.04833989,38.88735652,1/1/2026 12:14:44
NM_3,National Mall & Downtown,Nancy,Stop 9 - Ford's Theater,-77.03103628,38.89209588,1/1/2026 12:14:44
NM_4,National Mall & Downtown,James,Stop 11 - National Archives/U.S. Navy Memorial,-77.0282136,38.89505893,1/1/2026 12:14:44
NM_5,National Mall & Downtown,Melia,Stop 1 - Union Station,-77.00796516,38.89589811,1/1/2026 12:14:44
NM_6,National Mall & Downtown,Drew,Stop 3 - Air & Space Museum/National Museum of the American Indian,-77.01517447,38.8883338,1/1/2026 12:14:44
VA_1,National Mall & Virginia,David,Stop 4 - WWII Memorial/Washington Monument,-77.03374011,38.8810696,1/1/2026 12:14:44
VA_2,National Mall & Virginia,Riley,Stop 4 - WWII Memorial/Washington Monument,-77.04177849,38.87517758,1/1/2026 12:14:44
VA_3,National Mall & Virginia,Russell,Stop 4 - WWII Memorial/Washington Monument,-77.05120959,38.88975923,1/1/2026 12:14:44
VA_4,National Mall & Virginia,Phoebe,Stop 1 - Union Station,-77.01005537,38.8943876,1/1/2026 12:14:44
NC_ 1,"National Cathedral, Uptown, Georgetown",Michaela,Stop 5 - Kalorama/Adams Morgan/National Zoo,-77.05028326,38.92142073,1/1/2026 12:14:49
NC_2,"National Cathedral, Uptown, Georgetown",Cameron,Stop 7 - Georgetown/Old Stone House ,-77.05339874,38.91416302,1/1/2026 12:14:49
NC_3,"National Cathedral, Uptown, Georgetown",Stanley,Stop 1 - Ford's Theater,-77.03159072,38.90021321,1/1/2026 12:14:49
ANC_1,Arlington National Cememtery,Sam,Lincoln Memorial,-77.05284833,38.88830407,1/1/2026 12:14:49
ANC_2,Arlington National Cememtery,Raphael,Arlington National Cemetery,-77.06317312,38.88454566,1/1/2026 12:14:49
NM_1,National Mall & Downtown,Stephan,Stop 5 -Jefferson Memorial/George Mason Monument,-77.0337023,38.88657014,1/1/2026 12:14:49
NM_2,National Mall & Downtown,Daniel,Stop 7 - Lincoln Memorial,-77.04849241,38.88752966,1/1/2026 12:14:49
NM_3,National Mall & Downtown,Nancy,Stop 9 - Ford's Theater,-77.03076248,38.89209613,1/1/2026 12:14:49
NM_4,National Mall & Downtown,James,Stop 11 - National Archives/U.S. Navy Memorial,-77.02795553,38.89498774,1/1/2026 12:14:49
NM_5,National Mall & Downtown,Melia,Stop 1 - Union Station,-77.00776136,38.89604042,1/1/2026 12:14:49
NM_6,National Mall & Downtown,Drew,Stop 3 - Air & Space Museum/National Museum of the American Indian,-77.01517427,38.88812068,1/1/2026 12:14:49
VA_1,National Mall & Virginia,David,Stop 4 - WWII Memorial/Washington Monument,-77.03387571,38.88088443,1/1/2026 12:14:49
VA_2,National Mall & Virginia,Riley,Stop 4 - WWII Memorial/Washington Monument,-77.04200734,38.87529461,1/1/2026 12:14:49
VA_3,National Mall & Virginia,Russell,Stop 4 - WWII Memorial/Washington Monument,-77.05104115,38.8899267,1/1/2026 12:14:49
VA_4,National Mall & Virginia,Phoebe,Stop 1 - Union Station,-77.0098556,38.89453333,1/1/2026 12:14:49
NC_ 1,"National Cathedral, Uptown, Georgetown",Michaela,Stop 5 - Kalorama/Adams Morgan/National Zoo,-77.05039594,38.92161488,1/1/2026 12:14:54
NC_2,"National Cathedral, Uptown, Georgetown",Cameron,Stop 7 - Georgetown/Old Stone House ,-77.05320011,38.91401638,1/1/2026 12:14:54
NC_3,"National Cathedral, Uptown, Georgetown",Stanley,Stop 1 - Ford's Theater,-77.03131692,38.90021513,1/1/2026 12:14:54
ANC_1,Arlington National Cememtery,Sam,Lincoln Memorial,-77.05260012,38.88839404,1/1/2026 12:14:54
ANC_2,Arlington National Cememtery,Raphael,Arlington National Cemetery,-77.06342119,38.88445546,1/1/2026 12:14:54
NM_1,National Mall & Downtown,Stephan,Stop 5 -Jefferson Memorial/George Mason Monument,-77.0336984,38.88635703,1/1/2026 12:14:54
NM_2,National Mall & Downtown,Daniel,Stop 7 - Lincoln Memorial,-77.0486549,38.8877011,1/1/2026 12:14:54
NM_3,National Mall & Downtown,Nancy,Stop 9 - Ford's Theater,-77.03048867,38.89209636,1/1/2026 12:14:54
NM_4,National Mall & Downtown,James,Stop 11 - National Archives/U.S. Navy Memorial,-77.0276969,38.89491777,1/1/2026 12:14:54
NM_5,National Mall & Downtown,Melia,Stop 1 - Union Station,-77.00755756,38.89618274,1/1/2026 12:14:54
NM_6,National Mall & Downtown,Drew,Stop 3 - Air & Space Museum/National Museum of the American Indian,-77.01517373,38.88790755,1/1/2026 12:14:54
VA_1,National Mall & Virginia,David,Stop 4 - WWII Memorial/Washington Monument,-77.0340113,38.88069926,1/1/2026 12:14:54
VA_2,National Mall & Virginia,Riley,Stop 4 - WWII Memorial/Washington Monument,-77.04223619,38.87541164,1/1/2026 12:14:54
VA_3,National Mall & Virginia,Russell,Stop 4 - WWII Memorial/Washington Monument,-77.05083062,38.89006228,1/1/2026 12:14:54
VA_4,National Mall & Virginia,Phoebe,Stop 1 - Union Station,-77.00965717,38.89468017,1/1/2026 12:14:54
NC_ 1,"National Cathedral, Uptown, Georgetown",Michaela,Stop 5 - Kalorama/Adams Morgan/National Zoo,-77.05050944,38.92180874,1/1/2026 12:14:59
NC_2,"National Cathedral, Uptown, Georgetown",Cameron,Stop 7 - Georgetown/Old Stone House ,-77.05300122,38.91386996,1/1/2026 12:14:59
NC_3,"National Cathedral, Uptown, Georgetown",Stanley,Stop 1 - Ford's Theater,-77.03104313,38.90021613,1/1/2026 12:14:59
ANC_1,Arlington National Cememtery,Sam,Lincoln Memorial,-77.05235117,38.88848277,1/1/2026 12:14:59
ANC_2,Arlington National Cememtery,Raphael,Arlington National Cemetery,-77.06366839,38.88436381,1/1/2026 12:14:59
NM_1,National Mall & Downtown,Stephan,Stop 5 -Jefferson Memorial/George Mason Monument,-77.0336945,38.88614392,1/1/2026 12:14:59
NM_2,National Mall & Downtown,Daniel,Stop 8 - WWII Memorial & Washington Monument,-77.04881529,38.88787383,1/1/2026 12:14:59
NM_3,National Mall & Downtown,Nancy,Stop 9 - Ford's Theater,-77.03021487,38.89209606,1/1/2026 12:14:59
NM_4,National Mall & Downtown,James,Stop 11 - National Archives/U.S. Navy Memorial,-77.02743827,38.89484781,1/1/2026 12:14:59
NM_5,National Mall & Downtown,Melia,Stop 1 - Union Station,-77.00737396,38.8961957,1/1/2026 12:14:59
NM_6,National Mall & Downtown,Drew,Stop 3 - Air & Space Museum/National Museum of the American Indian,-77.01517525,38.88769445,1/1/2026 12:14:59
VA_1,National Mall & Virginia,David,Stop 4 - WWII Memorial/Washington Monument,-77.0341469,38.88051408,1/1/2026 12:14:59
VA_2,National Mall & Virginia,Riley,Stop 4 - WWII Memorial/Washington Monument,-77.04246504,38.87552868,1/1/2026 12:14:59
VA_3,National Mall & Virginia,Russell,Stop 4 - WWII Memorial/Washington Monument,-77.05058738,38.89015919,1/1/2026 12:14:59
VA_4,National Mall & Virginia,Phoebe,Stop 1 - Union Station,-77.00945835,38.89482669,1/1/2026 12:14:59
NC_ 1,"National Cathedral, Uptown, Georgetown",Michaela,Stop 5 - Kalorama/Adams Morgan/National Zoo,-77.05062294,38.9220026,1/1/2026 12:15:04
NC_2,"National Cathedral, Uptown, Georgetown",Cameron,Stop 7 - Georgetown/Old Stone House ,-77.05280233,38.91372353,1/1/2026 12:15:04
NC_3,"National Cathedral, Uptown, Georgetown",Stanley,Stop 1 - Ford's Theater,-77.03076955,38.90021205,1/1/2026 12:15:04
ANC_1,Arlington National Cememtery,Sam,Lincoln Memorial,-77.05210051,38.888568,1/1/2026 12:15:04
ANC_2,Arlington National Cememtery,Raphael,Arlington National Cemetery,-77.06391638,38.88427347,1/1/2026 12:15:04
NM_1,National Mall & Downtown,Stephan,Stop 5 -Jefferson Memorial/George Mason Monument,-77.03369137,38.88593081,1/1/2026 12:15:04
NM_2,National Mall & Downtown,Daniel,Stop 8 - WWII Memorial & Washington Monument,-77.04897763,38.88804545,1/1/2026 12:15:04
NM_3,National Mall & Downtown,Nancy,Stop 9 - Ford's Theater,-77.02994106,38.89209503,1/1/2026 12:15:04
NM_4,National Mall & Downtown,James,Stop 11 - National Archives/U.S. Navy Memorial,-77.02717964,38.89477784,1/1/2026 12:15:04
NM_5,National Mall & Downtown,Melia,Stop 1 - Union Station,-77.00716513,38.89605845,1/1/2026 12:15:04
NM_6,National Mall & Downtown,Drew,Stop 3 - Air & Space Museum/National Museum of the American Indian,-77.01529934,38.88757296,1/1/2026 12:15:04
VA_1,National Mall & Virginia,David,Stop 4 - WWII Memorial/Washington Monument,-77.03428529,38.88033018,1/1/2026 12:15:04
VA_2,National Mall & Virginia,Riley,Stop 4 - WWII Memorial/Washington Monument,-77.04269389,38.87564571,1/1/2026 12:15:04
VA_3,National Mall & Virginia,Russell,Stop 4 - WWII Memorial/Washington Monument,-77.05032257,38.89021124,1/1/2026 12:15:04
VA_4,National Mall & Virginia,Phoebe,Stop 1 - Union Station,-77.00925723,38.8949713,1/1/2026 12:15:04
NC_ 1,"National Cathedral, Uptown, Georgetown",Michaela,Stop 5 - Kalorama/Adams Morgan/National Zoo,-77.05073533,38.92219685,1/1/2026 12:15:09
NC_2,"National Cathedral, Uptown, Georgetown",Cameron,Stop 7 - Georgetown/Old Stone House ,-77.05260368,38.91357691,1/1/2026 12:15:09
NC_3,"National Cathedral, Uptown, Georgetown",Stanley,Stop 1 - Ford's Theater,-77.03051744,38.90014094,1/1/2026 12:15:09
ANC_1,Arlington National Cememtery,Sam,Lincoln Memorial,-77.05183557,38.88862152,1/1/2026 12:15:09
ANC_2,Arlington National Cememtery,Raphael,Arlington National Cemetery,-77.06416503,38.88418423,1/1/2026 12:15:09
NM_1,National Mall & Downtown,Stephan,Stop 5 -Jefferson Memorial/George Mason Monument,-77.03369071,38.88571768,1/1/2026 12:15:09
NM_2,National Mall & Downtown,Daniel,Stop 8 - WWII Memorial & Washington Monument,-77.04913943,38.88821738,1/1/2026 12:15:09
NM_3,National Mall & Downtown,Nancy,Stop 9 - Ford's Theater,-77.02966726,38.89209379,1/1/2026 12:15:09
NM_4,National Mall & Downtown,James,Stop 11 - National Archives/U.S. Navy Memorial,-77.02692143,38.89470694,1/1/2026 12:15:09
NM_5,National Mall & Downtown,Melia,Stop 1 - Union Station,-77.00692424,38.89595949,1/1/2026 12:15:09
NM_6,National Mall & Downtown,Drew,Stop 3 - Air & Space Museum/National Museum of the American Indian,-77.01557314,38.88757256,1/1/2026 12:15:09
VA_1,National Mall & Virginia,David,Stop 4 - WWII Memorial/Washington Monument,-77.03444602,38.88015913,1/1/2026 12:15:09
VA_2,National Mall & Virginia,Riley,Stop 4 - WWII Memorial/Washington Monument,-77.04292274,38.87576274,1/1/2026 12:15:09
VA_3,National Mall & Virginia,Russell,Stop 4 - WWII Memorial/Washington Monument,-77.05004938,38.89021449,1/1/2026 12:15:09
VA_4,National Mall & Virginia,Phoebe,Stop 1 - Union Station,-77.0090561,38.89511589,1/1/2026 12:15:09
NC_ 1,"National Cathedral, Uptown, Georgetown",Michaela,Stop 5 - Kalorama/Adams Morgan/National Zoo,-77.05084752,38.92239117,1/1/2026 12:15:14
NC_2,"National Cathedral, Uptown, Georgetown",Cameron,Stop 7 - Georgetown/Old Stone House ,-77.0524029,38.91343206,1/1/2026 12:15:14
NC_3,"National Cathedral, Uptown, Georgetown",Stanley,Stop 1 - Ford's Theater,-77.03033725,38.89998249,1/1/2026 12:15:14
ANC_1,Arlington National Cememtery,Sam,Lincoln Memorial,-77.05156395,38.8886444,1/1/2026 12:15:14
ANC_2,Arlington National Cememtery,Raphael,Arlington National Cemetery,-77.06441367,38.88409498,1/1/2026 12:15:14
NM_1,National Mall & Downtown,Stephan,Stop 5 -Jefferson Memorial/George Mason Monument,-77.03369005,38.88550455,1/1/2026 12:15:14
NM_2,National Mall & Downtown,Daniel,Stop 8 - WWII Memorial & Washington Monument,-77.04930641,38.88838623,1/1/2026 12:15:14
NM_3,National Mall & Downtown,Nancy,Stop 9 - Ford's Theater,-77.02939345,38.89209401,1/1/2026 12:15:14
NM_4,National Mall & Downtown,James,Stop 11 - National Archives/U.S. Navy Memorial,-77.02666362,38.89463518,1/1/2026 12:15:14
NM_5,National Mall & Downtown,Melia,Stop 1 - Union Station,-77.00665725,38.89591489,1/1/2026 12:15:14
NM_6,National Mall & Downtown,Drew,Stop 3 - Air & Space Museum/National Museum of the American Indian,-77.01584695,38.88757215,1/1/2026 12:15:14
VA_1,National Mall & Virginia,David,Stop 4 - WWII Memorial/Washington Monument,-77.03463354,38.88000381,1/1/2026 12:15:14
VA_2,National Mall & Virginia,Riley,Stop 4 - WWII Memorial/Washington Monument,-77.04315159,38.87587977,1/1/2026 12:15:14
VA_3,National Mall & Virginia,Russell,Stop 4 - WWII Memorial/Washington Monument,-77.04978215,38.89017017,1/1/2026 12:15:14
VA_4,National Mall & Virginia,Phoebe,Stop 1 - Union Station,-77.00885448,38.89526008,1/1/2026 12:15:14
NC_ 1,"National Cathedral, Uptown, Georgetown",Michaela,Stop 5 - Kalorama/Adams Morgan/National Zoo,-77.05095999,38.92258539,1/1/2026 12:15:19
NC_2,"National Cathedral, Uptown, Georgetown",Cameron,Stop 7 - Georgetown/Old Stone House ,-77.05220313,38.91328636,1/1/2026 12:15:19
NC_3,"National Cathedral, Uptown, Georgetown",Stanley,Stop 1 - Ford's Theater,-77.03012167,38.89985628,1/1/2026 12:15:19
ANC_1,Arlington National Cememtery,Sam,Lincoln Memorial,-77.05129278,38.88861782,1/1/2026 12:15:19
ANC_2,Arlington National Cememtery,Raphael,Arlington National Cemetery,-77.06466231,38.88400572,1/1/2026 12:15:19
NM_1,National Mall & Downtown,Stephan,Stop 5 -Jefferson Memorial/George Mason Monument,-77.03369118,38.88529142,1/1/2026 12:15:19
NM_2,National Mall & Downtown,Daniel,Stop 8 - WWII Memorial & Washington Monument,-77.04949298,38.88846056,1/1/2026 12:15:19
NM_3,National Mall & Downtown,Nancy,Stop 9 - Ford's Theater,-77.02911965,38.89209423,1/1/2026 12:15:19
NM_4,National Mall & Downtown,James,Stop 11 - National Archives/U.S. Navy Memorial,-77.0264058,38.89456342,1/1/2026 12:15:19
NM_5,National Mall & Downtown,Melia,Stop 1 - Union Station,-77.0063842,38.89590133,1/1/2026 12:15:19
NM_6,National Mall & Downtown,Drew,Stop 3 - Air & Space Museum/National Museum of the American Indian,-77.01612075,38.88757221,1/1/2026 12:15:19
VA_1,National Mall & Virginia,David,Stop 4 - WWII Memorial/Washington Monument,-77.03483672,38.87986137,1/1/2026 12:15:19
VA_2,National Mall & Virginia,Riley,Stop 4 - WWII Memorial/Washington Monument,-77.04338808,38.87598425,1/1/2026 12:15:19
VA_3,National Mall & Virginia,Russell,Stop 4 - WWII Memorial/Washington Monument,-77.04952125,38.89010802,1/1/2026 12:15:19
VA_4,National Mall & Virginia,Phoebe,Stop 1 - Union Station,-77.00865329,38.89540463,1/1/2026 12:15:19
NC_ 1,"National Cathedral, Uptown, Georgetown",Michaela,Stop 5 - Kalorama/Adams Morgan/National Zoo,-77.05107266,38.92277954,1/1/2026 12:15:24
NC_2,"National Cathedral, Uptown, Georgetown",Cameron,Stop 7 - Georgetown/Old Stone House ,-77.052004,38.91314013,1/1/2026 12:15:24
NC_3,"National Cathedral, Uptown, Georgetown",Stanley,Stop 1 - Ford's Theater,-77.02985217,38.89982283,1/1/2026 12:15:24
ANC_1,Arlington National Cememtery,Sam,Lincoln Memorial,-77.05103458,38.88854723,1/1/2026 12:15:24
ANC_2,Arlington National Cememtery,Raphael,Arlington National Cemetery,-77.06491072,38.88391606,1/1/2026 12:15:24
NM_1,National Mall & Downtown,Stephan,Stop 5 -Jefferson Memorial/George Mason Monument,-77.03369367,38.88507829,1/1/2026 12:15:24
NM_2,National Mall & Downtown,Daniel,Stop 8 - WWII Memorial & Washington Monument,-77.04974193,38.88837351,1/1/2026 12:15:24
NM_3,National Mall & Downtown,Nancy,Stop 9 - Ford's Theater,-77.02884585,38.8920929,1/1/2026 12:15:24
NM_4,National Mall & Downtown,James,Stop 11 - National Archives/U.S. Navy Memorial,-77.02614799,38.89449166,1/1/2026 12:15:24
NM_5,National Mall & Downtown,Melia,Stop 1 - Union Station,-77.00611408,38.89593274,1/1/2026 12:15:24
NM_6,National Mall & Downtown,Drew,Stop 3 - Air & Space Museum/National Museum of the American Indian,-77.01639454,38.88757111,1/1/2026 12:15:24
VA_1,National Mall & Virginia,David,Stop 4 - WWII Memorial/Washington Monument,-77.03504952,38.87972727,1/1/2026 12:15:24
VA_2,National Mall & Virginia,Riley,Stop 4 - WWII Memorial/Washington Monument,-77.04364936,38.87604798,1/1/2026 12:15:24
VA_3,National Mall & Virginia,Russell,Stop 4 - WWII Memorial/Washington Monument,-77.04937313,38.89027876,1/1/2026 12:15:24
VA_4,National Mall & Virginia,Phoebe,Stop 1 - Union Station,-77.00845214,38.8955492,1/1/2026 12:15:24
NC_ 1,"National Cathedral, Uptown, Georgetown",Michaela,Stop 5 - Kalorama/Adams Morgan/National Zoo,-77.05118603,38.92297344,1/1/2026 12:15:29
NC_2,"National Cathedral, Uptown, Georgetown",Cameron,Stop 7 - Georgetown/Old Stone House ,-77.05180447,38.91299423,1/1/2026 12:15:29
NC_3,"National Cathedral, Uptown, Georgetown",Stanley,Stop 1 - Ford's Theater,-77.02963444,38.8997723,1/1/2026 12:15:29
ANC_1,Arlington National Cememtery,Sam,Lincoln Memorial,-77.05077826,38.88847252,1/1/2026 12:15:29
ANC_2,Arlington National Cememtery,Raphael,Arlington National Cemetery,-77.06515906,38.8838263,1/1/2026 12:15:29
NM_1,National Mall & Downtown,Stephan,Stop 5 -Jefferson Memorial/George Mason Monument,-77.03369814,38.88486528,1/1/2026 12:15:29
NM_2,National Mall & Downtown,Daniel,Stop 8 - WWII Memorial & Washington Monument,-77.05000809,38.88832451,1/1/2026 12:15:29
NM_3,National Mall & Downtown,Nancy,Stop 9 - Ford's Theater,-77.02857204,38.89209237,1/1/2026 12:15:29
NM_4,National Mall & Downtown,James,Stop 11 - National Archives/U.S. Navy Memorial,-77.02589024,38.89441974,1/1/2026 12:15:29
NM_5,National Mall & Downtown,Melia,Stop 1 - Union Station,-77.00585034,38.89599,1/1/2026 12:15:29
NM_6,National Mall & Downtown,Drew,Stop 3 - Air & Space Museum/National Museum of the American Indian,-77.01666834,38.88757098,1/1/2026 12:15:29
VA_1,National Mall & Virginia,David,Stop 4 - WWII Memorial/Washington Monument,-77.03526895,38.87959993,1/1/2026 12:15:29
VA_2,National Mall & Virginia,Riley,Stop 4 - WWII Memorial/Washington Monument,-77.04391064,38.87611171,1/1/2026 12:15:29
VA_3,National Mall & Virginia,Russell,Stop 4 - WWII Memorial/Washington Monument,-77.04922717,38.89045907,1/1/2026 12:15:29
VA_4,National Mall & Virginia,Phoebe,Stop 1 - Union Station,-77.00825129,38.89569404,1/1/2026 12:15:29
NC_ 1,"National Cathedral, Uptown, Georgetown",Michaela,Stop 5 - Kalorama/Adams Morgan/National Zoo,-77.05129947,38.92316732,1/1/2026 12:15:34
NC_2,"National Cathedral, Uptown, Georgetown",Cameron,Stop 7 - Georgetown/Old Stone House ,-77.05160478,38.91284847,1/1/2026 12:15:34
NC_3,"National Cathedral, Uptown, Georgetown",Stanley,Stop 1 - Ford's Theater,-77.02963189,38.89955922,1/1/2026 12:15:34
ANC_1,Arlington National Cememtery,Sam,Lincoln Memorial,-77.05052671,38.88838835,1/1/2026 12:15:34
ANC_2,Arlington National Cememtery,Raphael,Arlington National Cemetery,-77.06508978,38.88364408,1/1/2026 12:15:34
NM_1,National Mall & Downtown,Stephan,Stop 5 -Jefferson Memorial/George Mason Monument,-77.03372665,38.88465343,1/1/2026 12:15:34
NM_2,National Mall & Downtown,Daniel,Stop 8 - WWII Memorial & Washington Monument,-77.0501788,38.88823482,1/1/2026 12:15:34
NM_3,National Mall & Downtown,Nancy,Stop 9 - Ford's Theater,-77.02829824,38.89209283,1/1/2026 12:15:34
NM_4,National Mall & Downtown,James,Stop 11 - National Archives/U.S. Navy Memorial,-77.02563259,38.89434763,1/1/2026 12:15:34
NM_5,National Mall & Downtown,Melia,Stop 1 - Union Station,-77.00558947,38.89605469,1/1/2026 12:15:34
NM_6,National Mall & Downtown,Drew,Stop 3 - Air & Space Museum/National Museum of the American Indian,-77.01694215,38.88757186,1/1/2026 12:15:34
VA_1,National Mall & Virginia,David,Stop 4 - WWII Memorial/Washington Monument,-77.0354944,38.87947901,1/1/2026 12:15:34
VA_2,National Mall & Virginia,Riley,Stop 4 - WWII Memorial/Washington Monument,-77.04417192,38.87617544,1/1/2026 12:15:34
VA_3,National Mall & Virginia,Russell,Stop 4 - WWII Memorial/Washington Monument,-77.04908325,38.89064037,1/1/2026 12:15:34
VA_4,National Mall & Virginia,Phoebe,Stop 1 - Union Station,-77.00805024,38.8958387,1/1/2026 12:15:34
NC_ 1,"National Cathedral, Uptown, Georgetown",Michaela,Stop 5 - Kalorama/Adams Morgan/National Zoo,-77.05141279,38.92336123,1/1/2026 12:15:39
NC_2,"National Cathedral, Uptown, Georgetown",Cameron,Stop 7 - Georgetown/Old Stone House ,-77.05140504,38.91270277,1/1/2026 12:15:39
NC_3,"National Cathedral, Uptown, Georgetown",Stanley,Stop 1 - Ford's Theater,-77.02962935,38.89934614,1/1/2026 12:15:39
ANC_1,Arlington National Cememtery,Sam,Lincoln Memorial,-77.0502679,38.88832109,1/1/2026 12:15:39
ANC_2,Arlington National Cememtery,Raphael,Arlington National Cemetery,-77.06497803,38.8834495,1/1/2026 12:15:39
NM_1,National Mall & Downtown,Stephan,Stop 5 -Jefferson Memorial/George Mason Monument,-77.03361452,38.88447543,1/1/2026 12:15:39
NM_2,National Mall & Downtown,Daniel,Stop 8 - WWII Memorial & Washington Monument,-77.05017882,38.8880217,1/1/2026 12:15:39
NM_3,National Mall & Downtown,Nancy,Stop 9 - Ford's Theater,-77.02802443,38.89209311,1/1/2026 12:15:39
NM_4,National Mall & Downtown,James,Stop 11 - National Archives/U.S. Navy Memorial,-77.02537494,38.89427551,1/1/2026 12:15:39
NM_5,National Mall & Downtown,Melia,Stop 1 - Union Station,-77.00535934,38.89616685,1/1/2026 12:15:39
NM_6,National Mall & Downtown,Drew,Stop 3 - Air & Space Museum/National Museum of the American Indian,-77.01721595,38.88757297,1/1/2026 12:15:39
VA_1,National Mall & Virginia,David,Stop 4 - WWII Memorial/Washington Monument,-77.03571308,38.87935075,1/1/2026 12:15:39
VA_2,National Mall & Virginia,Riley,Stop 4 - WWII Memorial/Washington Monument,-77.04444384,38.8761776,1/1/2026 12:15:39
VA_3,National Mall & Virginia,Russell,Stop 4 - WWII Memorial/Washington Monument,-77.04894018,38.89082208,1/1/2026 12:15:39
VA_4,National Mall & Virginia,Phoebe,Stop 1 - Union Station,-77.00784644,38.89598101,1/1/2026 12:15:39
NC_ 1,"National Cathedral, Uptown, Georgetown",Michaela,Stop 5 - Kalorama/Adams Morgan/National Zoo,-77.05154091,38.92353647,1/1/2026 12:15:44
NC_2,"National Cathedral, Uptown, Georgetown",Cameron,Stop 7 - Georgetown/Old Stone House ,-77.05122059,38.91254775,1/1/2026 12:15:44
NC_3,"National Cathedral, Uptown, Georgetown",Stanley,Stop 1 - Ford's Theater,-77.02962567,38.89913307,1/1/2026 12:15:44
ANC_1,Arlington National Cememtery,Sam,Lincoln Memorial,-77.05017881,38.88817107,1/1/2026 12:15:44
ANC_2,Arlington National Cememtery,Raphael,Arlington National Cemetery,-77.06486629,38.88325492,1/1/2026 12:15:44
NM_1,National Mall & Downtown,Stephan,Stop 5 -Jefferson Memorial/George Mason Monument,-77.03341827,38.88432682,1/1/2026 12:15:44
NM_2,National Mall & Downtown,Daniel,Stop 8 - WWII Memorial & Washington Monument,-77.05017885,38.88780857,1/1/2026 12:15:44
NM_3,National Mall & Downtown,Nancy,Stop 9 - Ford's Theater,-77.02775063,38.89209159,1/1/2026 12:15:44
NM_4,National Mall & Downtown,James,Stop 11 - National Archives/U.S. Navy Memorial,-77.02511728,38.8942034,1/1/2026 12:15:44
NM_5,National Mall & Downtown,Melia,Stop 1 - Union Station,-77.00519068,38.89633281,1/1/2026 12:15:44
NM_6,National Mall & Downtown,Drew,Stop 3 - Air & Space Museum/National Museum of the American Indian,-77.01748962,38.88757838,1/1/2026 12:15:44
VA_1,National Mall & Virginia,David,Stop 4 - WWII Memorial/Washington Monument,-77.03593053,38.87922125,1/1/2026 12:15:44
VA_2,National Mall & Virginia,Riley,Stop 4 - WWII Memorial/Washington Monument,-77.04471747,38.87616986,1/1/2026 12:15:44
VA_3,National Mall & Virginia,Russell,Stop 4 - WWII Memorial/Washington Monument,-77.04879652,38.8910035,1/1/2026 12:15:44
VA_4,National Mall & Virginia,Phoebe,Stop 1 - Union Station,-77.00764264,38.89612332,1/1/2026 12:15:44
NC_ 1,"National Cathedral, Uptown, Georgetown",Michaela,Stop 5 - Kalorama/Adams Morgan/National Zoo,-77.05181437,38.9235258,1/1/2026 12:15:49
NC_2,"National Cathedral, Uptown, Georgetown",Cameron,Stop 7 - Georgetown/Old Stone House ,-77.05108573,38.91236324,1/1/2026 12:15:49
NC_3,"National Cathedral, Uptown, Georgetown",Stanley,Stop 1 - Ford's Theater,-77.02962155,38.89892,1/1/2026 12:15:49
ANC_1,Arlington National Cememtery,Sam,Lincoln Memorial,-77.05017883,38.88795795,1/1/2026 12:15:49
ANC_2,Arlington National Cememtery,Raphael,Arlington National Cemetery,-77.06475454,38.88306034,1/1/2026 12:15:49
NM_1,National Mall & Downtown,Stephan,Stop 5 -Jefferson Memorial/George Mason Monument,-77.0332155,38.88418362,1/1/2026 12:15:49
NM_2,National Mall & Downtown,Daniel,Stop 8 - WWII Memorial & Washington Monument,-77.05017887,38.88759545,1/1/2026 12:15:49
NM_3,National Mall & Downtown,Nancy,Stop 9 - Ford's Theater,-77.02747682,38.89209144,1/1/2026 12:15:49
NM_4,National Mall & Downtown,James,Stop 11 - National Archives/U.S. Navy Memorial,-77.02485963,38.89413128,1/1/2026 12:15:49
NM_5,National Mall & Downtown,Melia,Stop 1 - Union Station,-77.00514743,38.8965286,1/1/2026 12:15:49
NM_6,National Mall & Downtown,Drew,Stop 3 - Air & Space Museum/National Museum of the American Indian,-77.01776339,38.88757637,1/1/2026 12:15:49
VA_1,National Mall & Virginia,David,Stop 4 - WWII Memorial/Washington Monument,-77.0361527,38.87909666,1/1/2026 12:15:49
VA_2,National Mall & Virginia,Riley,Stop 4 - WWII Memorial/Washington Monument,-77.0449902,38.87615468,1/1/2026 12:15:49
VA_3,National Mall & Virginia,Russell,Stop 4 - WWII Memorial/Washington Monument,-77.04865313,38.89118506,1/1/2026 12:15:49
VA_4,National Mall & Virginia,Phoebe,Stop 1 - Union Station,-77.00743884,38.89626564,1/1/2026 12:15:49
NC_ 1,"National Cathedral, Uptown, Georgetown",Michaela,Stop 6 - National Cathedral,-77.05208763,38.92351248,1/1/2026 12:15:54
NC_2,"National Cathedral, Uptown, Georgetown",Cameron,Stop 7 - Georgetown/Old Stone House ,-77.05106481,38.9121592,1/1/2026 12:15:54
NC_3,"National Cathedral, Uptown, Georgetown",Stanley,Stop 1 - Ford's Theater,-77.02962161,38.89870692,1/1/2026 12:15:54
ANC_1,Arlington National Cememtery,Sam,Lincoln Memorial,-77.05017883,38.88792075,1/1/2026 12:15:54
ANC_2,Arlington National Cememtery,Raphael,Arlington National Cemetery,-77.0646428,38.88286576,1/1/2026 12:15:54
NM_1,National Mall & Downtown,Stephan,Stop 5 -Jefferson Memorial/George Mason Monument,-77.03300589,38.88404651,1/1/2026 12:15:54
NM_2,National Mall & Downtown,Daniel,Stop 8 - WWII Memorial & Washington Monument,-77.0501789,38.88738232,1/1/2026 12:15:54
NM_3,National Mall & Downtown,Nancy,Stop 9 - Ford's Theater,-77.02720302,38.89209107,1/1/2026 12:15:54
NM_4,National Mall & Downtown,James,Stop 11 - National Archives/U.S. Navy Memorial,-77.02460198,38.89405916,1/1/2026 12:15:54
NM_5,National Mall & Downtown,Melia,Stop 1 - Union Station,-77.00537804,38.89663174,1/1/2026 12:15:54
NM_6,National Mall & Downtown,Drew,Stop 3 - Air & Space Museum/National Museum of the American Indian,-77.01803719,38.8875758,1/1/2026 12:15:54
VA_1,National Mall & Virginia,David,Stop 4 - WWII Memorial/Washington Monument,-77.03637454,38.87897173,1/1/2026 12:15:54
VA_2,National Mall & Virginia,Riley,Stop 4 - WWII Memorial/Washington Monument,-77.04526093,38.87612282,1/1/2026 12:15:54
VA_3,National Mall & Virginia,Russell,Stop 4 - WWII Memorial/Washington Monument,-77.04851005,38.89136676,1/1/2026 12:15:54
VA_4,National Mall & Virginia,Phoebe,Stop 1 - Union Station,-77.00725644,38.89611182,1/1/2026 12:15:54
