gauge_id,latitude,longitude,timestamp,name,obsTrend,waterLevelChange_feet,rfc_name,state_abbreviation,state_name,status_observed_floodCategory,status_observed_primary,status_observed_primaryUnit,status_observed_secondary,status_observed_secondaryUnit,wfo_abbreviation,wfo_name
TLUG1,34.73888889,-83.39555556,8/12/2025 10:00 AM,Tallulah River at TALLULAH FALLS DAM,Falling,-0.01,Southeast River Forecast Center,GA,Georgia,no_flooding,1499.08,ft,-999,kcfs,GSP,Greer
SBPN7,36.04972222,-79.85611111,8/12/2025 10:00 AM,South Buffalo Creek near Pomona,Falling,-0.02,Southeast River Forecast Center,NC,North Carolina,no_flooding,1.24,ft,0.0202,kcfs,RAH,Raleigh
TERG1,34.7656,-83.41673,8/12/2025 10:00 AM,Tallulah River at MATHIS-TERRORA DAM,Falling,-0.01,Southeast River Forecast Center,GA,Georgia,no_flooding,1688.76,ft,-999,kcfs,GSP,Greer
ROEG1,34.23222222,-85.11694444,8/12/2025 10:00 AM,Etowah River at GA 1 Loop near Rome,Rising,0.05,Southeast River Forecast Center,GA,Georgia,no_flooding,13.1,ft,0.807,kcfs,FFC,Peachtree City
SEDN7,35.7873,-78.76389,8/12/2025 10:00 AM,Walnut Creek (NC) below Maynard St in Cary,No change,0,Southeast River Forecast Center,NC,North Carolina,no_flooding,1.78,ft,-999,kcfs,RAH,Raleigh
WALN7,35.75833333,-78.58277778,8/12/2025 10:00 AM,Walnut Creek (NC) at Sunnybrook Dr in Raleigh,Falling,-0.2,Southeast River Forecast Center,NC,North Carolina,no_flooding,8.55,ft,0.923,kcfs,RAH,Raleigh
WROV2,36.9293,-81.1322,8/12/2025 10:00 AM,Reed Creek at Old Stage Road near Wytheville,Falling,-0.02,Ohio River Forecast Center,VA,Virginia,no_flooding,5.71,ft,-999,kcfs,RNK,Blacksburg
RTRN7,35.42666667,-82.91972222,8/12/2025 10:00 AM,Pigeon River (NC) near (W Fork) nr Retreat,Rising,0.01,Lower Mississippi River Forecast Center,NC,North Carolina,no_flooding,2.02,ft,0.165,kcfs,GSP,Greer
SMRN7,35.23611111,-80.77111111,8/12/2025 10:00 AM,Briar Creek at Shamrock Drive,Rising,0.39,Southeast River Forecast Center,NC,North Carolina,no_flooding,2,ft,0.053,kcfs,GSP,Greer
TLNG1,34.66666667,-84.92833333,8/12/2025 10:00 AM,Conasauga River at Tilton,No change,0,Southeast River Forecast Center,GA,Georgia,no_flooding,2.91,ft,0.304,kcfs,FFC,Peachtree City
UPCN7,35.78792,-78.770444,8/12/2025 10:00 AM,Walnut Creek (NC) at Clay St,Rising,0.02,Southeast River Forecast Center,NC,North Carolina,no_flooding,0.26,ft,-999,kcfs,RAH,Raleigh
WSTN7,35.206667,-80.921944,8/12/2025 10:00 AM,Taggart Creek at West Blvd (NC 160),Falling,-0.01,Southeast River Forecast Center,NC,North Carolina,no_flooding,1.79,ft,0.0157,kcfs,GSP,Greer
WRLS1,34.39138889,-82.13944444,8/12/2025 10:00 AM,Reedy River above Waterloo,No change,0,Southeast River Forecast Center,SC,South Carolina,no_flooding,4.83,ft,0.213,kcfs,GSP,Greer
RLHN7,35.8375,-78.67388889,8/12/2025 10:00 AM,Crabtree Creek at Glenwood Ave,Falling,-0.12,Southeast River Forecast Center,NC,North Carolina,no_flooding,9.65,ft,1.05,kcfs,RAH,Raleigh
SBHN7,36.03777778,-79.80027778,8/12/2025 10:00 AM,South Buffalo Creek at US220 Nr Greensboro,Falling,-0.02,Southeast River Forecast Center,NC,North Carolina,no_flooding,2.38,ft,0.0074,kcfs,RAH,Raleigh
STEN7,35.240278,-80.868333,8/12/2025 10:00 AM,Stewart Creek at State St.,No change,0,Southeast River Forecast Center,NC,North Carolina,no_flooding,1.02,ft,-999,kcfs,GSP,Greer
RDBG1,34.56416667,-84.83305556,8/12/2025 10:00 AM,Coosawattee River near Pine Chapel / Redbud,No change,0,Southeast River Forecast Center,GA,Georgia,no_flooding,5.06,ft,0.729,kcfs,FFC,Peachtree City
TIGG1,34.79472222,-83.54027778,8/12/2025 10:00 AM,Tallulah River at BURTON DAM,Falling,-0.01,Southeast River Forecast Center,GA,Georgia,no_flooding,1865.14,ft,-999,kcfs,GSP,Greer
SDRV2,36.61944444,-79.50444444,8/12/2025 10:00 AM,Sandy River near Danville,Rising,0.01,Southeast River Forecast Center,VA,Virginia,no_flooding,1.26,ft,0.0434,kcfs,RNK,Blacksburg
TOMN7,34.75472222,-78.28916667,8/12/2025 10:00 AM,Black River near Tomahawk,Rising,0.01,Southeast River Forecast Center,NC,North Carolina,no_flooding,9.85,ft,1.74,kcfs,RAH,Raleigh
YNHG1,34.67972222,-83.33,8/12/2025 10:00 AM,Tugalo River at YONAH DAM,Falling,-0.18,Southeast River Forecast Center,GA,Georgia,no_flooding,743.25,ft,-999,kcfs,GSP,Greer
STRS1,34.38305556,-82.5775,8/12/2025 10:00 AM,Rocky River SC near Starr,No change,0,Southeast River Forecast Center,SC,South Carolina,no_flooding,3.95,ft,0.121,kcfs,GSP,Greer
TIGT1,35.8078,-83.5879,8/12/2025 10:00 AM,Waldens Creek 2NW Pigeon Forge (Tiger Drive),Falling,-0.02,Lower Mississippi River Forecast Center,TN,Tennessee,no_flooding,2.37,ft,-999,kcfs,MRX,Morristown
TRLN7,35.76833333,-78.69111111,8/12/2025 10:00 AM,Walnut Creek (NC) at Trailwood Drive,Falling,-0.05,Southeast River Forecast Center,NC,North Carolina,no_flooding,5.75,ft,0.07,kcfs,RAH,Raleigh
TUGG1,34.71166667,-83.35138889,8/12/2025 10:00 AM,Tallulah River at TUGALO DAM,Falling,-0.04,Southeast River Forecast Center,GA,Georgia,no_flooding,890.13,ft,-999,kcfs,GSP,Greer
WLCV2,36.767028,-83.030226,8/12/2025 10:00 AM,Wallen Creek at Pennington Gap,No change,0,Lower Mississippi River Forecast Center,VA,Virginia,no_flooding,4.79,ft,-999,kcfs,MRX,Morristown
WLSS1,34.61472222,-82.44416667,8/12/2025 10:00 AM,Saluda River near WILLIAMSTON,No change,0,Southeast River Forecast Center,SC,South Carolina,no_flooding,4.58,ft,0.663,kcfs,GSP,Greer
WLVT1,35.7697,-83.6542,8/12/2025 10:00 AM,Waldens Creek 6WSW Pigeon Forge (Little Valley),No change,0,Lower Mississippi River Forecast Center,TN,Tennessee,no_flooding,1.03,ft,-999,kcfs,MRX,Morristown
WRLN7,35.76025,-78.600081,8/12/2025 10:00 AM,Walnut Creek (NC) at Rose Ln in Raleigh,Falling,-0.19,Southeast River Forecast Center,NC,North Carolina,no_flooding,8.7,ft,-999,kcfs,RAH,Raleigh
SMON7,35.228333,-80.869167,8/12/2025 10:00 AM,Stewart Creek at W Morehead St (US 29),Rising,0.02,Southeast River Forecast Center,NC,North Carolina,no_flooding,1.43,ft,-999,kcfs,GSP,Greer
STSN7,35.105,-80.95361111,8/12/2025 10:00 AM,Steele Creek at Carowinds Blvd,Rising,0.05,Southeast River Forecast Center,NC,North Carolina,no_flooding,1.51,ft,0.0184,kcfs,GSP,Greer
TWNT1,35.66444444,-83.71138889,8/12/2025 10:00 AM,Little River (TN) at Townsend,No change,0,Lower Mississippi River Forecast Center,TN,Tennessee,no_flooding,1.97,ft,0.195,kcfs,MRX,Morristown
CDPN7,35.78512,-78.77405,8/12/2025 10:00 AM,Walnut Creek (NC) at Downstream Side of E Park,No change,0,Southeast River Forecast Center,NC,North Carolina,no_flooding,1.23,ft,-999,kcfs,RAH,Raleigh
CODN7,35.50388889,-80.73638889,8/12/2025 10:00 AM,Coddle Creek at SR 1612 NR DAVIDSON,Falling,-0.01,Southeast River Forecast Center,NC,North Carolina,no_flooding,2.13,ft,0.0364,kcfs,GSP,Greer
EBNN7,35.84527778,-78.72472222,8/12/2025 10:00 AM,Crabtree Creek at Ebenezer Church Rd,Falling,-0.04,Southeast River Forecast Center,NC,North Carolina,no_flooding,8.18,ft,-999,kcfs,RAH,Raleigh
HPNN7,36.13778,-79.86,8/12/2025 10:00 AM,Horsepen Creek at US22O Near Greensboro,No change,0,Southeast River Forecast Center,NC,North Carolina,no_flooding,2.06,ft,0.0158,kcfs,RAH,Raleigh
OMBN7,35.0082,-78.3411,8/12/2025 10:00 AM,Williams Old Mill Branch at US 421,Falling,-0.11,Southeast River Forecast Center,NC,North Carolina,no_flooding,7.69,ft,-999,kcfs,RAH,Raleigh
SBNV2,36.69333333,-78.90055556,8/12/2025 10:00 AM,Dan River at South Boston,No change,0,Southeast River Forecast Center,VA,Virginia,no_flooding,6.92,ft,1.33,kcfs,RNK,Blacksburg
SCON7,36.20916667,-77.38388889,8/12/2025 10:00 AM,Roanoke River near Scotland Neck,Rising,0.01,Southeast River Forecast Center,NC,North Carolina,no_flooding,12.66,ft,7.36,kcfs,RAH,Raleigh
TLNG1,34.66666667,-84.92833333,8/12/2025 10:00 AM,Conasauga River at Tilton,No change,0,Southeast River Forecast Center,GA,Georgia,no_flooding,2.91,ft,0.304,kcfs,FFC,Peachtree City
BIGG1,33.81527778,-83.99013889,8/12/2025 10:00 AM,Big Haynes Creek at Lenora Road near Snellville,Falling,-0.02,Southeast River Forecast Center,GA,Georgia,no_flooding,3.05,ft,0.015,kcfs,FFC,Peachtree City
BLAS1,35.137628,-81.597906,8/12/2025 10:00 AM,"Broad River at Gaston Shoals Reservoir/Gaston Shoals Dam, 5 WNW Blacksburg",Falling,-0.2,Southeast River Forecast Center,SC,South Carolina,no_flooding,97.81,ft,-999,kcfs,GSP,Greer
CHFS1,35.07,-81.54972222,8/12/2025 10:00 AM,Broad River in NC/SC near CHEROKEE FALLS,Falling,-0.22,Southeast River Forecast Center,SC,South Carolina,no_flooding,30.85,ft,-999,kcfs,GSP,Greer
CRCT1,36.37972222,-83.04666667,8/12/2025 10:00 AM,Crockett Creek below Rogersville,Falling,-0.01,Lower Mississippi River Forecast Center,TN,Tennessee,no_flooding,0.59,ft,0.0006,kcfs,MRX,Morristown
DLBG1,34.62916667,-84.91722222,8/12/2025 10:00 AM,Conasauga River at Sloan Bridge below Dalton,No change,0,Southeast River Forecast Center,GA,Georgia,no_flooding,0.15,ft,-999,kcfs,FFC,Peachtree City
FONN7,35.45055556,-83.80555556,8/12/2025 10:00 AM,Little Tennessee River at FONTANA DAM TVA,Rising,0.01,Lower Mississippi River Forecast Center,NC,North Carolina,no_flooding,1699.66,ft,-999,kcfs,GSP,Greer
KINS1,33.66111111,-79.83611111,8/12/2025 10:00 AM,Black River at Kingstree,Rising,0.01,Southeast River Forecast Center,SC,South Carolina,no_flooding,5.13,ft,0.31,kcfs,ILM,Wilmington
LNGS1,33.9125,-78.71527778,8/12/2025 10:00 AM,Waccamaw River at Longs,Rising,0.02,Southeast River Forecast Center,SC,South Carolina,action,11.92,ft,5.51,kcfs,ILM,Wilmington
MCKN7,35.845,-80.658889,8/12/2025 10:00 AM,"S Yadkin River below Foster Rd, 6 SW Mocksville",Rising,0.02,Southeast River Forecast Center,NC,North Carolina,no_flooding,3.09,ft,0.337,kcfs,GSP,Greer
MODS1,33.72916667,-82.18194444,8/12/2025 10:00 AM,Stevens Creek near Modoc,Rising,0.13,Southeast River Forecast Center,SC,South Carolina,no_flooding,3.96,ft,0.538,kcfs,CAE,West Columbia
NICS1,34.225833,-79.13444,8/12/2025 10:00 AM,Lumber River near Nichols,No change,0,Southeast River Forecast Center,SC,South Carolina,action,18.14,ft,2.62,kcfs,ILM,Wilmington
PDES1,34.20416667,-79.54861111,8/12/2025 10:00 AM,Pee Dee River at Pee Dee,Falling,-0.1,Southeast River Forecast Center,SC,South Carolina,no_flooding,10.21,ft,6.82,kcfs,ILM,Wilmington
RBDS1,34.10111111,-82.61805556,8/12/2025 10:00 AM,Russell Lake near Savannah River,Rising,0.02,Southeast River Forecast Center,SC,South Carolina,no_flooding,473.04,ft,-999,kcfs,GSP,Greer
RRDN7,36.46027778,-77.63444444,8/12/2025 10:00 AM,Roanoke River at Roanoke Rapids,Rising,0.01,Southeast River Forecast Center,NC,North Carolina,no_flooding,3.42,ft,2.74,kcfs,RAH,Raleigh
RWLG1,33.98583333,-84.31611111,8/12/2025 10:00 AM,Chattahoochee River above Roswell,Falling,-0.16,Southeast River Forecast Center,GA,Georgia,no_flooding,4.47,ft,2.57,kcfs,FFC,Peachtree City
TERG1,34.7656,-83.41673,8/12/2025 10:00 AM,Tallulah River at MATHIS-TERRORA DAM,Falling,-0.01,Southeast River Forecast Center,GA,Georgia,no_flooding,1688.76,ft,-999,kcfs,GSP,Greer
WKSN7,36.1525,-81.14555556,8/12/2025 10:00 AM,Yadkin River at Wilkesboro,No change,0,Southeast River Forecast Center,NC,North Carolina,no_flooding,2.49,ft,0.696,kcfs,RNK,Blacksburg
CARS1,34.595,-81.42138889,8/12/2025 10:00 AM,Broad River in NC/SC near CARLISLE,Rising,0.26,Southeast River Forecast Center,SC,South Carolina,no_flooding,9.51,ft,14.6,kcfs,GSP,Greer
MBHG1,33.72916667,-83.93722222,8/12/2025 10:00 AM,Big Haynes Creek at Jack Turner Dam near Milstead,Rising,0.01,Southeast River Forecast Center,GA,Georgia,no_flooding,2.61,ft,0.0625,kcfs,FFC,Peachtree City
MSHN7,35.81638889,-78.59361111,8/12/2025 10:00 AM,Marsh Creek (NC) at New Hope,Falling,-0.03,Southeast River Forecast Center,NC,North Carolina,no_flooding,3.86,ft,-999,kcfs,RAH,Raleigh
OAKT1,35.9831307,-84.557992,8/12/2025 10:00 AM,Emory River at Oakdale,No change,0,Lower Mississippi River Forecast Center,TN,Tennessee,no_flooding,2.3,ft,0.0799,kcfs,MRX,Morristown
SRCS1,34.52,-82.15722222,8/12/2025 10:00 AM,South Rabon Creek near Gray Court,Falling,-0.01,Southeast River Forecast Center,SC,South Carolina,no_flooding,0.12,ft,-999,kcfs,GSP,Greer
ASTG1,33.72105556,-84.6149167,8/12/2025 10:00 AM,Sweetwater Creek below Austell,No change,0,Southeast River Forecast Center,GA,Georgia,no_flooding,1.11,ft,0.0558,kcfs,FFC,Peachtree City
BRTG1,34.35222222,-84.20638889,8/12/2025 10:00 AM,Etowah River at Kelly Bridge Road near Matt,No change,0,Southeast River Forecast Center,GA,Georgia,no_flooding,1.47,ft,-999,kcfs,FFC,Peachtree City
BTCG1,34.01694444,-84.64333333,8/12/2025 10:00 AM,Butler Creek at Mack Dobbs Road near Kennesaw,Falling,-0.02,Southeast River Forecast Center,GA,Georgia,no_flooding,2.31,ft,0,kcfs,FFC,Peachtree City
NOCG1,33.96972222,-83.3775,8/12/2025 10:00 AM,North Oconee River at College Street at Athens,Falling,-0.01,Southeast River Forecast Center,GA,Georgia,no_flooding,4.83,ft,0.218,kcfs,FFC,Peachtree City
NRTT1,36.220833,-84.090278,8/12/2025 10:00 AM,Clinch River below Norris Dam,Rising,0.06,Lower Mississippi River Forecast Center,TN,Tennessee,no_flooding,827.1,ft,-999,kcfs,MRX,Morristown
OTKG1,34.49555556,-84.96527778,8/12/2025 10:00 AM,Oothkalooga Creek at GA 53 Spur at Calhoun,No change,0,Southeast River Forecast Center,GA,Georgia,no_flooding,7.14,ft,0.025,kcfs,FFC,Peachtree City
OWFN7,35.81583333,-78.62583333,8/12/2025 10:00 AM,Crabtree Creek at Old Wake Forest Road,Falling,-0.08,Southeast River Forecast Center,NC,North Carolina,no_flooding,6.15,ft,-999,kcfs,RAH,Raleigh
PING1,34.57638889,-84.86027778,8/12/2025 10:00 AM,Coosawattee River at Pine Chapel Road near Resaca,Rising,0.01,Southeast River Forecast Center,GA,Georgia,no_flooding,2.14,ft,-999,kcfs,FFC,Peachtree City
TLUG1,34.73888889,-83.39555556,8/12/2025 10:00 AM,Tallulah River at TALLULAH FALLS DAM,Falling,-0.01,Southeast River Forecast Center,GA,Georgia,no_flooding,1499.08,ft,-999,kcfs,GSP,Greer
WHMS1,34.50916667,-81.59833333,8/12/2025 10:00 AM,Enoree River at Whitmire,No change,0,Southeast River Forecast Center,SC,South Carolina,no_flooding,17.84,ft,0.917,kcfs,CAE,West Columbia
WLLN7,35.85972222,-77.04027778,8/12/2025 10:00 AM,Roanoke River at Williamston,Falling,-0.01,Southeast River Forecast Center,NC,North Carolina,no_flooding,5.6,ft,3.7,kcfs,MHX,Newport
ADRN7,35.821111,-78.6341667,8/12/2025 10:00 AM,Crabtree Creek at Anderson Drive,Falling,-0.08,Southeast River Forecast Center,NC,North Carolina,no_flooding,7.72,ft,-999,kcfs,RAH,Raleigh
BCRS1,34.24361111,-79.745,8/12/2025 10:00 AM,Black Creek (SC) near Quinby,Falling,-0.02,Southeast River Forecast Center,SC,South Carolina,no_flooding,5.39,ft,0.474,kcfs,ILM,Wilmington
BDMS1,34.9868083,-81.00833889,8/12/2025 10:00 AM,Big Dutchman Creek at Rock Hill,Rising,0.54,Southeast River Forecast Center,SC,South Carolina,no_flooding,2.65,ft,0.111,kcfs,GSP,Greer
BVDG1,34.16861111,-82.89666667,8/12/2025 10:00 AM,Beaverdam Creek above Elberton,No change,0,Southeast River Forecast Center,GA,Georgia,no_flooding,2.08,ft,0.0158,kcfs,GSP,Greer
DLNG1,34.78844444,-84.9750278,8/12/2025 10:00 AM,Mill Creek at Dalton,No change,0,Southeast River Forecast Center,GA,Georgia,no_flooding,4.32,ft,0.0191,kcfs,FFC,Peachtree City
EFDN7,36.15083333,-77.69305556,8/12/2025 10:00 AM,Fishing Creek near Enfield,Rising,0.01,Southeast River Forecast Center,NC,North Carolina,no_flooding,4.09,ft,0.223,kcfs,RAH,Raleigh
GALS1,34.05694444,-79.24722222,8/12/2025 10:00 AM,Little Pee Dee River near Galivants Ferry,Falling,-0.01,Southeast River Forecast Center,SC,South Carolina,action,8.01,ft,3.14,kcfs,ILM,Wilmington
HALV2,36.77638889,-78.91611111,8/12/2025 10:00 AM,Banister River at Halifax,Falling,-0.02,Southeast River Forecast Center,VA,Virginia,no_flooding,3.3,ft,0.185,kcfs,RNK,Blacksburg
HOKN7,35.42888889,-77.5825,8/12/2025 10:00 AM,Contentnea Creek at Hookerton,Rising,0.1,Southeast River Forecast Center,NC,North Carolina,no_flooding,11.28,ft,1.44,kcfs,MHX,Newport
HWDS1,34.50833333,-82.85527778,8/12/2025 10:00 AM,Savannah River at Lake Hartwell,No change,0,Southeast River Forecast Center,SC,South Carolina,no_flooding,658.17,ft,-999,kcfs,GSP,Greer
KGTG1,34.20888889,-84.97861111,8/12/2025 10:00 AM,Etowah River near Kingston,Falling,-0.15,Southeast River Forecast Center,GA,Georgia,no_flooding,4.63,ft,1.47,kcfs,FFC,Peachtree City
REDN7,36.175,-81.16888889,8/12/2025 10:00 AM,Reddies River at N. Wilkesboro,Falling,-0.01,Southeast River Forecast Center,NC,North Carolina,no_flooding,1.29,ft,0.105,kcfs,RNK,Blacksburg
RHIS1,34.98472222,-80.97416667,8/12/2025 10:00 AM,Catawba River above  Rock Hill,Rising,0.03,Southeast River Forecast Center,SC,South Carolina,no_flooding,3.8,ft,1.63,kcfs,GSP,Greer
STRS1,34.38305556,-82.5775,8/12/2025 10:00 AM,Rocky River SC near Starr,No change,0,Southeast River Forecast Center,SC,South Carolina,no_flooding,3.95,ft,0.121,kcfs,GSP,Greer
TIGT1,35.8078,-83.5879,8/12/2025 10:00 AM,Waldens Creek 2NW Pigeon Forge (Tiger Drive),Falling,-0.02,Lower Mississippi River Forecast Center,TN,Tennessee,no_flooding,2.37,ft,-999,kcfs,MRX,Morristown
TLRT1,35.36194444,-84.27916667,8/12/2025 10:00 AM,Tellico River near Tellico Plains,Rising,0.02,Lower Mississippi River Forecast Center,TN,Tennessee,no_flooding,0.96,ft,0.097,kcfs,MRX,Morristown
TUGG1,34.71166667,-83.35138889,8/12/2025 10:00 AM,Tallulah River at TUGALO DAM,Falling,-0.04,Southeast River Forecast Center,GA,Georgia,no_flooding,890.13,ft,-999,kcfs,GSP,Greer
BCGN7,35.12713056,-78.9748306,8/12/2025 10:00 AM,Beaver Creek at Gruber Road at Fort Bragg,Falling,-0.02,Southeast River Forecast Center,NC,North Carolina,no_flooding,6.95,ft,-999,kcfs,RAH,Raleigh
BIRN7,35.461389,-83.353611,8/12/2025 10:00 AM,"Oconaluftee River below Contesky Dr, in Birdtown",No change,0,Lower Mississippi River Forecast Center,NC,North Carolina,no_flooding,1.75,ft,0.448,kcfs,GSP,Greer
BRBN7,35.71777778,-80.59583333,8/12/2025 10:00 AM,N Second Creek above Statesville Blvd (US 70) 4 S Woodleaf,Falling,-0.12,Southeast River Forecast Center,NC,North Carolina,no_flooding,3.72,ft,0.28,kcfs,GSP,Greer
EDSN7,36.52555556,-79.76555556,8/12/2025 10:00 AM,Smith River at Eden,No change,0,Southeast River Forecast Center,NC,North Carolina,no_flooding,2.58,ft,0.461,kcfs,RNK,Blacksburg
ERRG1,34.25638889,-85.15055556,8/12/2025 10:00 AM,Etowah River at Coosa Valley Fairgrounds at Rome,Rising,0.06,Southeast River Forecast Center,GA,Georgia,no_flooding,4.61,ft,-999,kcfs,FFC,Peachtree City
FISS1,34.975,-81.18,8/12/2025 10:00 AM,Fishing Creek at Highway 5 below York,No change,0,Southeast River Forecast Center,SC,South Carolina,no_flooding,2.95,ft,-999,kcfs,GSP,Greer
NFPG1,33.90583333,-84.225,8/12/2025 10:00 AM,North Fork Peachtree Creek at Graves Road near Norcross,Falling,-0.01,Southeast River Forecast Center,GA,Georgia,no_flooding,1.55,ft,-999,kcfs,FFC,Peachtree City
NICG1,33.80333333,-84.52138889,8/12/2025 10:00 AM,Nickajack Creek at US Highway 78 and 278 near Mableton,Falling,-0.01,Southeast River Forecast Center,GA,Georgia,no_flooding,1.47,ft,0.0017,kcfs,FFC,Peachtree City
OCTT1,35.0966,-84.6541,8/12/2025 10:00 AM,Ocoee Dam #1 Tailwater at Parksville,Falling,-0.01,Lower Mississippi River Forecast Center,TN,Tennessee,no_flooding,713.11,ft,-999,kcfs,MRX,Morristown
RCKN7,34.94583333,-79.86972222,8/12/2025 10:00 AM,Pee Dee River near Rockingham,No change,0,Southeast River Forecast Center,NC,North Carolina,no_flooding,4.04,ft,7.91,kcfs,RAH,Raleigh
BLTN7,35.568333,-82.544722,8/12/2025 10:00 AM,"Swannanoa River below Hendersonville Rd (NC 81), in Biltmore Village (2 S Asheville)",No change,0,Lower Mississippi River Forecast Center,NC,North Carolina,no_flooding,1.62,ft,0.0775,kcfs,GSP,Greer
CSQG1,34.61861111,-83.52888889,8/12/2025 10:00 AM,Soque River at GA 197 NR Clarkesville,Rising,0.01,Southeast River Forecast Center,GA,Georgia,no_flooding,4.11,ft,0.158,kcfs,GSP,Greer
CTBS1,34.83611111,-80.87972222,8/12/2025 10:00 AM,Catawba River above Catawba,Falling,-0.17,Southeast River Forecast Center,SC,South Carolina,no_flooding,8.27,ft,7.06,kcfs,GSP,Greer
GADS1,33.81055556,-80.86722222,8/12/2025 10:00 AM,Congaree River at Congaree National Park,Rising,0.03,Southeast River Forecast Center,SC,South Carolina,no_flooding,9.83,ft,10.9,kcfs,CAE,West Columbia
HOLG1,34.71666667,-84.77,8/12/2025 10:00 AM,Holly Creek near Chatsworth,Rising,0.17,Southeast River Forecast Center,GA,Georgia,no_flooding,2.22,ft,0.0706,kcfs,FFC,Peachtree City
KTRG1,34.24277778,-84.88972222,8/12/2025 10:00 AM,Two Run Creek near Kingston,No change,0,Southeast River Forecast Center,GA,Georgia,no_flooding,1.21,ft,0.0066,kcfs,FFC,Peachtree City
MTCS1,34.07138889,-82.50083333,8/12/2025 10:00 AM,Little River near Mt Carmel,Falling,-0.02,Southeast River Forecast Center,SC,South Carolina,no_flooding,11.03,ft,2.41,kcfs,GSP,Greer
PACG1,34.16194444,-83.525,8/12/2025 10:00 AM,Parks Creek at Lyle Field Road near Jefferson,No change,0,Southeast River Forecast Center,GA,Georgia,no_flooding,2.97,ft,-999,kcfs,FFC,Peachtree City
PAMN7,35.54333333,-77.06194444,8/12/2025 10:00 AM,Pamlico River at Washington (in MLLW),Rising,0.16,Southeast River Forecast Center,NC,North Carolina,no_flooding,3.01,ft,-999,kcfs,MHX,Newport
PCTG1,33.7759722,-84.4406111,8/12/2025 10:00 AM,Proctor Creek near Atlanta,No change,0,Southeast River Forecast Center,GA,Georgia,no_flooding,1.21,ft,0.0021,kcfs,FFC,Peachtree City
PGVN7,35.61666667,-77.37277778,8/12/2025 10:00 AM,Tar River at Greenville,Falling,-0.1,Southeast River Forecast Center,NC,North Carolina,no_flooding,7.73,ft,3.24,kcfs,MHX,Newport
RDBG1,34.56416667,-84.83305556,8/12/2025 10:00 AM,Coosawattee River near Pine Chapel / Redbud,No change,0,Southeast River Forecast Center,GA,Georgia,no_flooding,5.06,ft,0.729,kcfs,FFC,Peachtree City
TIGG1,34.79472222,-83.54027778,8/12/2025 10:00 AM,Tallulah River at BURTON DAM,Falling,-0.01,Southeast River Forecast Center,GA,Georgia,no_flooding,1865.14,ft,-999,kcfs,GSP,Greer
BBGS1,35.124017,-81.587872,8/12/2025 10:00 AM,"Broad River at Shelby Hwy (SC 18), 4 W Blacksburg",Falling,-0.22,Southeast River Forecast Center,SC,South Carolina,no_flooding,10.86,ft,14.2,kcfs,GSP,Greer
BRDG1,34.88166667,-84.28166667,8/12/2025 10:00 AM,Toccoa River at Blue Ridge Dam,Rising,0.02,Lower Mississippi River Forecast Center,GA,Georgia,no_flooding,1682.98,ft,-999,kcfs,FFC,Peachtree City
COLS1,33.99305556,-81.05,8/12/2025 10:00 AM,Congaree River at Columbia,Falling,-0.09,Southeast River Forecast Center,SC,South Carolina,no_flooding,5.5,ft,9.88,kcfs,CAE,West Columbia
CPAT1,35.63722222,-83.49333333,8/12/2025 10:00 AM,West Prong Little Pigeon River at Chimney Picnic Area,No change,0,Lower Mississippi River Forecast Center,TN,Tennessee,no_flooding,0.05,ft,-999,kcfs,MRX,Morristown
DLCG1,33.70555556,-84.2925,8/12/2025 10:00 AM,Doolittle Creek at Flat Shoals Rd near Decatur,No change,0,Southeast River Forecast Center,GA,Georgia,no_flooding,1.06,ft,-999,kcfs,FFC,Peachtree City
ELKN7,36.24055556,-80.84916667,8/12/2025 10:00 AM,Yadkin River at Elkin,Falling,-0.01,Southeast River Forecast Center,NC,North Carolina,no_flooding,2.06,ft,0.988,kcfs,RNK,Blacksburg
FDTT1,35.7875,-84.249722,8/12/2025 10:00 AM,Tennessee River below Ft. Loudoun Dam (Lenoir City 1E),Rising,0.04,Lower Mississippi River Forecast Center,TN,Tennessee,no_flooding,741.23,ft,-999,kcfs,MRX,Morristown
GRHV2,36.93944444,-80.88694444,8/12/2025 10:00 AM,Reed Creek at Grahams Forge,No change,0,Ohio River Forecast Center,VA,Virginia,no_flooding,1.59,ft,0.116,kcfs,RNK,Blacksburg
LIBS1,34.80138889,-82.74861111,8/12/2025 10:00 AM,Twelve mile creek near Liberty,Falling,-0.01,Southeast River Forecast Center,SC,South Carolina,no_flooding,2.03,ft,0.122,kcfs,GSP,Greer
MGFG1,33.96833333,-84.38277778,8/12/2025 10:00 AM,Chattahoochee River below Morgan Falls Dam near Roswell,Falling,-0.67,Southeast River Forecast Center,GA,Georgia,no_flooding,812.05,ft,1.7,kcfs,FFC,Peachtree City
NACG1,34.755,-83.50111111,8/12/2025 10:00 AM,Tallulah River at NACOOCHEE DAM,Falling,-0.13,Southeast River Forecast Center,GA,Georgia,no_flooding,1751.04,ft,-999,kcfs,GSP,Greer
PRSS1,34.87333333,-81.53166667,8/12/2025 10:00 AM,Pacolet River near Saratt,Rising,0.04,Southeast River Forecast Center,SC,South Carolina,no_flooding,12.09,ft,-999,kcfs,GSP,Greer
RNGN7,36.18333,-77.87611,8/12/2025 10:00 AM,Little Fishing Creek (NC) near Ringwood,Falling,-0.01,Southeast River Forecast Center,NC,North Carolina,no_flooding,2.43,ft,0.0397,kcfs,RAH,Raleigh
ROEG1,34.23222222,-85.11694444,8/12/2025 10:00 AM,Etowah River at GA 1 Loop near Rome,Rising,0.05,Southeast River Forecast Center,GA,Georgia,no_flooding,13.1,ft,0.807,kcfs,FFC,Peachtree City
YADN7,35.85667,-80.38694,8/12/2025 10:00 AM,Yadkin River at Yadkin College,Rising,0.17,Southeast River Forecast Center,NC,North Carolina,no_flooding,1.78,ft,1.98,kcfs,RAH,Raleigh
CATG1,34.60361111,-84.69555556,8/12/2025 10:00 AM,Coosawattee River at Carters,Rising,0.04,Southeast River Forecast Center,GA,Georgia,no_flooding,4.78,ft,0.595,kcfs,FFC,Peachtree City
CCKV2,36.64583333,-80.91944444,8/12/2025 10:00 AM,Chestnut Creek at Galax,No change,0,Ohio River Forecast Center,VA,Virginia,no_flooding,1.64,ft,0.0671,kcfs,RNK,Blacksburg
CHAG1,33.81694444,-84.48,8/12/2025 10:00 AM,Chattahoochee River at GA 280 near Atlanta,Falling,-0.19,Southeast River Forecast Center,GA,Georgia,no_flooding,6.23,ft,2.25,kcfs,FFC,Peachtree City
CRLT1,36.168,-83.5041,8/12/2025 10:00 AM,Holston River below Cherokee Dam,Rising,0.05,Lower Mississippi River Forecast Center,TN,Tennessee,no_flooding,926.14,ft,-999,kcfs,MRX,Morristown
CSFS1,34.63194444,-80.18138889,8/12/2025 10:00 AM,Black Creek (SC) below Chesterfield,Falling,-0.03,Southeast River Forecast Center,SC,South Carolina,no_flooding,7.37,ft,-999,kcfs,CAE,West Columbia
EFFS1,34.05138889,-79.75416667,8/12/2025 10:00 AM,Lynches River at Effingham,Falling,-0.01,Southeast River Forecast Center,SC,South Carolina,no_flooding,8.09,ft,1.42,kcfs,ILM,Wilmington
GILS1,33.98944444,-80.97444444,8/12/2025 10:00 AM,Gills Creek at Columbia,No change,0,Southeast River Forecast Center,SC,South Carolina,no_flooding,1.59,ft,0.0288,kcfs,CAE,West Columbia
NEPT1,35.96055556,-83.17444444,8/12/2025 10:00 AM,Pigeon River at Newport,Falling,-0.34,Lower Mississippi River Forecast Center,TN,Tennessee,no_flooding,3.72,ft,1.02,kcfs,MRX,Morristown
SDRV2,36.61944444,-79.50444444,8/12/2025 10:00 AM,Sandy River near Danville,Rising,0.01,Southeast River Forecast Center,VA,Virginia,no_flooding,1.26,ft,0.0434,kcfs,RNK,Blacksburg
SFMG1,33.66611111,-84.22472222,8/12/2025 10:00 AM,South River at Flakes Mill Road near Snapfinger,Falling,-0.02,Southeast River Forecast Center,GA,Georgia,no_flooding,2.5,ft,0.0579,kcfs,FFC,Peachtree City
TOMN7,34.75472222,-78.28916667,8/12/2025 10:00 AM,Black River near Tomahawk,Rising,0.01,Southeast River Forecast Center,NC,North Carolina,no_flooding,9.85,ft,1.74,kcfs,RAH,Raleigh
WLBK2,36.74333333,-84.15611111,8/12/2025 10:00 AM,Cumberland River at Williamsburg,No change,0,Ohio River Forecast Center,KY,Kentucky,no_flooding,3.39,ft,0.537,kcfs,JKL,Jackson
WSSN7,35.757912,-78.623826,8/12/2025 10:00 AM,Walnut Creek (NC) at S. State St.,Falling,-0.06,Southeast River Forecast Center,NC,North Carolina,no_flooding,3.66,ft,-999,kcfs,RAH,Raleigh
YNHG1,34.67972222,-83.33,8/12/2025 10:00 AM,Tugalo River at YONAH DAM,Falling,-0.18,Southeast River Forecast Center,GA,Georgia,no_flooding,743.25,ft,-999,kcfs,GSP,Greer
CCKS1,33.81611111,-80.8275,8/12/2025 10:00 AM,Cedar Creek (Richland County) at Congaree NP Near Gadsden SC,Falling,-0.04,Southeast River Forecast Center,SC,South Carolina,no_flooding,7.02,ft,-999,kcfs,CAE,West Columbia
CRBN7,35.81111111,-78.61194444,8/12/2025 10:00 AM,Crabtree Creek at Capitol Blvd (US Rt 1),Falling,-0.07,Southeast River Forecast Center,NC,North Carolina,no_flooding,5.71,ft,1.2,kcfs,RAH,Raleigh
CTVG1,34.14277778,-84.83916667,8/12/2025 10:00 AM,Etowah River at GA 61 near Cartersville,Falling,-0.03,Southeast River Forecast Center,GA,Georgia,no_flooding,4.97,ft,0.456,kcfs,FFC,Peachtree City
DGTT1,35.957778,-83.546389,8/12/2025 10:00 AM,French Broad River below Douglas Dam,Falling,-0.69,Lower Mississippi River Forecast Center,TN,Tennessee,no_flooding,868.82,ft,-999,kcfs,MRX,Morristown
EZBT1,36.3559188,-82.2235467,8/12/2025 10:00 AM,Watauga River at Elizabethton,Falling,-0.03,Lower Mississippi River Forecast Center,TN,Tennessee,no_flooding,2.98,ft,0.378,kcfs,MRX,Morristown
LABN7,35.42055556,-81.26527778,8/12/2025 10:00 AM,South Fork Catawba River near Laboratory,Falling,-0.01,Southeast River Forecast Center,NC,North Carolina,no_flooding,3.01,ft,0.594,kcfs,GSP,Greer
NNRS1,35.03166667,-81.49361111,8/12/2025 10:00 AM,Broad River in NC/SC at Ninety Nine Islands Dam,Falling,-0.21,Southeast River Forecast Center,SC,South Carolina,no_flooding,102.22,ft,-999,kcfs,GSP,Greer
OKRN7,36.17277778,-79.95333333,8/12/2025 10:00 AM,Reedy Creek at NC2128 Nr Oak Ridge,No change,0,Southeast River Forecast Center,NC,North Carolina,no_flooding,4.18,ft,0.0436,kcfs,RAH,Raleigh
SEET1,35.58138889,-84.74805556,8/12/2025 10:00 AM,Sewee Creek at Decatur 5NE,No change,0,Lower Mississippi River Forecast Center,TN,Tennessee,no_flooding,0.29,ft,0.0877,kcfs,MRX,Morristown
WBTT1,35.608889,-84.778056,8/12/2025 10:00 AM,Tennessee River below Watts Bar Dam,Rising,0.1,Lower Mississippi River Forecast Center,TN,Tennessee,no_flooding,682.66,ft,-999,kcfs,MRX,Morristown
WCCS1,34.88927778,-81.0686944,8/12/2025 10:00 AM,Wildcat Creek below Rock Hill,Rising,0.35,Southeast River Forecast Center,SC,South Carolina,no_flooding,4.32,ft,0.23,kcfs,GSP,Greer
WLSS1,34.61472222,-82.44416667,8/12/2025 10:00 AM,Saluda River near WILLIAMSTON,No change,0,Southeast River Forecast Center,SC,South Carolina,no_flooding,4.58,ft,0.663,kcfs,GSP,Greer
WLVT1,35.7697,-83.6542,8/12/2025 10:00 AM,Waldens Creek 6WSW Pigeon Forge (Little Valley),No change,0,Lower Mississippi River Forecast Center,TN,Tennessee,no_flooding,1.03,ft,-999,kcfs,MRX,Morristown
BGSN7,34.71027778,-78.83638889,8/12/2025 10:00 AM,Big Swamp near Tarheel,Rising,0.03,Southeast River Forecast Center,NC,North Carolina,no_flooding,6.98,ft,0.058,kcfs,ILM,Wilmington
BHCG1,33.66138889,-83.92777778,8/12/2025 10:00 AM,Big Haynes Creek at Bald Rock Road near Milstead,Falling,-0.01,Southeast River Forecast Center,GA,Georgia,no_flooding,0.88,ft,-999,kcfs,FFC,Peachtree City
DACG1,34.01027778,-83.89416667,8/12/2025 10:00 AM,Apalachee River near Fence Road near Dacula,No change,0,Southeast River Forecast Center,GA,Georgia,no_flooding,0.41,ft,0.0017,kcfs,FFC,Peachtree City
ETWG1,34.16305556,-84.74111111,8/12/2025 10:00 AM,Etowah River at Allatoona Dam above Cartersville,No change,0,Southeast River Forecast Center,GA,Georgia,no_flooding,1.26,ft,0.32,kcfs,FFC,Peachtree City
LOGG1,33.82138889,-83.9425,8/12/2025 10:00 AM,Brushy Fork Creek at Beaver Road near Loganville,Rising,0.01,Southeast River Forecast Center,GA,Georgia,no_flooding,1.43,ft,0.0018,kcfs,FFC,Peachtree City
LSRS1,34.04444444,-81.69722222,8/12/2025 10:00 AM,Little Saluda River near Saluda,Rising,0.34,Southeast River Forecast Center,SC,South Carolina,no_flooding,11.56,ft,-999,kcfs,CAE,West Columbia
MHTT1,35.887222,-84.323333,8/12/2025 10:00 AM,Clinch River below Melton Hill Dam,Falling,-0.09,Lower Mississippi River Forecast Center,TN,Tennessee,no_flooding,740.8,ft,-999,kcfs,MRX,Morristown
PNFG1,33.72111111,-83.29555556,8/12/2025 10:00 AM,Oconee River near Penfield,No change,0,Southeast River Forecast Center,GA,Georgia,no_flooding,5.19,ft,1.02,kcfs,FFC,Peachtree City
SIMS1,34.65277778,-82.29777778,8/12/2025 10:00 AM,Reedy River near Highway 418,Falling,-0.22,Southeast River Forecast Center,SC,South Carolina,no_flooding,6.19,ft,0.261,kcfs,GSP,Greer
STPN7,34.83472222,-78.82416667,8/12/2025 10:00 AM,Cape Fear River at W.O. Huske Lock,No change,0,Southeast River Forecast Center,NC,North Carolina,no_flooding,38.14,ft,10.8,kcfs,ILM,Wilmington
ALTS1,34.24305556,-81.31972222,8/12/2025 10:00 AM,Broad River in NC/SC at Alston,Falling,-0.04,Southeast River Forecast Center,SC,South Carolina,no_flooding,4.52,ft,3.3,kcfs,CAE,West Columbia
BRMN7,35.7811,-78.77716,8/12/2025 10:00 AM,Walnut Creek (NC) at Byrum St in Cary,No change,0,Southeast River Forecast Center,NC,North Carolina,no_flooding,0.99,ft,-999,kcfs,RAH,Raleigh
CMDS1,34.24444444,-80.65416667,8/12/2025 10:00 AM,Wateree River near Camden,Rising,0.12,Southeast River Forecast Center,SC,South Carolina,no_flooding,13.65,ft,9.29,kcfs,CAE,West Columbia
CYNG1,34.81388889,-83.30611111,8/12/2025 10:00 AM,Chattooga River at Hwy 76,Rising,0.02,Southeast River Forecast Center,GA,Georgia,no_flooding,1.65,ft,0.434,kcfs,GSP,Greer
DICG1,34.07138889,-84.13027778,8/12/2025 10:00 AM,Dick Creek at Old Atlanta Road near Suwanee,Falling,-0.02,Southeast River Forecast Center,GA,Georgia,no_flooding,5.81,ft,0.411,kcfs,FFC,Peachtree City
DWLG1,34.3794444,-84.0647,8/12/2025 10:00 AM,Etowah River  0.2 mi downstream GA 53 near Dawsonville,Rising,0.01,Southeast River Forecast Center,GA,Georgia,no_flooding,3.89,ft,-999,kcfs,FFC,Peachtree City
DWSG1,34.35805556,-84.11333333,8/12/2025 10:00 AM,Etowah River at GA 9 near Dawsonville,Rising,0.01,Southeast River Forecast Center,GA,Georgia,no_flooding,3.93,ft,0.147,kcfs,FFC,Peachtree City
EMCS1,34.645,-82.80055556,8/12/2025 10:00 AM,Eighteen Mile Creek below Pendleton,No change,0,Southeast River Forecast Center,SC,South Carolina,no_flooding,4.4,ft,-999,kcfs,GSP,Greer
ETNG1,34.8275,-84.8509722,8/12/2025 10:00 AM,Conasauga River at GA 286 near Eton,No change,0,Southeast River Forecast Center,GA,Georgia,no_flooding,2.6,ft,0.108,kcfs,FFC,Peachtree City
HDCG1,34.70083333,-83.72944444,8/12/2025 10:00 AM,Chattahoochee River at Helen,Rising,0.01,Southeast River Forecast Center,GA,Georgia,no_flooding,0.66,ft,0.0712,kcfs,FFC,Peachtree City
HLCG1,34.265,-84.47388889,8/12/2025 10:00 AM,Hickory Log Creek near Canton,No change,0,Southeast River Forecast Center,GA,Georgia,no_flooding,0.86,ft,-999,kcfs,FFC,Peachtree City
IRMS1,34.05194444,-81.22083333,8/12/2025 10:00 AM,Saluda River at Lake Murray Dam near Irmo,Rising,0.02,Southeast River Forecast Center,SC,South Carolina,no_flooding,358.7,ft,-999,kcfs,CAE,West Columbia
MARN7,35.786389,-82.660833,8/12/2025 10:00 AM,"French Broad River above Rollins Rd, 1 SE Marshall",No change,0,Lower Mississippi River Forecast Center,NC,North Carolina,no_flooding,2.14,ft,1.72,kcfs,GSP,Greer
NRWN7,35.156944,-80.165556,8/12/2025 10:00 AM,Rocky River NC near Norwood,Falling,-0.04,Southeast River Forecast Center,NC,North Carolina,no_flooding,11.27,ft,7.98,kcfs,RAH,Raleigh
SMAG1,33.89361111,-84.45777778,8/12/2025 10:00 AM,Rottenwood Creek at Interstate North Parkway near Smyrna,Falling,-0.01,Southeast River Forecast Center,GA,Georgia,no_flooding,2.4,ft,0.0168,kcfs,FFC,Peachtree City
TAPN7,35.43833333,-83.91888889,8/12/2025 10:00 AM,Cheoah river near Tapoco,No change,0,Lower Mississippi River Forecast Center,NC,North Carolina,no_flooding,2.83,ft,0.151,kcfs,GSP,Greer
WRLS1,34.39138889,-82.13944444,8/12/2025 10:00 AM,Reedy River above Waterloo,No change,0,Southeast River Forecast Center,SC,South Carolina,no_flooding,4.83,ft,0.213,kcfs,GSP,Greer
ASTG1,33.72105556,-84.6149167,8/12/2025 10:00 AM,Sweetwater Creek below Austell,No change,0,Southeast River Forecast Center,GA,Georgia,no_flooding,1.11,ft,0.0558,kcfs,FFC,Peachtree City
BRTG1,34.35222222,-84.20638889,8/12/2025 10:00 AM,Etowah River at Kelly Bridge Road near Matt,No change,0,Southeast River Forecast Center,GA,Georgia,no_flooding,1.47,ft,-999,kcfs,FFC,Peachtree City
BTCG1,34.01694444,-84.64333333,8/12/2025 10:00 AM,Butler Creek at Mack Dobbs Road near Kennesaw,Falling,-0.02,Southeast River Forecast Center,GA,Georgia,no_flooding,2.31,ft,0,kcfs,FFC,Peachtree City
ENNN7,36.13194444,-80.44416667,8/12/2025 10:00 AM,Yadkin River at Enon,No change,0,Southeast River Forecast Center,NC,North Carolina,no_flooding,3.16,ft,1.32,kcfs,RAH,Raleigh
NOCG1,33.96972222,-83.3775,8/12/2025 10:00 AM,North Oconee River at College Street at Athens,Falling,-0.01,Southeast River Forecast Center,GA,Georgia,no_flooding,4.83,ft,0.218,kcfs,FFC,Peachtree City
NRTT1,36.220833,-84.090278,8/12/2025 10:00 AM,Clinch River below Norris Dam,Rising,0.06,Lower Mississippi River Forecast Center,TN,Tennessee,no_flooding,827.1,ft,-999,kcfs,MRX,Morristown
OTKG1,34.49555556,-84.96527778,8/12/2025 10:00 AM,Oothkalooga Creek at GA 53 Spur at Calhoun,No change,0,Southeast River Forecast Center,GA,Georgia,no_flooding,7.14,ft,0.025,kcfs,FFC,Peachtree City
PING1,34.57638889,-84.86027778,8/12/2025 10:00 AM,Coosawattee River at Pine Chapel Road near Resaca,Rising,0.01,Southeast River Forecast Center,GA,Georgia,no_flooding,2.14,ft,-999,kcfs,FFC,Peachtree City
TLUG1,34.73888889,-83.39555556,8/12/2025 10:00 AM,Tallulah River at TALLULAH FALLS DAM,Falling,-0.01,Southeast River Forecast Center,GA,Georgia,no_flooding,1499.08,ft,-999,kcfs,GSP,Greer
WHMS1,34.50916667,-81.59833333,8/12/2025 10:00 AM,Enoree River at Whitmire,No change,0,Southeast River Forecast Center,SC,South Carolina,no_flooding,17.84,ft,0.917,kcfs,CAE,West Columbia
WLLN7,35.85972222,-77.04027778,8/12/2025 10:00 AM,Roanoke River at Williamston,Falling,-0.01,Southeast River Forecast Center,NC,North Carolina,no_flooding,5.6,ft,3.7,kcfs,MHX,Newport
BIGG1,33.81527778,-83.99013889,8/12/2025 10:00 AM,Big Haynes Creek at Lenora Road near Snellville,Falling,-0.02,Southeast River Forecast Center,GA,Georgia,no_flooding,3.05,ft,0.015,kcfs,FFC,Peachtree City
BLAS1,35.137628,-81.597906,8/12/2025 10:00 AM,"Broad River at Gaston Shoals Reservoir/Gaston Shoals Dam, 5 WNW Blacksburg",Falling,-0.2,Southeast River Forecast Center,SC,South Carolina,no_flooding,97.81,ft,-999,kcfs,GSP,Greer
CRCT1,36.37972222,-83.04666667,8/12/2025 10:00 AM,Crockett Creek below Rogersville,Falling,-0.01,Lower Mississippi River Forecast Center,TN,Tennessee,no_flooding,0.59,ft,0.0006,kcfs,MRX,Morristown
DLBG1,34.62916667,-84.91722222,8/12/2025 10:00 AM,Conasauga River at Sloan Bridge below Dalton,No change,0,Southeast River Forecast Center,GA,Georgia,no_flooding,0.15,ft,-999,kcfs,FFC,Peachtree City
FONN7,35.45055556,-83.80555556,8/12/2025 10:00 AM,Little Tennessee River at FONTANA DAM TVA,Rising,0.01,Lower Mississippi River Forecast Center,NC,North Carolina,no_flooding,1699.66,ft,-999,kcfs,GSP,Greer
KINS1,33.66111111,-79.83611111,8/12/2025 10:00 AM,Black River at Kingstree,Rising,0.01,Southeast River Forecast Center,SC,South Carolina,no_flooding,5.13,ft,0.31,kcfs,ILM,Wilmington
LNGS1,33.9125,-78.71527778,8/12/2025 10:00 AM,Waccamaw River at Longs,Rising,0.02,Southeast River Forecast Center,SC,South Carolina,action,11.92,ft,5.51,kcfs,ILM,Wilmington
MCKN7,35.845,-80.658889,8/12/2025 10:00 AM,"S Yadkin River below Foster Rd, 6 SW Mocksville",Rising,0.02,Southeast River Forecast Center,NC,North Carolina,no_flooding,3.09,ft,0.337,kcfs,GSP,Greer
MODS1,33.72916667,-82.18194444,8/12/2025 10:00 AM,Stevens Creek near Modoc,Rising,0.13,Southeast River Forecast Center,SC,South Carolina,no_flooding,3.96,ft,0.538,kcfs,CAE,West Columbia
NICS1,34.225833,-79.13444,8/12/2025 10:00 AM,Lumber River near Nichols,No change,0,Southeast River Forecast Center,SC,South Carolina,action,18.14,ft,2.62,kcfs,ILM,Wilmington
PDES1,34.20416667,-79.54861111,8/12/2025 10:00 AM,Pee Dee River at Pee Dee,Falling,-0.1,Southeast River Forecast Center,SC,South Carolina,no_flooding,10.21,ft,6.82,kcfs,ILM,Wilmington
RBDS1,34.10111111,-82.61805556,8/12/2025 10:00 AM,Russell Lake near Savannah River,Rising,0.02,Southeast River Forecast Center,SC,South Carolina,no_flooding,473.04,ft,-999,kcfs,GSP,Greer
RRDN7,36.46027778,-77.63444444,8/12/2025 10:00 AM,Roanoke River at Roanoke Rapids,Rising,0.01,Southeast River Forecast Center,NC,North Carolina,no_flooding,3.42,ft,2.74,kcfs,RAH,Raleigh
RWLG1,33.98583333,-84.31611111,8/12/2025 10:00 AM,Chattahoochee River above Roswell,Falling,-0.16,Southeast River Forecast Center,GA,Georgia,no_flooding,4.47,ft,2.57,kcfs,FFC,Peachtree City
TERG1,34.7656,-83.41673,8/12/2025 10:00 AM,Tallulah River at MATHIS-TERRORA DAM,Falling,-0.01,Southeast River Forecast Center,GA,Georgia,no_flooding,1688.76,ft,-999,kcfs,GSP,Greer
WKSN7,36.1525,-81.14555556,8/12/2025 10:00 AM,Yadkin River at Wilkesboro,No change,0,Southeast River Forecast Center,NC,North Carolina,no_flooding,2.49,ft,0.696,kcfs,RNK,Blacksburg
BRDG1,34.88166667,-84.28166667,8/12/2025 10:00 AM,Toccoa River at Blue Ridge Dam,Rising,0.02,Lower Mississippi River Forecast Center,GA,Georgia,no_flooding,1682.98,ft,-999,kcfs,FFC,Peachtree City
COLS1,33.99305556,-81.05,8/12/2025 10:00 AM,Congaree River at Columbia,Falling,-0.09,Southeast River Forecast Center,SC,South Carolina,no_flooding,5.5,ft,9.88,kcfs,CAE,West Columbia
CPAT1,35.63722222,-83.49333333,8/12/2025 10:00 AM,West Prong Little Pigeon River at Chimney Picnic Area,No change,0,Lower Mississippi River Forecast Center,TN,Tennessee,no_flooding,0.05,ft,-999,kcfs,MRX,Morristown
DLCG1,33.70555556,-84.2925,8/12/2025 10:00 AM,Doolittle Creek at Flat Shoals Rd near Decatur,No change,0,Southeast River Forecast Center,GA,Georgia,no_flooding,1.06,ft,-999,kcfs,FFC,Peachtree City
ELKN7,36.24055556,-80.84916667,8/12/2025 10:00 AM,Yadkin River at Elkin,Falling,-0.01,Southeast River Forecast Center,NC,North Carolina,no_flooding,2.06,ft,0.988,kcfs,RNK,Blacksburg
FDTT1,35.7875,-84.249722,8/12/2025 10:00 AM,Tennessee River below Ft. Loudoun Dam (Lenoir City 1E),Rising,0.04,Lower Mississippi River Forecast Center,TN,Tennessee,no_flooding,741.23,ft,-999,kcfs,MRX,Morristown
GRHV2,36.93944444,-80.88694444,8/12/2025 10:00 AM,Reed Creek at Grahams Forge,No change,0,Ohio River Forecast Center,VA,Virginia,no_flooding,1.59,ft,0.116,kcfs,RNK,Blacksburg
LIBS1,34.80138889,-82.74861111,8/12/2025 10:00 AM,Twelve mile creek near Liberty,Falling,-0.01,Southeast River Forecast Center,SC,South Carolina,no_flooding,2.03,ft,0.122,kcfs,GSP,Greer
NACG1,34.755,-83.50111111,8/12/2025 10:00 AM,Tallulah River at NACOOCHEE DAM,Falling,-0.13,Southeast River Forecast Center,GA,Georgia,no_flooding,1751.04,ft,-999,kcfs,GSP,Greer
PRSS1,34.87333333,-81.53166667,8/12/2025 10:00 AM,Pacolet River near Saratt,Rising,0.04,Southeast River Forecast Center,SC,South Carolina,no_flooding,12.09,ft,-999,kcfs,GSP,Greer
RNGN7,36.18333,-77.87611,8/12/2025 10:00 AM,Little Fishing Creek (NC) near Ringwood,Falling,-0.01,Southeast River Forecast Center,NC,North Carolina,no_flooding,2.43,ft,0.0397,kcfs,RAH,Raleigh
ROEG1,34.23222222,-85.11694444,8/12/2025 10:00 AM,Etowah River at GA 1 Loop near Rome,Rising,0.05,Southeast River Forecast Center,GA,Georgia,no_flooding,13.1,ft,0.807,kcfs,FFC,Peachtree City
YADN7,35.85667,-80.38694,8/12/2025 10:00 AM,Yadkin River at Yadkin College,Rising,0.17,Southeast River Forecast Center,NC,North Carolina,no_flooding,1.78,ft,1.98,kcfs,RAH,Raleigh
CODN7,35.50388889,-80.73638889,8/12/2025 10:00 AM,Coddle Creek at SR 1612 NR DAVIDSON,Falling,-0.01,Southeast River Forecast Center,NC,North Carolina,no_flooding,2.13,ft,0.0364,kcfs,GSP,Greer
SBNV2,36.69333333,-78.90055556,8/12/2025 10:00 AM,Dan River at South Boston,No change,0,Southeast River Forecast Center,VA,Virginia,no_flooding,6.92,ft,1.33,kcfs,RNK,Blacksburg
SCON7,36.20916667,-77.38388889,8/12/2025 10:00 AM,Roanoke River near Scotland Neck,Rising,0.01,Southeast River Forecast Center,NC,North Carolina,no_flooding,12.66,ft,7.36,kcfs,RAH,Raleigh
TLNG1,34.66666667,-84.92833333,8/12/2025 10:00 AM,Conasauga River at Tilton,No change,0,Southeast River Forecast Center,GA,Georgia,no_flooding,2.91,ft,0.304,kcfs,FFC,Peachtree City
BGSN7,34.71027778,-78.83638889,8/12/2025 10:00 AM,Big Swamp near Tarheel,Rising,0.03,Southeast River Forecast Center,NC,North Carolina,no_flooding,6.98,ft,0.058,kcfs,ILM,Wilmington
BHCG1,33.66138889,-83.92777778,8/12/2025 10:00 AM,Big Haynes Creek at Bald Rock Road near Milstead,Falling,-0.01,Southeast River Forecast Center,GA,Georgia,no_flooding,0.88,ft,-999,kcfs,FFC,Peachtree City
CHUN7,35.9419,-79.049,8/12/2025 10:00 AM,Booker Creek at SR 1751 near Chapel Hill,Falling,-0.01,Southeast River Forecast Center,NC,North Carolina,no_flooding,4.59,ft,-999,kcfs,RAH,Raleigh
DACG1,34.01027778,-83.89416667,8/12/2025 10:00 AM,Apalachee River near Fence Road near Dacula,No change,0,Southeast River Forecast Center,GA,Georgia,no_flooding,0.41,ft,0.0017,kcfs,FFC,Peachtree City
LOGG1,33.82138889,-83.9425,8/12/2025 10:00 AM,Brushy Fork Creek at Beaver Road near Loganville,Rising,0.01,Southeast River Forecast Center,GA,Georgia,no_flooding,1.43,ft,0.0018,kcfs,FFC,Peachtree City
MHTT1,35.887222,-84.323333,8/12/2025 10:00 AM,Clinch River below Melton Hill Dam,Falling,-0.09,Lower Mississippi River Forecast Center,TN,Tennessee,no_flooding,740.8,ft,-999,kcfs,MRX,Morristown
PNFG1,33.72111111,-83.29555556,8/12/2025 10:00 AM,Oconee River near Penfield,No change,0,Southeast River Forecast Center,GA,Georgia,no_flooding,5.19,ft,1.02,kcfs,FFC,Peachtree City
SIMS1,34.65277778,-82.29777778,8/12/2025 10:00 AM,Reedy River near Highway 418,Falling,-0.22,Southeast River Forecast Center,SC,South Carolina,no_flooding,6.19,ft,0.261,kcfs,GSP,Greer
STPN7,34.83472222,-78.82416667,8/12/2025 10:00 AM,Cape Fear River at W.O. Huske Lock,No change,0,Southeast River Forecast Center,NC,North Carolina,no_flooding,38.14,ft,10.8,kcfs,ILM,Wilmington
AANG1,33.82030556,-84.40763889,8/12/2025 10:00 AM,Peachtree Creek at Atlanta,Falling,-0.03,Southeast River Forecast Center,GA,Georgia,no_flooding,2.48,ft,0.0491,kcfs,FFC,Peachtree City
CMDS1,34.24444444,-80.65416667,8/12/2025 10:00 AM,Wateree River near Camden,Rising,0.12,Southeast River Forecast Center,SC,South Carolina,no_flooding,13.65,ft,9.29,kcfs,CAE,West Columbia
CYNG1,34.81388889,-83.30611111,8/12/2025 10:00 AM,Chattooga River at Hwy 76,Rising,0.02,Southeast River Forecast Center,GA,Georgia,no_flooding,1.65,ft,0.434,kcfs,GSP,Greer
DICG1,34.07138889,-84.13027778,8/12/2025 10:00 AM,Dick Creek at Old Atlanta Road near Suwanee,Falling,-0.02,Southeast River Forecast Center,GA,Georgia,no_flooding,5.81,ft,0.411,kcfs,FFC,Peachtree City
DWLG1,34.3794444,-84.0647,8/12/2025 10:00 AM,Etowah River  0.2 mi downstream GA 53 near Dawsonville,Rising,0.01,Southeast River Forecast Center,GA,Georgia,no_flooding,3.89,ft,-999,kcfs,FFC,Peachtree City
DWSG1,34.35805556,-84.11333333,8/12/2025 10:00 AM,Etowah River at GA 9 near Dawsonville,Rising,0.01,Southeast River Forecast Center,GA,Georgia,no_flooding,3.93,ft,0.147,kcfs,FFC,Peachtree City
EMCS1,34.645,-82.80055556,8/12/2025 10:00 AM,Eighteen Mile Creek below Pendleton,No change,0,Southeast River Forecast Center,SC,South Carolina,no_flooding,4.4,ft,-999,kcfs,GSP,Greer
ETNG1,34.8275,-84.8509722,8/12/2025 10:00 AM,Conasauga River at GA 286 near Eton,No change,0,Southeast River Forecast Center,GA,Georgia,no_flooding,2.6,ft,0.108,kcfs,FFC,Peachtree City
HDCG1,34.70083333,-83.72944444,8/12/2025 10:00 AM,Chattahoochee River at Helen,Rising,0.01,Southeast River Forecast Center,GA,Georgia,no_flooding,0.66,ft,0.0712,kcfs,FFC,Peachtree City
HLCG1,34.265,-84.47388889,8/12/2025 10:00 AM,Hickory Log Creek near Canton,No change,0,Southeast River Forecast Center,GA,Georgia,no_flooding,0.86,ft,-999,kcfs,FFC,Peachtree City
MARN7,35.786389,-82.660833,8/12/2025 10:00 AM,"French Broad River above Rollins Rd, 1 SE Marshall",No change,0,Lower Mississippi River Forecast Center,NC,North Carolina,no_flooding,2.14,ft,1.72,kcfs,GSP,Greer
SMAG1,33.89361111,-84.45777778,8/12/2025 10:00 AM,Rottenwood Creek at Interstate North Parkway near Smyrna,Falling,-0.01,Southeast River Forecast Center,GA,Georgia,no_flooding,2.4,ft,0.0168,kcfs,FFC,Peachtree City
TAPN7,35.43833333,-83.91888889,8/12/2025 10:00 AM,Cheoah river near Tapoco,No change,0,Lower Mississippi River Forecast Center,NC,North Carolina,no_flooding,2.83,ft,0.151,kcfs,GSP,Greer
WRLS1,34.39138889,-82.13944444,8/12/2025 10:00 AM,Reedy River above Waterloo,No change,0,Southeast River Forecast Center,SC,South Carolina,no_flooding,4.83,ft,0.213,kcfs,GSP,Greer
BCFN7,35.044521,-78.890172,8/12/2025 10:00 AM,Blounts Creek at Winslow St at Fayetteville,Falling,-0.07,Southeast River Forecast Center,NC,North Carolina,no_flooding,4.2,ft,-999,kcfs,RAH,Raleigh
MBHG1,33.72916667,-83.93722222,8/12/2025 10:00 AM,Big Haynes Creek at Jack Turner Dam near Milstead,Rising,0.01,Southeast River Forecast Center,GA,Georgia,no_flooding,2.61,ft,0.0625,kcfs,FFC,Peachtree City
OAKT1,35.9831307,-84.557992,8/12/2025 10:00 AM,Emory River at Oakdale,No change,0,Lower Mississippi River Forecast Center,TN,Tennessee,no_flooding,2.3,ft,0.0799,kcfs,MRX,Morristown
SRCS1,34.52,-82.15722222,8/12/2025 10:00 AM,South Rabon Creek near Gray Court,Falling,-0.01,Southeast River Forecast Center,SC,South Carolina,no_flooding,0.12,ft,-999,kcfs,GSP,Greer
BLTN7,35.568333,-82.544722,8/12/2025 10:00 AM,"Swannanoa River below Hendersonville Rd (NC 81), in Biltmore Village (2 S Asheville)",No change,0,Lower Mississippi River Forecast Center,NC,North Carolina,no_flooding,1.62,ft,0.0775,kcfs,GSP,Greer
CSQG1,34.61861111,-83.52888889,8/12/2025 10:00 AM,Soque River at GA 197 NR Clarkesville,Rising,0.01,Southeast River Forecast Center,GA,Georgia,no_flooding,4.11,ft,0.158,kcfs,GSP,Greer
CTBS1,34.83611111,-80.87972222,8/12/2025 10:00 AM,Catawba River above Catawba,Falling,-0.17,Southeast River Forecast Center,SC,South Carolina,no_flooding,8.27,ft,7.06,kcfs,GSP,Greer
GADS1,33.81055556,-80.86722222,8/12/2025 10:00 AM,Congaree River at Congaree National Park,Rising,0.03,Southeast River Forecast Center,SC,South Carolina,no_flooding,9.83,ft,10.9,kcfs,CAE,West Columbia
HOLG1,34.71666667,-84.77,8/12/2025 10:00 AM,Holly Creek near Chatsworth,Rising,0.17,Southeast River Forecast Center,GA,Georgia,no_flooding,2.22,ft,0.0706,kcfs,FFC,Peachtree City
KTRG1,34.24277778,-84.88972222,8/12/2025 10:00 AM,Two Run Creek near Kingston,No change,0,Southeast River Forecast Center,GA,Georgia,no_flooding,1.21,ft,0.0066,kcfs,FFC,Peachtree City
MTCS1,34.07138889,-82.50083333,8/12/2025 10:00 AM,Little River near Mt Carmel,Falling,-0.02,Southeast River Forecast Center,SC,South Carolina,no_flooding,11.03,ft,2.41,kcfs,GSP,Greer
PACG1,34.16194444,-83.525,8/12/2025 10:00 AM,Parks Creek at Lyle Field Road near Jefferson,No change,0,Southeast River Forecast Center,GA,Georgia,no_flooding,2.97,ft,-999,kcfs,FFC,Peachtree City
PAMN7,35.54333333,-77.06194444,8/12/2025 10:00 AM,Pamlico River at Washington (in MLLW),Rising,0.16,Southeast River Forecast Center,NC,North Carolina,no_flooding,3.01,ft,-999,kcfs,MHX,Newport
PCTG1,33.7759722,-84.4406111,8/12/2025 10:00 AM,Proctor Creek near Atlanta,No change,0,Southeast River Forecast Center,GA,Georgia,no_flooding,1.21,ft,0.0021,kcfs,FFC,Peachtree City
PGVN7,35.61666667,-77.37277778,8/12/2025 10:00 AM,Tar River at Greenville,Falling,-0.1,Southeast River Forecast Center,NC,North Carolina,no_flooding,7.73,ft,3.24,kcfs,MHX,Newport
RDBG1,34.56416667,-84.83305556,8/12/2025 10:00 AM,Coosawattee River near Pine Chapel / Redbud,No change,0,Southeast River Forecast Center,GA,Georgia,no_flooding,5.06,ft,0.729,kcfs,FFC,Peachtree City
TIGG1,34.79472222,-83.54027778,8/12/2025 10:00 AM,Tallulah River at BURTON DAM,Falling,-0.01,Southeast River Forecast Center,GA,Georgia,no_flooding,1865.14,ft,-999,kcfs,GSP,Greer
CCKV2,36.64583333,-80.91944444,8/12/2025 10:00 AM,Chestnut Creek at Galax,No change,0,Ohio River Forecast Center,VA,Virginia,no_flooding,1.64,ft,0.0671,kcfs,RNK,Blacksburg
CHAG1,33.81694444,-84.48,8/12/2025 10:00 AM,Chattahoochee River at GA 280 near Atlanta,Falling,-0.19,Southeast River Forecast Center,GA,Georgia,no_flooding,6.23,ft,2.25,kcfs,FFC,Peachtree City
CRLT1,36.168,-83.5041,8/12/2025 10:00 AM,Holston River below Cherokee Dam,Rising,0.05,Lower Mississippi River Forecast Center,TN,Tennessee,no_flooding,926.14,ft,-999,kcfs,MRX,Morristown
CSFS1,34.63194444,-80.18138889,8/12/2025 10:00 AM,Black Creek (SC) below Chesterfield,Falling,-0.03,Southeast River Forecast Center,SC,South Carolina,no_flooding,7.37,ft,-999,kcfs,CAE,West Columbia
EFFS1,34.05138889,-79.75416667,8/12/2025 10:00 AM,Lynches River at Effingham,Falling,-0.01,Southeast River Forecast Center,SC,South Carolina,no_flooding,8.09,ft,1.42,kcfs,ILM,Wilmington
FAYN7,35.04722,-78.85805,8/12/2025 10:00 AM,Cape Fear River at Fayetteville,Rising,0.03,Southeast River Forecast Center,NC,North Carolina,no_flooding,19.71,ft,11.9,kcfs,RAH,Raleigh
GILS1,33.98944444,-80.97444444,8/12/2025 10:00 AM,Gills Creek at Columbia,No change,0,Southeast River Forecast Center,SC,South Carolina,no_flooding,1.59,ft,0.0288,kcfs,CAE,West Columbia
NEPT1,35.96055556,-83.17444444,8/12/2025 10:00 AM,Pigeon River at Newport,Falling,-0.34,Lower Mississippi River Forecast Center,TN,Tennessee,no_flooding,3.72,ft,1.02,kcfs,MRX,Morristown
SDRV2,36.61944444,-79.50444444,8/12/2025 10:00 AM,Sandy River near Danville,Rising,0.01,Southeast River Forecast Center,VA,Virginia,no_flooding,1.26,ft,0.0434,kcfs,RNK,Blacksburg
SFMG1,33.66611111,-84.22472222,8/12/2025 10:00 AM,South River at Flakes Mill Road near Snapfinger,Falling,-0.02,Southeast River Forecast Center,GA,Georgia,no_flooding,2.5,ft,0.0579,kcfs,FFC,Peachtree City
TOMN7,34.75472222,-78.28916667,8/12/2025 10:00 AM,Black River near Tomahawk,Rising,0.01,Southeast River Forecast Center,NC,North Carolina,no_flooding,9.85,ft,1.74,kcfs,RAH,Raleigh
WLBK2,36.74333333,-84.15611111,8/12/2025 10:00 AM,Cumberland River at Williamsburg,No change,0,Ohio River Forecast Center,KY,Kentucky,no_flooding,3.39,ft,0.537,kcfs,JKL,Jackson
WSSN7,35.757912,-78.623826,8/12/2025 10:00 AM,Walnut Creek (NC) at S. State St.,Falling,-0.06,Southeast River Forecast Center,NC,North Carolina,no_flooding,3.66,ft,-999,kcfs,RAH,Raleigh
YNHG1,34.67972222,-83.33,8/12/2025 10:00 AM,Tugalo River at YONAH DAM,Falling,-0.18,Southeast River Forecast Center,GA,Georgia,no_flooding,743.25,ft,-999,kcfs,GSP,Greer
BCRS1,34.24361111,-79.745,8/12/2025 10:00 AM,Black Creek (SC) near Quinby,Falling,-0.02,Southeast River Forecast Center,SC,South Carolina,no_flooding,5.39,ft,0.474,kcfs,ILM,Wilmington
BDMS1,34.9868083,-81.00833889,8/12/2025 10:00 AM,Big Dutchman Creek at Rock Hill,Rising,0.54,Southeast River Forecast Center,SC,South Carolina,no_flooding,2.65,ft,0.111,kcfs,GSP,Greer
BVDG1,34.16861111,-82.89666667,8/12/2025 10:00 AM,Beaverdam Creek above Elberton,No change,0,Southeast River Forecast Center,GA,Georgia,no_flooding,2.08,ft,0.0158,kcfs,GSP,Greer
DLNG1,34.78844444,-84.9750278,8/12/2025 10:00 AM,Mill Creek at Dalton,No change,0,Southeast River Forecast Center,GA,Georgia,no_flooding,4.32,ft,0.0191,kcfs,FFC,Peachtree City
EFDN7,36.15083333,-77.69305556,8/12/2025 10:00 AM,Fishing Creek near Enfield,Rising,0.01,Southeast River Forecast Center,NC,North Carolina,no_flooding,4.09,ft,0.223,kcfs,RAH,Raleigh
GALS1,34.05694444,-79.24722222,8/12/2025 10:00 AM,Little Pee Dee River near Galivants Ferry,Falling,-0.01,Southeast River Forecast Center,SC,South Carolina,action,8.01,ft,3.14,kcfs,ILM,Wilmington
HALV2,36.77638889,-78.91611111,8/12/2025 10:00 AM,Banister River at Halifax,Falling,-0.02,Southeast River Forecast Center,VA,Virginia,no_flooding,3.3,ft,0.185,kcfs,RNK,Blacksburg
HOFN7,35.06055556,-79.49416667,8/12/2025 10:00 AM,Drowning Creek at Hoffman,Rising,0.04,Southeast River Forecast Center,NC,North Carolina,no_flooding,4.07,ft,-999,kcfs,RAH,Raleigh
HOKN7,35.42888889,-77.5825,8/12/2025 10:00 AM,Contentnea Creek at Hookerton,Rising,0.1,Southeast River Forecast Center,NC,North Carolina,no_flooding,11.28,ft,1.44,kcfs,MHX,Newport
HWDS1,34.50833333,-82.85527778,8/12/2025 10:00 AM,Savannah River at Lake Hartwell,No change,0,Southeast River Forecast Center,SC,South Carolina,no_flooding,658.17,ft,-999,kcfs,GSP,Greer
KGTG1,34.20888889,-84.97861111,8/12/2025 10:00 AM,Etowah River near Kingston,Falling,-0.15,Southeast River Forecast Center,GA,Georgia,no_flooding,4.63,ft,1.47,kcfs,FFC,Peachtree City
REDN7,36.175,-81.16888889,8/12/2025 10:00 AM,Reddies River at N. Wilkesboro,Falling,-0.01,Southeast River Forecast Center,NC,North Carolina,no_flooding,1.29,ft,0.105,kcfs,RNK,Blacksburg
RHIS1,34.98472222,-80.97416667,8/12/2025 10:00 AM,Catawba River above  Rock Hill,Rising,0.03,Southeast River Forecast Center,SC,South Carolina,no_flooding,3.8,ft,1.63,kcfs,GSP,Greer
STRS1,34.38305556,-82.5775,8/12/2025 10:00 AM,Rocky River SC near Starr,No change,0,Southeast River Forecast Center,SC,South Carolina,no_flooding,3.95,ft,0.121,kcfs,GSP,Greer
TIGT1,35.8078,-83.5879,8/12/2025 10:00 AM,Waldens Creek 2NW Pigeon Forge (Tiger Drive),Falling,-0.02,Lower Mississippi River Forecast Center,TN,Tennessee,no_flooding,2.37,ft,-999,kcfs,MRX,Morristown
TLRT1,35.36194444,-84.27916667,8/12/2025 10:00 AM,Tellico River near Tellico Plains,Rising,0.02,Lower Mississippi River Forecast Center,TN,Tennessee,no_flooding,0.96,ft,0.097,kcfs,MRX,Morristown
TUGG1,34.71166667,-83.35138889,8/12/2025 10:00 AM,Tallulah River at TUGALO DAM,Falling,-0.04,Southeast River Forecast Center,GA,Georgia,no_flooding,890.13,ft,-999,kcfs,GSP,Greer
CCKS1,33.81611111,-80.8275,8/12/2025 10:00 AM,Cedar Creek (Richland County) at Congaree NP Near Gadsden SC,Falling,-0.04,Southeast River Forecast Center,SC,South Carolina,no_flooding,7.02,ft,-999,kcfs,CAE,West Columbia
CTVG1,34.14277778,-84.83916667,8/12/2025 10:00 AM,Etowah River at GA 61 near Cartersville,Falling,-0.03,Southeast River Forecast Center,GA,Georgia,no_flooding,4.97,ft,0.456,kcfs,FFC,Peachtree City
DGTT1,35.957778,-83.546389,8/12/2025 10:00 AM,French Broad River below Douglas Dam,Falling,-0.69,Lower Mississippi River Forecast Center,TN,Tennessee,no_flooding,868.82,ft,-999,kcfs,MRX,Morristown
EZBT1,36.3559188,-82.2235467,8/12/2025 10:00 AM,Watauga River at Elizabethton,Falling,-0.03,Lower Mississippi River Forecast Center,TN,Tennessee,no_flooding,2.98,ft,0.378,kcfs,MRX,Morristown
LABN7,35.42055556,-81.26527778,8/12/2025 10:00 AM,South Fork Catawba River near Laboratory,Falling,-0.01,Southeast River Forecast Center,NC,North Carolina,no_flooding,3.01,ft,0.594,kcfs,GSP,Greer
MIDN7,35.57083,-78.59056,8/12/2025 10:00 AM,Middle Creek near Clayton,Rising,0.04,Southeast River Forecast Center,NC,North Carolina,no_flooding,1.97,ft,-999,kcfs,RAH,Raleigh
NNRS1,35.03166667,-81.49361111,8/12/2025 10:00 AM,Broad River in NC/SC at Ninety Nine Islands Dam,Falling,-0.21,Southeast River Forecast Center,SC,South Carolina,no_flooding,102.22,ft,-999,kcfs,GSP,Greer
SEET1,35.58138889,-84.74805556,8/12/2025 10:00 AM,Sewee Creek at Decatur 5NE,No change,0,Lower Mississippi River Forecast Center,TN,Tennessee,no_flooding,0.29,ft,0.0877,kcfs,MRX,Morristown
WBTT1,35.608889,-84.778056,8/12/2025 10:00 AM,Tennessee River below Watts Bar Dam,Rising,0.1,Lower Mississippi River Forecast Center,TN,Tennessee,no_flooding,682.66,ft,-999,kcfs,MRX,Morristown
WCCS1,34.88927778,-81.0686944,8/12/2025 10:00 AM,Wildcat Creek below Rock Hill,Rising,0.35,Southeast River Forecast Center,SC,South Carolina,no_flooding,4.32,ft,0.23,kcfs,GSP,Greer
WLSS1,34.61472222,-82.44416667,8/12/2025 10:00 AM,Saluda River near WILLIAMSTON,No change,0,Southeast River Forecast Center,SC,South Carolina,no_flooding,4.58,ft,0.663,kcfs,GSP,Greer
WLVT1,35.7697,-83.6542,8/12/2025 10:00 AM,Waldens Creek 6WSW Pigeon Forge (Little Valley),No change,0,Lower Mississippi River Forecast Center,TN,Tennessee,no_flooding,1.03,ft,-999,kcfs,MRX,Morristown
BCGN7,35.12713056,-78.9748306,8/12/2025 10:00 AM,Beaver Creek at Gruber Road at Fort Bragg,Falling,-0.02,Southeast River Forecast Center,NC,North Carolina,no_flooding,6.95,ft,-999,kcfs,RAH,Raleigh
BIRN7,35.461389,-83.353611,8/12/2025 10:00 AM,"Oconaluftee River below Contesky Dr, in Birdtown",No change,0,Lower Mississippi River Forecast Center,NC,North Carolina,no_flooding,1.75,ft,0.448,kcfs,GSP,Greer
BRBN7,35.71777778,-80.59583333,8/12/2025 10:00 AM,N Second Creek above Statesville Blvd (US 70) 4 S Woodleaf,Falling,-0.12,Southeast River Forecast Center,NC,North Carolina,no_flooding,3.72,ft,0.28,kcfs,GSP,Greer
EDSN7,36.52555556,-79.76555556,8/12/2025 10:00 AM,Smith River at Eden,No change,0,Southeast River Forecast Center,NC,North Carolina,no_flooding,2.58,ft,0.461,kcfs,RNK,Blacksburg
ERRG1,34.25638889,-85.15055556,8/12/2025 10:00 AM,Etowah River at Coosa Valley Fairgrounds at Rome,Rising,0.06,Southeast River Forecast Center,GA,Georgia,no_flooding,4.61,ft,-999,kcfs,FFC,Peachtree City
NFPG1,33.90583333,-84.225,8/12/2025 10:00 AM,North Fork Peachtree Creek at Graves Road near Norcross,Falling,-0.01,Southeast River Forecast Center,GA,Georgia,no_flooding,1.55,ft,-999,kcfs,FFC,Peachtree City
NICG1,33.80333333,-84.52138889,8/12/2025 10:00 AM,Nickajack Creek at US Highway 78 and 278 near Mableton,Falling,-0.01,Southeast River Forecast Center,GA,Georgia,no_flooding,1.47,ft,0.0017,kcfs,FFC,Peachtree City
OCTT1,35.0966,-84.6541,8/12/2025 10:00 AM,Ocoee Dam #1 Tailwater at Parksville,Falling,-0.01,Lower Mississippi River Forecast Center,TN,Tennessee,no_flooding,713.11,ft,-999,kcfs,MRX,Morristown
RCKN7,34.94583333,-79.86972222,8/12/2025 10:00 AM,Pee Dee River near Rockingham,No change,0,Southeast River Forecast Center,NC,North Carolina,no_flooding,4.04,ft,7.91,kcfs,RAH,Raleigh
ASTG1,33.72105556,-84.6149167,8/12/2025 10:00 AM,Sweetwater Creek below Austell,No change,0,Southeast River Forecast Center,GA,Georgia,no_flooding,1.11,ft,0.0558,kcfs,FFC,Peachtree City
BRTG1,34.35222222,-84.20638889,8/12/2025 10:00 AM,Etowah River at Kelly Bridge Road near Matt,No change,0,Southeast River Forecast Center,GA,Georgia,no_flooding,1.47,ft,-999,kcfs,FFC,Peachtree City
BTCG1,34.01694444,-84.64333333,8/12/2025 10:00 AM,Butler Creek at Mack Dobbs Road near Kennesaw,Falling,-0.02,Southeast River Forecast Center,GA,Georgia,no_flooding,2.31,ft,0,kcfs,FFC,Peachtree City
ENNN7,36.13194444,-80.44416667,8/12/2025 10:00 AM,Yadkin River at Enon,No change,0,Southeast River Forecast Center,NC,North Carolina,no_flooding,3.16,ft,1.32,kcfs,RAH,Raleigh
NOCG1,33.96972222,-83.3775,8/12/2025 10:00 AM,North Oconee River at College Street at Athens,Falling,-0.01,Southeast River Forecast Center,GA,Georgia,no_flooding,4.83,ft,0.218,kcfs,FFC,Peachtree City
NRTT1,36.220833,-84.090278,8/12/2025 10:00 AM,Clinch River below Norris Dam,Rising,0.06,Lower Mississippi River Forecast Center,TN,Tennessee,no_flooding,827.1,ft,-999,kcfs,MRX,Morristown
OTKG1,34.49555556,-84.96527778,8/12/2025 10:00 AM,Oothkalooga Creek at GA 53 Spur at Calhoun,No change,0,Southeast River Forecast Center,GA,Georgia,no_flooding,7.14,ft,0.025,kcfs,FFC,Peachtree City
PING1,34.57638889,-84.86027778,8/12/2025 10:00 AM,Coosawattee River at Pine Chapel Road near Resaca,Rising,0.01,Southeast River Forecast Center,GA,Georgia,no_flooding,2.14,ft,-999,kcfs,FFC,Peachtree City
SNTN7,35.38333333,-83.88333333,8/12/2025 10:00 AM,Cheoah river above SANTEETLAH DAM,No change,0,Lower Mississippi River Forecast Center,NC,North Carolina,no_flooding,1814.84,ft,-999,kcfs,GSP,Greer
TLUG1,34.73888889,-83.39555556,8/12/2025 10:00 AM,Tallulah River at TALLULAH FALLS DAM,Falling,-0.01,Southeast River Forecast Center,GA,Georgia,no_flooding,1499.08,ft,-999,kcfs,GSP,Greer
WLLN7,35.85972222,-77.04027778,8/12/2025 10:00 AM,Roanoke River at Williamston,Falling,-0.01,Southeast River Forecast Center,NC,North Carolina,no_flooding,5.6,ft,3.7,kcfs,MHX,Newport
BRDG1,34.88166667,-84.28166667,8/12/2025 10:00 AM,Toccoa River at Blue Ridge Dam,Rising,0.02,Lower Mississippi River Forecast Center,GA,Georgia,no_flooding,1682.98,ft,-999,kcfs,FFC,Peachtree City
COLS1,33.99305556,-81.05,8/12/2025 10:00 AM,Congaree River at Columbia,Falling,-0.09,Southeast River Forecast Center,SC,South Carolina,no_flooding,5.5,ft,9.88,kcfs,CAE,West Columbia
CPAT1,35.63722222,-83.49333333,8/12/2025 10:00 AM,West Prong Little Pigeon River at Chimney Picnic Area,No change,0,Lower Mississippi River Forecast Center,TN,Tennessee,no_flooding,0.05,ft,-999,kcfs,MRX,Morristown
DLCG1,33.70555556,-84.2925,8/12/2025 10:00 AM,Doolittle Creek at Flat Shoals Rd near Decatur,No change,0,Southeast River Forecast Center,GA,Georgia,no_flooding,1.06,ft,-999,kcfs,FFC,Peachtree City
ELKN7,36.24055556,-80.84916667,8/12/2025 10:00 AM,Yadkin River at Elkin,Falling,-0.01,Southeast River Forecast Center,NC,North Carolina,no_flooding,2.06,ft,0.988,kcfs,RNK,Blacksburg
FDTT1,35.7875,-84.249722,8/12/2025 10:00 AM,Tennessee River below Ft. Loudoun Dam (Lenoir City 1E),Rising,0.04,Lower Mississippi River Forecast Center,TN,Tennessee,no_flooding,741.23,ft,-999,kcfs,MRX,Morristown
GRHV2,36.93944444,-80.88694444,8/12/2025 10:00 AM,Reed Creek at Grahams Forge,No change,0,Ohio River Forecast Center,VA,Virginia,no_flooding,1.59,ft,0.116,kcfs,RNK,Blacksburg
LIBS1,34.80138889,-82.74861111,8/12/2025 10:00 AM,Twelve mile creek near Liberty,Falling,-0.01,Southeast River Forecast Center,SC,South Carolina,no_flooding,2.03,ft,0.122,kcfs,GSP,Greer
NACG1,34.755,-83.50111111,8/12/2025 10:00 AM,Tallulah River at NACOOCHEE DAM,Falling,-0.13,Southeast River Forecast Center,GA,Georgia,no_flooding,1751.04,ft,-999,kcfs,GSP,Greer
RNGN7,36.18333,-77.87611,8/12/2025 10:00 AM,Little Fishing Creek (NC) near Ringwood,Falling,-0.01,Southeast River Forecast Center,NC,North Carolina,no_flooding,2.43,ft,0.0397,kcfs,RAH,Raleigh
ROEG1,34.23222222,-85.11694444,8/12/2025 10:00 AM,Etowah River at GA 1 Loop near Rome,Rising,0.05,Southeast River Forecast Center,GA,Georgia,no_flooding,13.1,ft,0.807,kcfs,FFC,Peachtree City
YADN7,35.85667,-80.38694,8/12/2025 10:00 AM,Yadkin River at Yadkin College,Rising,0.17,Southeast River Forecast Center,NC,North Carolina,no_flooding,1.78,ft,1.98,kcfs,RAH,Raleigh
CODN7,35.50388889,-80.73638889,8/12/2025 10:00 AM,Coddle Creek at SR 1612 NR DAVIDSON,Falling,-0.01,Southeast River Forecast Center,NC,North Carolina,no_flooding,2.13,ft,0.0364,kcfs,GSP,Greer
SBNV2,36.69333333,-78.90055556,8/12/2025 10:00 AM,Dan River at South Boston,No change,0,Southeast River Forecast Center,VA,Virginia,no_flooding,6.92,ft,1.33,kcfs,RNK,Blacksburg
SCON7,36.20916667,-77.38388889,8/12/2025 10:00 AM,Roanoke River near Scotland Neck,Rising,0.01,Southeast River Forecast Center,NC,North Carolina,no_flooding,12.66,ft,7.36,kcfs,RAH,Raleigh
TLNG1,34.66666667,-84.92833333,8/12/2025 10:00 AM,Conasauga River at Tilton,No change,0,Southeast River Forecast Center,GA,Georgia,no_flooding,2.91,ft,0.304,kcfs,FFC,Peachtree City
BGSN7,34.71027778,-78.83638889,8/12/2025 10:00 AM,Big Swamp near Tarheel,Rising,0.03,Southeast River Forecast Center,NC,North Carolina,no_flooding,6.98,ft,0.058,kcfs,ILM,Wilmington
BHCG1,33.66138889,-83.92777778,8/12/2025 10:00 AM,Big Haynes Creek at Bald Rock Road near Milstead,Falling,-0.01,Southeast River Forecast Center,GA,Georgia,no_flooding,0.88,ft,-999,kcfs,FFC,Peachtree City
CHUN7,35.9419,-79.049,8/12/2025 10:00 AM,Booker Creek at SR 1751 near Chapel Hill,Falling,-0.01,Southeast River Forecast Center,NC,North Carolina,no_flooding,4.59,ft,-999,kcfs,RAH,Raleigh
DACG1,34.01027778,-83.89416667,8/12/2025 10:00 AM,Apalachee River near Fence Road near Dacula,No change,0,Southeast River Forecast Center,GA,Georgia,no_flooding,0.41,ft,0.0017,kcfs,FFC,Peachtree City
LOGG1,33.82138889,-83.9425,8/12/2025 10:00 AM,Brushy Fork Creek at Beaver Road near Loganville,Rising,0.01,Southeast River Forecast Center,GA,Georgia,no_flooding,1.43,ft,0.0018,kcfs,FFC,Peachtree City
MHTT1,35.887222,-84.323333,8/12/2025 10:00 AM,Clinch River below Melton Hill Dam,Falling,-0.09,Lower Mississippi River Forecast Center,TN,Tennessee,no_flooding,740.8,ft,-999,kcfs,MRX,Morristown
PNFG1,33.72111111,-83.29555556,8/12/2025 10:00 AM,Oconee River near Penfield,No change,0,Southeast River Forecast Center,GA,Georgia,no_flooding,5.19,ft,1.02,kcfs,FFC,Peachtree City
SIMS1,34.65277778,-82.29777778,8/12/2025 10:00 AM,Reedy River near Highway 418,Falling,-0.22,Southeast River Forecast Center,SC,South Carolina,no_flooding,6.19,ft,0.261,kcfs,GSP,Greer
STPN7,34.83472222,-78.82416667,8/12/2025 10:00 AM,Cape Fear River at W.O. Huske Lock,No change,0,Southeast River Forecast Center,NC,North Carolina,no_flooding,38.14,ft,10.8,kcfs,ILM,Wilmington
AANG1,33.82030556,-84.40763889,8/12/2025 10:00 AM,Peachtree Creek at Atlanta,Falling,-0.03,Southeast River Forecast Center,GA,Georgia,no_flooding,2.48,ft,0.0491,kcfs,FFC,Peachtree City
CMDS1,34.24444444,-80.65416667,8/12/2025 10:00 AM,Wateree River near Camden,Rising,0.12,Southeast River Forecast Center,SC,South Carolina,no_flooding,13.65,ft,9.29,kcfs,CAE,West Columbia
CYNG1,34.81388889,-83.30611111,8/12/2025 10:00 AM,Chattooga River at Hwy 76,Rising,0.02,Southeast River Forecast Center,GA,Georgia,no_flooding,1.65,ft,0.434,kcfs,GSP,Greer
DICG1,34.07138889,-84.13027778,8/12/2025 10:00 AM,Dick Creek at Old Atlanta Road near Suwanee,Falling,-0.02,Southeast River Forecast Center,GA,Georgia,no_flooding,5.81,ft,0.411,kcfs,FFC,Peachtree City
DWLG1,34.3794444,-84.0647,8/12/2025 10:00 AM,Etowah River  0.2 mi downstream GA 53 near Dawsonville,Rising,0.01,Southeast River Forecast Center,GA,Georgia,no_flooding,3.89,ft,-999,kcfs,FFC,Peachtree City
DWSG1,34.35805556,-84.11333333,8/12/2025 10:00 AM,Etowah River at GA 9 near Dawsonville,Rising,0.01,Southeast River Forecast Center,GA,Georgia,no_flooding,3.93,ft,0.147,kcfs,FFC,Peachtree City
EMCS1,34.645,-82.80055556,8/12/2025 10:00 AM,Eighteen Mile Creek below Pendleton,No change,0,Southeast River Forecast Center,SC,South Carolina,no_flooding,4.4,ft,-999,kcfs,GSP,Greer
ETNG1,34.8275,-84.8509722,8/12/2025 10:00 AM,Conasauga River at GA 286 near Eton,No change,0,Southeast River Forecast Center,GA,Georgia,no_flooding,2.6,ft,0.108,kcfs,FFC,Peachtree City
HDCG1,34.70083333,-83.72944444,8/12/2025 10:00 AM,Chattahoochee River at Helen,Rising,0.01,Southeast River Forecast Center,GA,Georgia,no_flooding,0.66,ft,0.0712,kcfs,FFC,Peachtree City
HLCG1,34.265,-84.47388889,8/12/2025 10:00 AM,Hickory Log Creek near Canton,No change,0,Southeast River Forecast Center,GA,Georgia,no_flooding,0.86,ft,-999,kcfs,FFC,Peachtree City
MARN7,35.786389,-82.660833,8/12/2025 10:00 AM,"French Broad River above Rollins Rd, 1 SE Marshall",No change,0,Lower Mississippi River Forecast Center,NC,North Carolina,no_flooding,2.14,ft,1.72,kcfs,GSP,Greer
SMAG1,33.89361111,-84.45777778,8/12/2025 10:00 AM,Rottenwood Creek at Interstate North Parkway near Smyrna,Falling,-0.01,Southeast River Forecast Center,GA,Georgia,no_flooding,2.4,ft,0.0168,kcfs,FFC,Peachtree City
TAPN7,35.43833333,-83.91888889,8/12/2025 10:00 AM,Cheoah river near Tapoco,No change,0,Lower Mississippi River Forecast Center,NC,North Carolina,no_flooding,2.83,ft,0.151,kcfs,GSP,Greer
WRLS1,34.39138889,-82.13944444,8/12/2025 10:00 AM,Reedy River above Waterloo,No change,0,Southeast River Forecast Center,SC,South Carolina,no_flooding,4.83,ft,0.213,kcfs,GSP,Greer
BCFN7,35.044521,-78.890172,8/12/2025 10:00 AM,Blounts Creek at Winslow St at Fayetteville,Falling,-0.07,Southeast River Forecast Center,NC,North Carolina,no_flooding,4.2,ft,-999,kcfs,RAH,Raleigh
CHEN7,35.44777778,-83.93888889,8/12/2025 10:00 AM,Little Tennessee River at Cheoah Dam,Rising,0.01,Lower Mississippi River Forecast Center,NC,North Carolina,no_flooding,1150.31,ft,-999,kcfs,GSP,Greer
MBHG1,33.72916667,-83.93722222,8/12/2025 10:00 AM,Big Haynes Creek at Jack Turner Dam near Milstead,Rising,0.01,Southeast River Forecast Center,GA,Georgia,no_flooding,2.61,ft,0.0625,kcfs,FFC,Peachtree City
OAKT1,35.9831307,-84.557992,8/12/2025 10:00 AM,Emory River at Oakdale,No change,0,Lower Mississippi River Forecast Center,TN,Tennessee,no_flooding,2.3,ft,0.0799,kcfs,MRX,Morristown
SRCS1,34.52,-82.15722222,8/12/2025 10:00 AM,South Rabon Creek near Gray Court,Falling,-0.01,Southeast River Forecast Center,SC,South Carolina,no_flooding,0.12,ft,-999,kcfs,GSP,Greer
BCRS1,34.24361111,-79.745,8/12/2025 10:00 AM,Black Creek (SC) near Quinby,Falling,-0.02,Southeast River Forecast Center,SC,South Carolina,no_flooding,5.39,ft,0.474,kcfs,ILM,Wilmington
BDMS1,34.9868083,-81.00833889,8/12/2025 10:00 AM,Big Dutchman Creek at Rock Hill,Rising,0.54,Southeast River Forecast Center,SC,South Carolina,no_flooding,2.65,ft,0.111,kcfs,GSP,Greer
BVDG1,34.16861111,-82.89666667,8/12/2025 10:00 AM,Beaverdam Creek above Elberton,No change,0,Southeast River Forecast Center,GA,Georgia,no_flooding,2.08,ft,0.0158,kcfs,GSP,Greer
DLNG1,34.78844444,-84.9750278,8/12/2025 10:00 AM,Mill Creek at Dalton,No change,0,Southeast River Forecast Center,GA,Georgia,no_flooding,4.32,ft,0.0191,kcfs,FFC,Peachtree City
EFDN7,36.15083333,-77.69305556,8/12/2025 10:00 AM,Fishing Creek near Enfield,Rising,0.01,Southeast River Forecast Center,NC,North Carolina,no_flooding,4.09,ft,0.223,kcfs,RAH,Raleigh
GALS1,34.05694444,-79.24722222,8/12/2025 10:00 AM,Little Pee Dee River near Galivants Ferry,Falling,-0.01,Southeast River Forecast Center,SC,South Carolina,action,8.01,ft,3.14,kcfs,ILM,Wilmington
HALV2,36.77638889,-78.91611111,8/12/2025 10:00 AM,Banister River at Halifax,Falling,-0.02,Southeast River Forecast Center,VA,Virginia,no_flooding,3.3,ft,0.185,kcfs,RNK,Blacksburg
HOFN7,35.06055556,-79.49416667,8/12/2025 10:00 AM,Drowning Creek at Hoffman,Rising,0.04,Southeast River Forecast Center,NC,North Carolina,no_flooding,4.07,ft,-999,kcfs,RAH,Raleigh
HOKN7,35.42888889,-77.5825,8/12/2025 10:00 AM,Contentnea Creek at Hookerton,Rising,0.1,Southeast River Forecast Center,NC,North Carolina,no_flooding,11.28,ft,1.44,kcfs,MHX,Newport
HWDS1,34.50833333,-82.85527778,8/12/2025 10:00 AM,Savannah River at Lake Hartwell,No change,0,Southeast River Forecast Center,SC,South Carolina,no_flooding,658.17,ft,-999,kcfs,GSP,Greer
KGTG1,34.20888889,-84.97861111,8/12/2025 10:00 AM,Etowah River near Kingston,Falling,-0.15,Southeast River Forecast Center,GA,Georgia,no_flooding,4.63,ft,1.47,kcfs,FFC,Peachtree City
REDN7,36.175,-81.16888889,8/12/2025 10:00 AM,Reddies River at N. Wilkesboro,Falling,-0.01,Southeast River Forecast Center,NC,North Carolina,no_flooding,1.29,ft,0.105,kcfs,RNK,Blacksburg
RHIS1,34.98472222,-80.97416667,8/12/2025 10:00 AM,Catawba River above  Rock Hill,Rising,0.03,Southeast River Forecast Center,SC,South Carolina,no_flooding,3.8,ft,1.63,kcfs,GSP,Greer
STRS1,34.38305556,-82.5775,8/12/2025 10:00 AM,Rocky River SC near Starr,No change,0,Southeast River Forecast Center,SC,South Carolina,no_flooding,3.95,ft,0.121,kcfs,GSP,Greer
TIGT1,35.8078,-83.5879,8/12/2025 10:00 AM,Waldens Creek 2NW Pigeon Forge (Tiger Drive),Falling,-0.02,Lower Mississippi River Forecast Center,TN,Tennessee,no_flooding,2.37,ft,-999,kcfs,MRX,Morristown
TLRT1,35.36194444,-84.27916667,8/12/2025 10:00 AM,Tellico River near Tellico Plains,Rising,0.02,Lower Mississippi River Forecast Center,TN,Tennessee,no_flooding,0.96,ft,0.097,kcfs,MRX,Morristown
TUGG1,34.71166667,-83.35138889,8/12/2025 10:00 AM,Tallulah River at TUGALO DAM,Falling,-0.04,Southeast River Forecast Center,GA,Georgia,no_flooding,890.13,ft,-999,kcfs,GSP,Greer
BCGN7,35.12713056,-78.9748306,8/12/2025 10:00 AM,Beaver Creek at Gruber Road at Fort Bragg,Falling,-0.02,Southeast River Forecast Center,NC,North Carolina,no_flooding,6.95,ft,-999,kcfs,RAH,Raleigh
BIRN7,35.461389,-83.353611,8/12/2025 10:00 AM,"Oconaluftee River below Contesky Dr, in Birdtown",No change,0,Lower Mississippi River Forecast Center,NC,North Carolina,no_flooding,1.75,ft,0.448,kcfs,GSP,Greer
BRBN7,35.71777778,-80.59583333,8/12/2025 10:00 AM,N Second Creek above Statesville Blvd (US 70) 4 S Woodleaf,Falling,-0.12,Southeast River Forecast Center,NC,North Carolina,no_flooding,3.72,ft,0.28,kcfs,GSP,Greer
EDSN7,36.52555556,-79.76555556,8/12/2025 10:00 AM,Smith River at Eden,No change,0,Southeast River Forecast Center,NC,North Carolina,no_flooding,2.58,ft,0.461,kcfs,RNK,Blacksburg
ERRG1,34.25638889,-85.15055556,8/12/2025 10:00 AM,Etowah River at Coosa Valley Fairgrounds at Rome,Rising,0.06,Southeast River Forecast Center,GA,Georgia,no_flooding,4.61,ft,-999,kcfs,FFC,Peachtree City
NFPG1,33.90583333,-84.225,8/12/2025 10:00 AM,North Fork Peachtree Creek at Graves Road near Norcross,Falling,-0.01,Southeast River Forecast Center,GA,Georgia,no_flooding,1.55,ft,-999,kcfs,FFC,Peachtree City
NICG1,33.80333333,-84.52138889,8/12/2025 10:00 AM,Nickajack Creek at US Highway 78 and 278 near Mableton,Falling,-0.01,Southeast River Forecast Center,GA,Georgia,no_flooding,1.47,ft,0.0017,kcfs,FFC,Peachtree City
OCTT1,35.0966,-84.6541,8/12/2025 10:00 AM,Ocoee Dam #1 Tailwater at Parksville,Falling,-0.01,Lower Mississippi River Forecast Center,TN,Tennessee,no_flooding,713.11,ft,-999,kcfs,MRX,Morristown
BIGG1,33.81527778,-83.99013889,8/12/2025 10:00 AM,Big Haynes Creek at Lenora Road near Snellville,Falling,-0.02,Southeast River Forecast Center,GA,Georgia,no_flooding,3.05,ft,0.015,kcfs,FFC,Peachtree City
BLAS1,35.137628,-81.597906,8/12/2025 10:00 AM,"Broad River at Gaston Shoals Reservoir/Gaston Shoals Dam, 5 WNW Blacksburg",Falling,-0.2,Southeast River Forecast Center,SC,South Carolina,no_flooding,97.81,ft,-999,kcfs,GSP,Greer
CRCT1,36.37972222,-83.04666667,8/12/2025 10:00 AM,Crockett Creek below Rogersville,Falling,-0.01,Lower Mississippi River Forecast Center,TN,Tennessee,no_flooding,0.59,ft,0.0006,kcfs,MRX,Morristown
DLBG1,34.62916667,-84.91722222,8/12/2025 10:00 AM,Conasauga River at Sloan Bridge below Dalton,No change,0,Southeast River Forecast Center,GA,Georgia,no_flooding,0.15,ft,-999,kcfs,FFC,Peachtree City
FONN7,35.45055556,-83.80555556,8/12/2025 10:00 AM,Little Tennessee River at FONTANA DAM TVA,Rising,0.01,Lower Mississippi River Forecast Center,NC,North Carolina,no_flooding,1699.66,ft,-999,kcfs,GSP,Greer
KINS1,33.66111111,-79.83611111,8/12/2025 10:00 AM,Black River at Kingstree,Rising,0.01,Southeast River Forecast Center,SC,South Carolina,no_flooding,5.13,ft,0.31,kcfs,ILM,Wilmington
LNGS1,33.9125,-78.71527778,8/12/2025 10:00 AM,Waccamaw River at Longs,Rising,0.02,Southeast River Forecast Center,SC,South Carolina,action,11.92,ft,5.51,kcfs,ILM,Wilmington
MCKN7,35.845,-80.658889,8/12/2025 10:00 AM,"S Yadkin River below Foster Rd, 6 SW Mocksville",Rising,0.02,Southeast River Forecast Center,NC,North Carolina,no_flooding,3.09,ft,0.337,kcfs,GSP,Greer
MODS1,33.72916667,-82.18194444,8/12/2025 10:00 AM,Stevens Creek near Modoc,Rising,0.13,Southeast River Forecast Center,SC,South Carolina,no_flooding,3.96,ft,0.538,kcfs,CAE,West Columbia
NICS1,34.225833,-79.13444,8/12/2025 10:00 AM,Lumber River near Nichols,No change,0,Southeast River Forecast Center,SC,South Carolina,action,18.14,ft,2.62,kcfs,ILM,Wilmington
PDES1,34.20416667,-79.54861111,8/12/2025 10:00 AM,Pee Dee River at Pee Dee,Falling,-0.1,Southeast River Forecast Center,SC,South Carolina,no_flooding,10.21,ft,6.82,kcfs,ILM,Wilmington
RBDS1,34.10111111,-82.61805556,8/12/2025 10:00 AM,Russell Lake near Savannah River,Rising,0.02,Southeast River Forecast Center,SC,South Carolina,no_flooding,473.04,ft,-999,kcfs,GSP,Greer
RRDN7,36.46027778,-77.63444444,8/12/2025 10:00 AM,Roanoke River at Roanoke Rapids,Rising,0.01,Southeast River Forecast Center,NC,North Carolina,no_flooding,3.42,ft,2.74,kcfs,RAH,Raleigh
RWLG1,33.98583333,-84.31611111,8/12/2025 10:00 AM,Chattahoochee River above Roswell,Falling,-0.16,Southeast River Forecast Center,GA,Georgia,no_flooding,4.47,ft,2.57,kcfs,FFC,Peachtree City
TERG1,34.7656,-83.41673,8/12/2025 10:00 AM,Tallulah River at MATHIS-TERRORA DAM,Falling,-0.01,Southeast River Forecast Center,GA,Georgia,no_flooding,1688.76,ft,-999,kcfs,GSP,Greer
BADN7,35.41959,-80.09255,8/12/2025 10:00 AM,Yadkin River at Badin Lake,Rising,0.01,Southeast River Forecast Center,NC,North Carolina,no_flooding,540.6,ft,-999,kcfs,RAH,Raleigh
BLTN7,35.568333,-82.544722,8/12/2025 10:00 AM,"Swannanoa River below Hendersonville Rd (NC 81), in Biltmore Village (2 S Asheville)",No change,0,Lower Mississippi River Forecast Center,NC,North Carolina,no_flooding,1.62,ft,0.0775,kcfs,GSP,Greer
CSQG1,34.61861111,-83.52888889,8/12/2025 10:00 AM,Soque River at GA 197 NR Clarkesville,Rising,0.01,Southeast River Forecast Center,GA,Georgia,no_flooding,4.11,ft,0.158,kcfs,GSP,Greer
CTBS1,34.83611111,-80.87972222,8/12/2025 10:00 AM,Catawba River above Catawba,Falling,-0.17,Southeast River Forecast Center,SC,South Carolina,no_flooding,8.27,ft,7.06,kcfs,GSP,Greer
GADS1,33.81055556,-80.86722222,8/12/2025 10:00 AM,Congaree River at Congaree National Park,Rising,0.03,Southeast River Forecast Center,SC,South Carolina,no_flooding,9.83,ft,10.9,kcfs,CAE,West Columbia
HOLG1,34.71666667,-84.77,8/12/2025 10:00 AM,Holly Creek near Chatsworth,Rising,0.17,Southeast River Forecast Center,GA,Georgia,no_flooding,2.22,ft,0.0706,kcfs,FFC,Peachtree City
KTRG1,34.24277778,-84.88972222,8/12/2025 10:00 AM,Two Run Creek near Kingston,No change,0,Southeast River Forecast Center,GA,Georgia,no_flooding,1.21,ft,0.0066,kcfs,FFC,Peachtree City
MTCS1,34.07138889,-82.50083333,8/12/2025 10:00 AM,Little River near Mt Carmel,Falling,-0.02,Southeast River Forecast Center,SC,South Carolina,no_flooding,11.03,ft,2.41,kcfs,GSP,Greer
PACG1,34.16194444,-83.525,8/12/2025 10:00 AM,Parks Creek at Lyle Field Road near Jefferson,No change,0,Southeast River Forecast Center,GA,Georgia,no_flooding,2.97,ft,-999,kcfs,FFC,Peachtree City
PAMN7,35.54333333,-77.06194444,8/12/2025 10:00 AM,Pamlico River at Washington (in MLLW),Rising,0.16,Southeast River Forecast Center,NC,North Carolina,no_flooding,3.01,ft,-999,kcfs,MHX,Newport
PCTG1,33.7759722,-84.4406111,8/12/2025 10:00 AM,Proctor Creek near Atlanta,No change,0,Southeast River Forecast Center,GA,Georgia,no_flooding,1.21,ft,0.0021,kcfs,FFC,Peachtree City
PGVN7,35.61666667,-77.37277778,8/12/2025 10:00 AM,Tar River at Greenville,Falling,-0.1,Southeast River Forecast Center,NC,North Carolina,no_flooding,7.73,ft,3.24,kcfs,MHX,Newport
RDBG1,34.56416667,-84.83305556,8/12/2025 10:00 AM,Coosawattee River near Pine Chapel / Redbud,No change,0,Southeast River Forecast Center,GA,Georgia,no_flooding,5.06,ft,0.729,kcfs,FFC,Peachtree City
TIGG1,34.79472222,-83.54027778,8/12/2025 10:00 AM,Tallulah River at BURTON DAM,Falling,-0.01,Southeast River Forecast Center,GA,Georgia,no_flooding,1865.14,ft,-999,kcfs,GSP,Greer
CCKV2,36.64583333,-80.91944444,8/12/2025 10:00 AM,Chestnut Creek at Galax,No change,0,Ohio River Forecast Center,VA,Virginia,no_flooding,1.64,ft,0.0671,kcfs,RNK,Blacksburg
CHAG1,33.81694444,-84.48,8/12/2025 10:00 AM,Chattahoochee River at GA 280 near Atlanta,Falling,-0.19,Southeast River Forecast Center,GA,Georgia,no_flooding,6.23,ft,2.25,kcfs,FFC,Peachtree City
CRLT1,36.168,-83.5041,8/12/2025 10:00 AM,Holston River below Cherokee Dam,Rising,0.05,Lower Mississippi River Forecast Center,TN,Tennessee,no_flooding,926.14,ft,-999,kcfs,MRX,Morristown
CSFS1,34.63194444,-80.18138889,8/12/2025 10:00 AM,Black Creek (SC) below Chesterfield,Falling,-0.03,Southeast River Forecast Center,SC,South Carolina,no_flooding,7.37,ft,-999,kcfs,CAE,West Columbia
EFFS1,34.05138889,-79.75416667,8/12/2025 10:00 AM,Lynches River at Effingham,Falling,-0.01,Southeast River Forecast Center,SC,South Carolina,no_flooding,8.09,ft,1.42,kcfs,ILM,Wilmington
FAYN7,35.04722,-78.85805,8/12/2025 10:00 AM,Cape Fear River at Fayetteville,Rising,0.03,Southeast River Forecast Center,NC,North Carolina,no_flooding,19.71,ft,11.9,kcfs,RAH,Raleigh
GILS1,33.98944444,-80.97444444,8/12/2025 10:00 AM,Gills Creek at Columbia,No change,0,Southeast River Forecast Center,SC,South Carolina,no_flooding,1.59,ft,0.0288,kcfs,CAE,West Columbia
NEPT1,35.96055556,-83.17444444,8/12/2025 10:00 AM,Pigeon River at Newport,Falling,-0.34,Lower Mississippi River Forecast Center,TN,Tennessee,no_flooding,3.72,ft,1.02,kcfs,MRX,Morristown
SDRV2,36.61944444,-79.50444444,8/12/2025 10:00 AM,Sandy River near Danville,Rising,0.01,Southeast River Forecast Center,VA,Virginia,no_flooding,1.26,ft,0.0434,kcfs,RNK,Blacksburg
SFMG1,33.66611111,-84.22472222,8/12/2025 10:00 AM,South River at Flakes Mill Road near Snapfinger,Falling,-0.02,Southeast River Forecast Center,GA,Georgia,no_flooding,2.5,ft,0.0579,kcfs,FFC,Peachtree City
TOMN7,34.75472222,-78.28916667,8/12/2025 10:00 AM,Black River near Tomahawk,Rising,0.01,Southeast River Forecast Center,NC,North Carolina,no_flooding,9.85,ft,1.74,kcfs,RAH,Raleigh
WLBK2,36.74333333,-84.15611111,8/12/2025 10:00 AM,Cumberland River at Williamsburg,No change,0,Ohio River Forecast Center,KY,Kentucky,no_flooding,3.39,ft,0.537,kcfs,JKL,Jackson
YNHG1,34.67972222,-83.33,8/12/2025 10:00 AM,Tugalo River at YONAH DAM,Falling,-0.18,Southeast River Forecast Center,GA,Georgia,no_flooding,743.25,ft,-999,kcfs,GSP,Greer
CCKS1,33.81611111,-80.8275,8/12/2025 10:00 AM,Cedar Creek (Richland County) at Congaree NP Near Gadsden SC,Falling,-0.04,Southeast River Forecast Center,SC,South Carolina,no_flooding,7.02,ft,-999,kcfs,CAE,West Columbia
CTVG1,34.14277778,-84.83916667,8/12/2025 10:00 AM,Etowah River at GA 61 near Cartersville,Falling,-0.03,Southeast River Forecast Center,GA,Georgia,no_flooding,4.97,ft,0.456,kcfs,FFC,Peachtree City
DGTT1,35.957778,-83.546389,8/12/2025 10:00 AM,French Broad River below Douglas Dam,Falling,-0.69,Lower Mississippi River Forecast Center,TN,Tennessee,no_flooding,868.82,ft,-999,kcfs,MRX,Morristown
EZBT1,36.3559188,-82.2235467,8/12/2025 10:00 AM,Watauga River at Elizabethton,Falling,-0.03,Lower Mississippi River Forecast Center,TN,Tennessee,no_flooding,2.98,ft,0.378,kcfs,MRX,Morristown
LABN7,35.42055556,-81.26527778,8/12/2025 10:00 AM,South Fork Catawba River near Laboratory,Falling,-0.01,Southeast River Forecast Center,NC,North Carolina,no_flooding,3.01,ft,0.594,kcfs,GSP,Greer
MIDN7,35.57083,-78.59056,8/12/2025 10:00 AM,Middle Creek near Clayton,Rising,0.04,Southeast River Forecast Center,NC,North Carolina,no_flooding,1.97,ft,-999,kcfs,RAH,Raleigh
NNRS1,35.03166667,-81.49361111,8/12/2025 10:00 AM,Broad River in NC/SC at Ninety Nine Islands Dam,Falling,-0.21,Southeast River Forecast Center,SC,South Carolina,no_flooding,102.22,ft,-999,kcfs,GSP,Greer
SEET1,35.58138889,-84.74805556,8/12/2025 10:00 AM,Sewee Creek at Decatur 5NE,No change,0,Lower Mississippi River Forecast Center,TN,Tennessee,no_flooding,0.29,ft,0.0877,kcfs,MRX,Morristown
WBTT1,35.608889,-84.778056,8/12/2025 10:00 AM,Tennessee River below Watts Bar Dam,Rising,0.1,Lower Mississippi River Forecast Center,TN,Tennessee,no_flooding,682.66,ft,-999,kcfs,MRX,Morristown
WCCS1,34.88927778,-81.0686944,8/12/2025 10:00 AM,Wildcat Creek below Rock Hill,Rising,0.35,Southeast River Forecast Center,SC,South Carolina,no_flooding,4.32,ft,0.23,kcfs,GSP,Greer
WLSS1,34.61472222,-82.44416667,8/12/2025 10:00 AM,Saluda River near WILLIAMSTON,No change,0,Southeast River Forecast Center,SC,South Carolina,no_flooding,4.58,ft,0.663,kcfs,GSP,Greer
WLVT1,35.7697,-83.6542,8/12/2025 10:00 AM,Waldens Creek 6WSW Pigeon Forge (Little Valley),No change,0,Lower Mississippi River Forecast Center,TN,Tennessee,no_flooding,1.03,ft,-999,kcfs,MRX,Morristown
CODN7,35.50388889,-80.73638889,8/12/2025 10:00 AM,Coddle Creek at SR 1612 NR DAVIDSON,Falling,-0.01,Southeast River Forecast Center,NC,North Carolina,no_flooding,2.13,ft,0.0364,kcfs,GSP,Greer
SBNV2,36.69333333,-78.90055556,8/12/2025 10:00 AM,Dan River at South Boston,No change,0,Southeast River Forecast Center,VA,Virginia,no_flooding,6.92,ft,1.33,kcfs,RNK,Blacksburg
SCON7,36.20916667,-77.38388889,8/12/2025 10:00 AM,Roanoke River near Scotland Neck,Rising,0.01,Southeast River Forecast Center,NC,North Carolina,no_flooding,12.66,ft,7.36,kcfs,RAH,Raleigh
BCFN7,35.044521,-78.890172,8/12/2025 10:00 AM,Blounts Creek at Winslow St at Fayetteville,Falling,-0.07,Southeast River Forecast Center,NC,North Carolina,no_flooding,4.2,ft,-999,kcfs,RAH,Raleigh
CHEN7,35.44777778,-83.93888889,8/12/2025 10:00 AM,Little Tennessee River at Cheoah Dam,Rising,0.01,Lower Mississippi River Forecast Center,NC,North Carolina,no_flooding,1150.31,ft,-999,kcfs,GSP,Greer
MBHG1,33.72916667,-83.93722222,8/12/2025 10:00 AM,Big Haynes Creek at Jack Turner Dam near Milstead,Rising,0.01,Southeast River Forecast Center,GA,Georgia,no_flooding,2.61,ft,0.0625,kcfs,FFC,Peachtree City
OAKT1,35.9831307,-84.557992,8/12/2025 10:00 AM,Emory River at Oakdale,No change,0,Lower Mississippi River Forecast Center,TN,Tennessee,no_flooding,2.3,ft,0.0799,kcfs,MRX,Morristown
SRCS1,34.52,-82.15722222,8/12/2025 10:00 AM,South Rabon Creek near Gray Court,Falling,-0.01,Southeast River Forecast Center,SC,South Carolina,no_flooding,0.12,ft,-999,kcfs,GSP,Greer
THPN7,35.19666667,-83.15277778,8/12/2025 10:00 AM,West Fork Tuckasegee River at Thorpe Dam,No change,0,Lower Mississippi River Forecast Center,NC,North Carolina,no_flooding,94.61,ft,-999,kcfs,GSP,Greer
WATS1,34.33472222,-80.70305556,8/12/2025 10:00 AM,Wateree River at Lake Wateree Dam,Rising,0.03,Southeast River Forecast Center,SC,South Carolina,no_flooding,97.73,ft,-999,kcfs,CAE,West Columbia
BCRS1,34.24361111,-79.745,8/12/2025 10:00 AM,Black Creek (SC) near Quinby,Falling,-0.02,Southeast River Forecast Center,SC,South Carolina,no_flooding,5.39,ft,0.474,kcfs,ILM,Wilmington
BDMS1,34.9868083,-81.00833889,8/12/2025 10:00 AM,Big Dutchman Creek at Rock Hill,Rising,0.54,Southeast River Forecast Center,SC,South Carolina,no_flooding,2.65,ft,0.111,kcfs,GSP,Greer
BVDG1,34.16861111,-82.89666667,8/12/2025 10:00 AM,Beaverdam Creek above Elberton,No change,0,Southeast River Forecast Center,GA,Georgia,no_flooding,2.08,ft,0.0158,kcfs,GSP,Greer
DLNG1,34.78844444,-84.9750278,8/12/2025 10:00 AM,Mill Creek at Dalton,No change,0,Southeast River Forecast Center,GA,Georgia,no_flooding,4.32,ft,0.0191,kcfs,FFC,Peachtree City
EFDN7,36.15083333,-77.69305556,8/12/2025 10:00 AM,Fishing Creek near Enfield,Rising,0.01,Southeast River Forecast Center,NC,North Carolina,no_flooding,4.09,ft,0.223,kcfs,RAH,Raleigh
GALS1,34.05694444,-79.24722222,8/12/2025 10:00 AM,Little Pee Dee River near Galivants Ferry,Falling,-0.01,Southeast River Forecast Center,SC,South Carolina,action,8.01,ft,3.14,kcfs,ILM,Wilmington
HALV2,36.77638889,-78.91611111,8/12/2025 10:00 AM,Banister River at Halifax,Falling,-0.02,Southeast River Forecast Center,VA,Virginia,no_flooding,3.3,ft,0.185,kcfs,RNK,Blacksburg
HOFN7,35.06055556,-79.49416667,8/12/2025 10:00 AM,Drowning Creek at Hoffman,Rising,0.04,Southeast River Forecast Center,NC,North Carolina,no_flooding,4.07,ft,-999,kcfs,RAH,Raleigh
HOKN7,35.42888889,-77.5825,8/12/2025 10:00 AM,Contentnea Creek at Hookerton,Rising,0.1,Southeast River Forecast Center,NC,North Carolina,no_flooding,11.28,ft,1.44,kcfs,MHX,Newport
HWDS1,34.50833333,-82.85527778,8/12/2025 10:00 AM,Savannah River at Lake Hartwell,No change,0,Southeast River Forecast Center,SC,South Carolina,no_flooding,658.17,ft,-999,kcfs,GSP,Greer
KGTG1,34.20888889,-84.97861111,8/12/2025 10:00 AM,Etowah River near Kingston,Falling,-0.15,Southeast River Forecast Center,GA,Georgia,no_flooding,4.63,ft,1.47,kcfs,FFC,Peachtree City
REDN7,36.175,-81.16888889,8/12/2025 10:00 AM,Reddies River at N. Wilkesboro,Falling,-0.01,Southeast River Forecast Center,NC,North Carolina,no_flooding,1.29,ft,0.105,kcfs,RNK,Blacksburg
RHIS1,34.98472222,-80.97416667,8/12/2025 10:00 AM,Catawba River above  Rock Hill,Rising,0.03,Southeast River Forecast Center,SC,South Carolina,no_flooding,3.8,ft,1.63,kcfs,GSP,Greer
TLRT1,35.36194444,-84.27916667,8/12/2025 10:00 AM,Tellico River near Tellico Plains,Rising,0.02,Lower Mississippi River Forecast Center,TN,Tennessee,no_flooding,0.96,ft,0.097,kcfs,MRX,Morristown
BCGN7,35.12713056,-78.9748306,8/12/2025 10:00 AM,Beaver Creek at Gruber Road at Fort Bragg,Falling,-0.02,Southeast River Forecast Center,NC,North Carolina,no_flooding,6.95,ft,-999,kcfs,RAH,Raleigh
BIRN7,35.461389,-83.353611,8/12/2025 10:00 AM,"Oconaluftee River below Contesky Dr, in Birdtown",No change,0,Lower Mississippi River Forecast Center,NC,North Carolina,no_flooding,1.75,ft,0.448,kcfs,GSP,Greer
BRBN7,35.71777778,-80.59583333,8/12/2025 10:00 AM,N Second Creek above Statesville Blvd (US 70) 4 S Woodleaf,Falling,-0.12,Southeast River Forecast Center,NC,North Carolina,no_flooding,3.72,ft,0.28,kcfs,GSP,Greer
EDSN7,36.52555556,-79.76555556,8/12/2025 10:00 AM,Smith River at Eden,No change,0,Southeast River Forecast Center,NC,North Carolina,no_flooding,2.58,ft,0.461,kcfs,RNK,Blacksburg
ERRG1,34.25638889,-85.15055556,8/12/2025 10:00 AM,Etowah River at Coosa Valley Fairgrounds at Rome,Rising,0.06,Southeast River Forecast Center,GA,Georgia,no_flooding,4.61,ft,-999,kcfs,FFC,Peachtree City
NFPG1,33.90583333,-84.225,8/12/2025 10:00 AM,North Fork Peachtree Creek at Graves Road near Norcross,Falling,-0.01,Southeast River Forecast Center,GA,Georgia,no_flooding,1.55,ft,-999,kcfs,FFC,Peachtree City
NICG1,33.80333333,-84.52138889,8/12/2025 10:00 AM,Nickajack Creek at US Highway 78 and 278 near Mableton,Falling,-0.01,Southeast River Forecast Center,GA,Georgia,no_flooding,1.47,ft,0.0017,kcfs,FFC,Peachtree City
OCTT1,35.0966,-84.6541,8/12/2025 10:00 AM,Ocoee Dam #1 Tailwater at Parksville,Falling,-0.01,Lower Mississippi River Forecast Center,TN,Tennessee,no_flooding,713.11,ft,-999,kcfs,MRX,Morristown
WCDN7,35.22166667,-83,8/12/2025 10:00 AM,Wolf Creek (NC) at WOLF CREEK DAM,Rising,0.08,Lower Mississippi River Forecast Center,NC,North Carolina,no_flooding,92.81,ft,-999,kcfs,GSP,Greer
ASTG1,33.72105556,-84.6149167,8/12/2025 10:00 AM,Sweetwater Creek below Austell,No change,0,Southeast River Forecast Center,GA,Georgia,no_flooding,1.11,ft,0.0558,kcfs,FFC,Peachtree City
BRTG1,34.35222222,-84.20638889,8/12/2025 10:00 AM,Etowah River at Kelly Bridge Road near Matt,No change,0,Southeast River Forecast Center,GA,Georgia,no_flooding,1.47,ft,-999,kcfs,FFC,Peachtree City
BTCG1,34.01694444,-84.64333333,8/12/2025 10:00 AM,Butler Creek at Mack Dobbs Road near Kennesaw,Falling,-0.02,Southeast River Forecast Center,GA,Georgia,no_flooding,2.31,ft,0,kcfs,FFC,Peachtree City
ENNN7,36.13194444,-80.44416667,8/12/2025 10:00 AM,Yadkin River at Enon,No change,0,Southeast River Forecast Center,NC,North Carolina,no_flooding,3.16,ft,1.32,kcfs,RAH,Raleigh
NOCG1,33.96972222,-83.3775,8/12/2025 10:00 AM,North Oconee River at College Street at Athens,Falling,-0.01,Southeast River Forecast Center,GA,Georgia,no_flooding,4.83,ft,0.218,kcfs,FFC,Peachtree City
NRTT1,36.220833,-84.090278,8/12/2025 10:00 AM,Clinch River below Norris Dam,Rising,0.06,Lower Mississippi River Forecast Center,TN,Tennessee,no_flooding,827.1,ft,-999,kcfs,MRX,Morristown
OTKG1,34.49555556,-84.96527778,8/12/2025 10:00 AM,Oothkalooga Creek at GA 53 Spur at Calhoun,No change,0,Southeast River Forecast Center,GA,Georgia,no_flooding,7.14,ft,0.025,kcfs,FFC,Peachtree City
PING1,34.57638889,-84.86027778,8/12/2025 10:00 AM,Coosawattee River at Pine Chapel Road near Resaca,Rising,0.01,Southeast River Forecast Center,GA,Georgia,no_flooding,2.14,ft,-999,kcfs,FFC,Peachtree City
SNTN7,35.38333333,-83.88333333,8/12/2025 10:00 AM,Cheoah river above SANTEETLAH DAM,No change,0,Lower Mississippi River Forecast Center,NC,North Carolina,no_flooding,1814.84,ft,-999,kcfs,GSP,Greer
WLLN7,35.85972222,-77.04027778,8/12/2025 10:00 AM,Roanoke River at Williamston,Falling,-0.01,Southeast River Forecast Center,NC,North Carolina,no_flooding,5.6,ft,3.7,kcfs,MHX,Newport
BIGG1,33.81527778,-83.99013889,8/12/2025 10:00 AM,Big Haynes Creek at Lenora Road near Snellville,Falling,-0.02,Southeast River Forecast Center,GA,Georgia,no_flooding,3.05,ft,0.015,kcfs,FFC,Peachtree City
BLAS1,35.137628,-81.597906,8/12/2025 10:00 AM,"Broad River at Gaston Shoals Reservoir/Gaston Shoals Dam, 5 WNW Blacksburg",Falling,-0.2,Southeast River Forecast Center,SC,South Carolina,no_flooding,97.81,ft,-999,kcfs,GSP,Greer
CRCT1,36.37972222,-83.04666667,8/12/2025 10:00 AM,Crockett Creek below Rogersville,Falling,-0.01,Lower Mississippi River Forecast Center,TN,Tennessee,no_flooding,0.59,ft,0.0006,kcfs,MRX,Morristown
DLBG1,34.62916667,-84.91722222,8/12/2025 10:00 AM,Conasauga River at Sloan Bridge below Dalton,No change,0,Southeast River Forecast Center,GA,Georgia,no_flooding,0.15,ft,-999,kcfs,FFC,Peachtree City
FONN7,35.45055556,-83.80555556,8/12/2025 10:00 AM,Little Tennessee River at FONTANA DAM TVA,Rising,0.01,Lower Mississippi River Forecast Center,NC,North Carolina,no_flooding,1699.66,ft,-999,kcfs,GSP,Greer
KINS1,33.66111111,-79.83611111,8/12/2025 10:00 AM,Black River at Kingstree,Rising,0.01,Southeast River Forecast Center,SC,South Carolina,no_flooding,5.13,ft,0.31,kcfs,ILM,Wilmington
LNGS1,33.9125,-78.71527778,8/12/2025 10:00 AM,Waccamaw River at Longs,Rising,0.02,Southeast River Forecast Center,SC,South Carolina,action,11.92,ft,5.51,kcfs,ILM,Wilmington
MCKN7,35.845,-80.658889,8/12/2025 10:00 AM,"S Yadkin River below Foster Rd, 6 SW Mocksville",Rising,0.02,Southeast River Forecast Center,NC,North Carolina,no_flooding,3.09,ft,0.337,kcfs,GSP,Greer
MODS1,33.72916667,-82.18194444,8/12/2025 10:00 AM,Stevens Creek near Modoc,Rising,0.13,Southeast River Forecast Center,SC,South Carolina,no_flooding,3.96,ft,0.538,kcfs,CAE,West Columbia
NICS1,34.225833,-79.13444,8/12/2025 10:00 AM,Lumber River near Nichols,No change,0,Southeast River Forecast Center,SC,South Carolina,action,18.14,ft,2.62,kcfs,ILM,Wilmington
PDES1,34.20416667,-79.54861111,8/12/2025 10:00 AM,Pee Dee River at Pee Dee,Falling,-0.1,Southeast River Forecast Center,SC,South Carolina,no_flooding,10.21,ft,6.82,kcfs,ILM,Wilmington
RBDS1,34.10111111,-82.61805556,8/12/2025 10:00 AM,Russell Lake near Savannah River,Rising,0.02,Southeast River Forecast Center,SC,South Carolina,no_flooding,473.04,ft,-999,kcfs,GSP,Greer
RRDN7,36.46027778,-77.63444444,8/12/2025 10:00 AM,Roanoke River at Roanoke Rapids,Rising,0.01,Southeast River Forecast Center,NC,North Carolina,no_flooding,3.42,ft,2.74,kcfs,RAH,Raleigh
RWLG1,33.98583333,-84.31611111,8/12/2025 10:00 AM,Chattahoochee River above Roswell,Falling,-0.16,Southeast River Forecast Center,GA,Georgia,no_flooding,4.47,ft,2.57,kcfs,FFC,Peachtree City
BADN7,35.41959,-80.09255,8/12/2025 10:00 AM,Yadkin River at Badin Lake,Rising,0.01,Southeast River Forecast Center,NC,North Carolina,no_flooding,540.6,ft,-999,kcfs,RAH,Raleigh
BLTN7,35.568333,-82.544722,8/12/2025 10:00 AM,"Swannanoa River below Hendersonville Rd (NC 81), in Biltmore Village (2 S Asheville)",No change,0,Lower Mississippi River Forecast Center,NC,North Carolina,no_flooding,1.62,ft,0.0775,kcfs,GSP,Greer
CSQG1,34.61861111,-83.52888889,8/12/2025 10:00 AM,Soque River at GA 197 NR Clarkesville,Rising,0.01,Southeast River Forecast Center,GA,Georgia,no_flooding,4.11,ft,0.158,kcfs,GSP,Greer
CTBS1,34.83611111,-80.87972222,8/12/2025 10:00 AM,Catawba River above Catawba,Falling,-0.17,Southeast River Forecast Center,SC,South Carolina,no_flooding,8.27,ft,7.06,kcfs,GSP,Greer
GADS1,33.81055556,-80.86722222,8/12/2025 10:00 AM,Congaree River at Congaree National Park,Rising,0.03,Southeast River Forecast Center,SC,South Carolina,no_flooding,9.83,ft,10.9,kcfs,CAE,West Columbia
HOLG1,34.71666667,-84.77,8/12/2025 10:00 AM,Holly Creek near Chatsworth,Rising,0.17,Southeast River Forecast Center,GA,Georgia,no_flooding,2.22,ft,0.0706,kcfs,FFC,Peachtree City
KTRG1,34.24277778,-84.88972222,8/12/2025 10:00 AM,Two Run Creek near Kingston,No change,0,Southeast River Forecast Center,GA,Georgia,no_flooding,1.21,ft,0.0066,kcfs,FFC,Peachtree City
MTCS1,34.07138889,-82.50083333,8/12/2025 10:00 AM,Little River near Mt Carmel,Falling,-0.02,Southeast River Forecast Center,SC,South Carolina,no_flooding,11.03,ft,2.41,kcfs,GSP,Greer
PACG1,34.16194444,-83.525,8/12/2025 10:00 AM,Parks Creek at Lyle Field Road near Jefferson,No change,0,Southeast River Forecast Center,GA,Georgia,no_flooding,2.97,ft,-999,kcfs,FFC,Peachtree City
PAMN7,35.54333333,-77.06194444,8/12/2025 10:00 AM,Pamlico River at Washington (in MLLW),Rising,0.16,Southeast River Forecast Center,NC,North Carolina,no_flooding,3.01,ft,-999,kcfs,MHX,Newport
PCTG1,33.7759722,-84.4406111,8/12/2025 10:00 AM,Proctor Creek near Atlanta,No change,0,Southeast River Forecast Center,GA,Georgia,no_flooding,1.21,ft,0.0021,kcfs,FFC,Peachtree City
PGVN7,35.61666667,-77.37277778,8/12/2025 10:00 AM,Tar River at Greenville,Falling,-0.1,Southeast River Forecast Center,NC,North Carolina,no_flooding,7.73,ft,3.24,kcfs,MHX,Newport
TUKN7,35.24027778,-83.12472222,8/12/2025 10:00 AM,Tuckasegee River at TUCKASEGEE DAM,Falling,-0.01,Lower Mississippi River Forecast Center,NC,North Carolina,no_flooding,99.66,ft,-999,kcfs,GSP,Greer
BRDG1,34.88166667,-84.28166667,8/12/2025 10:00 AM,Toccoa River at Blue Ridge Dam,Rising,0.02,Lower Mississippi River Forecast Center,GA,Georgia,no_flooding,1682.98,ft,-999,kcfs,FFC,Peachtree City
COLS1,33.99305556,-81.05,8/12/2025 10:00 AM,Congaree River at Columbia,Falling,-0.09,Southeast River Forecast Center,SC,South Carolina,no_flooding,5.5,ft,9.88,kcfs,CAE,West Columbia
CPAT1,35.63722222,-83.49333333,8/12/2025 10:00 AM,West Prong Little Pigeon River at Chimney Picnic Area,No change,0,Lower Mississippi River Forecast Center,TN,Tennessee,no_flooding,0.05,ft,-999,kcfs,MRX,Morristown
DLCG1,33.70555556,-84.2925,8/12/2025 10:00 AM,Doolittle Creek at Flat Shoals Rd near Decatur,No change,0,Southeast River Forecast Center,GA,Georgia,no_flooding,1.06,ft,-999,kcfs,FFC,Peachtree City
ELKN7,36.24055556,-80.84916667,8/12/2025 10:00 AM,Yadkin River at Elkin,Falling,-0.01,Southeast River Forecast Center,NC,North Carolina,no_flooding,2.06,ft,0.988,kcfs,RNK,Blacksburg
FDTT1,35.7875,-84.249722,8/12/2025 10:00 AM,Tennessee River below Ft. Loudoun Dam (Lenoir City 1E),Rising,0.04,Lower Mississippi River Forecast Center,TN,Tennessee,no_flooding,741.23,ft,-999,kcfs,MRX,Morristown
GRHV2,36.93944444,-80.88694444,8/12/2025 10:00 AM,Reed Creek at Grahams Forge,No change,0,Ohio River Forecast Center,VA,Virginia,no_flooding,1.59,ft,0.116,kcfs,RNK,Blacksburg
HGRN7,35.60055556,-80.235,8/12/2025 10:00 AM,Yadkin River at High Rock Lake,Rising,0.02,Southeast River Forecast Center,NC,North Carolina,no_flooding,653.82,ft,-999,kcfs,RAH,Raleigh
LIBS1,34.80138889,-82.74861111,8/12/2025 10:00 AM,Twelve mile creek near Liberty,Falling,-0.01,Southeast River Forecast Center,SC,South Carolina,no_flooding,2.03,ft,0.122,kcfs,GSP,Greer
NACG1,34.755,-83.50111111,8/12/2025 10:00 AM,Tallulah River at NACOOCHEE DAM,Falling,-0.13,Southeast River Forecast Center,GA,Georgia,no_flooding,1751.04,ft,-999,kcfs,GSP,Greer
RHON7,35.773282,-81.438092,8/12/2025 10:00 AM,Catawba River at Lake Rhodhiss/Rhodhiss Dam,Falling,-0.03,Southeast River Forecast Center,NC,North Carolina,no_flooding,98.43,ft,-999,kcfs,GSP,Greer
RNGN7,36.18333,-77.87611,8/12/2025 10:00 AM,Little Fishing Creek (NC) near Ringwood,Falling,-0.01,Southeast River Forecast Center,NC,North Carolina,no_flooding,2.43,ft,0.0397,kcfs,RAH,Raleigh
YADN7,35.85667,-80.38694,8/12/2025 10:00 AM,Yadkin River at Yadkin College,Rising,0.17,Southeast River Forecast Center,NC,North Carolina,no_flooding,1.78,ft,1.98,kcfs,RAH,Raleigh
CCKV2,36.64583333,-80.91944444,8/12/2025 10:00 AM,Chestnut Creek at Galax,No change,0,Ohio River Forecast Center,VA,Virginia,no_flooding,1.64,ft,0.0671,kcfs,RNK,Blacksburg
CHAG1,33.81694444,-84.48,8/12/2025 10:00 AM,Chattahoochee River at GA 280 near Atlanta,Falling,-0.19,Southeast River Forecast Center,GA,Georgia,no_flooding,6.23,ft,2.25,kcfs,FFC,Peachtree City
CRLT1,36.168,-83.5041,8/12/2025 10:00 AM,Holston River below Cherokee Dam,Rising,0.05,Lower Mississippi River Forecast Center,TN,Tennessee,no_flooding,926.14,ft,-999,kcfs,MRX,Morristown
CSFS1,34.63194444,-80.18138889,8/12/2025 10:00 AM,Black Creek (SC) below Chesterfield,Falling,-0.03,Southeast River Forecast Center,SC,South Carolina,no_flooding,7.37,ft,-999,kcfs,CAE,West Columbia
EFFS1,34.05138889,-79.75416667,8/12/2025 10:00 AM,Lynches River at Effingham,Falling,-0.01,Southeast River Forecast Center,SC,South Carolina,no_flooding,8.09,ft,1.42,kcfs,ILM,Wilmington
FAYN7,35.04722,-78.85805,8/12/2025 10:00 AM,Cape Fear River at Fayetteville,Rising,0.03,Southeast River Forecast Center,NC,North Carolina,no_flooding,19.71,ft,11.9,kcfs,RAH,Raleigh
GILS1,33.98944444,-80.97444444,8/12/2025 10:00 AM,Gills Creek at Columbia,No change,0,Southeast River Forecast Center,SC,South Carolina,no_flooding,1.59,ft,0.0288,kcfs,CAE,West Columbia
NEPT1,35.96055556,-83.17444444,8/12/2025 10:00 AM,Pigeon River at Newport,Falling,-0.34,Lower Mississippi River Forecast Center,TN,Tennessee,no_flooding,3.72,ft,1.02,kcfs,MRX,Morristown
SFMG1,33.66611111,-84.22472222,8/12/2025 10:00 AM,South River at Flakes Mill Road near Snapfinger,Falling,-0.02,Southeast River Forecast Center,GA,Georgia,no_flooding,2.5,ft,0.0579,kcfs,FFC,Peachtree City
WLBK2,36.74333333,-84.15611111,8/12/2025 10:00 AM,Cumberland River at Williamsburg,No change,0,Ohio River Forecast Center,KY,Kentucky,no_flooding,3.39,ft,0.537,kcfs,JKL,Jackson
CCKS1,33.81611111,-80.8275,8/12/2025 10:00 AM,Cedar Creek (Richland County) at Congaree NP Near Gadsden SC,Falling,-0.04,Southeast River Forecast Center,SC,South Carolina,no_flooding,7.02,ft,-999,kcfs,CAE,West Columbia
CTVG1,34.14277778,-84.83916667,8/12/2025 10:00 AM,Etowah River at GA 61 near Cartersville,Falling,-0.03,Southeast River Forecast Center,GA,Georgia,no_flooding,4.97,ft,0.456,kcfs,FFC,Peachtree City
DGTT1,35.957778,-83.546389,8/12/2025 10:00 AM,French Broad River below Douglas Dam,Falling,-0.69,Lower Mississippi River Forecast Center,TN,Tennessee,no_flooding,868.82,ft,-999,kcfs,MRX,Morristown
EZBT1,36.3559188,-82.2235467,8/12/2025 10:00 AM,Watauga River at Elizabethton,Falling,-0.03,Lower Mississippi River Forecast Center,TN,Tennessee,no_flooding,2.98,ft,0.378,kcfs,MRX,Morristown
LABN7,35.42055556,-81.26527778,8/12/2025 10:00 AM,South Fork Catawba River near Laboratory,Falling,-0.01,Southeast River Forecast Center,NC,North Carolina,no_flooding,3.01,ft,0.594,kcfs,GSP,Greer
MIDN7,35.57083,-78.59056,8/12/2025 10:00 AM,Middle Creek near Clayton,Rising,0.04,Southeast River Forecast Center,NC,North Carolina,no_flooding,1.97,ft,-999,kcfs,RAH,Raleigh
NNRS1,35.03166667,-81.49361111,8/12/2025 10:00 AM,Broad River in NC/SC at Ninety Nine Islands Dam,Falling,-0.21,Southeast River Forecast Center,SC,South Carolina,no_flooding,102.22,ft,-999,kcfs,GSP,Greer
SEET1,35.58138889,-84.74805556,8/12/2025 10:00 AM,Sewee Creek at Decatur 5NE,No change,0,Lower Mississippi River Forecast Center,TN,Tennessee,no_flooding,0.29,ft,0.0877,kcfs,MRX,Morristown
WBTT1,35.608889,-84.778056,8/12/2025 10:00 AM,Tennessee River below Watts Bar Dam,Rising,0.1,Lower Mississippi River Forecast Center,TN,Tennessee,no_flooding,682.66,ft,-999,kcfs,MRX,Morristown
WCCS1,34.88927778,-81.0686944,8/12/2025 10:00 AM,Wildcat Creek below Rock Hill,Rising,0.35,Southeast River Forecast Center,SC,South Carolina,no_flooding,4.32,ft,0.23,kcfs,GSP,Greer
BGSN7,34.71027778,-78.83638889,8/12/2025 10:00 AM,Big Swamp near Tarheel,Rising,0.03,Southeast River Forecast Center,NC,North Carolina,no_flooding,6.98,ft,0.058,kcfs,ILM,Wilmington
BHCG1,33.66138889,-83.92777778,8/12/2025 10:00 AM,Big Haynes Creek at Bald Rock Road near Milstead,Falling,-0.01,Southeast River Forecast Center,GA,Georgia,no_flooding,0.88,ft,-999,kcfs,FFC,Peachtree City
CHUN7,35.9419,-79.049,8/12/2025 10:00 AM,Booker Creek at SR 1751 near Chapel Hill,Falling,-0.01,Southeast River Forecast Center,NC,North Carolina,no_flooding,4.59,ft,-999,kcfs,RAH,Raleigh
DACG1,34.01027778,-83.89416667,8/12/2025 10:00 AM,Apalachee River near Fence Road near Dacula,No change,0,Southeast River Forecast Center,GA,Georgia,no_flooding,0.41,ft,0.0017,kcfs,FFC,Peachtree City
LOGG1,33.82138889,-83.9425,8/12/2025 10:00 AM,Brushy Fork Creek at Beaver Road near Loganville,Rising,0.01,Southeast River Forecast Center,GA,Georgia,no_flooding,1.43,ft,0.0018,kcfs,FFC,Peachtree City
MHTT1,35.887222,-84.323333,8/12/2025 10:00 AM,Clinch River below Melton Hill Dam,Falling,-0.09,Lower Mississippi River Forecast Center,TN,Tennessee,no_flooding,740.8,ft,-999,kcfs,MRX,Morristown
PNFG1,33.72111111,-83.29555556,8/12/2025 10:00 AM,Oconee River near Penfield,No change,0,Southeast River Forecast Center,GA,Georgia,no_flooding,5.19,ft,1.02,kcfs,FFC,Peachtree City
SIMS1,34.65277778,-82.29777778,8/12/2025 10:00 AM,Reedy River near Highway 418,Falling,-0.22,Southeast River Forecast Center,SC,South Carolina,no_flooding,6.19,ft,0.261,kcfs,GSP,Greer
STPN7,34.83472222,-78.82416667,8/12/2025 10:00 AM,Cape Fear River at W.O. Huske Lock,No change,0,Southeast River Forecast Center,NC,North Carolina,no_flooding,38.14,ft,10.8,kcfs,ILM,Wilmington
AANG1,33.82030556,-84.40763889,8/12/2025 10:00 AM,Peachtree Creek at Atlanta,Falling,-0.03,Southeast River Forecast Center,GA,Georgia,no_flooding,2.48,ft,0.0491,kcfs,FFC,Peachtree City
CMDS1,34.24444444,-80.65416667,8/12/2025 10:00 AM,Wateree River near Camden,Rising,0.12,Southeast River Forecast Center,SC,South Carolina,no_flooding,13.65,ft,9.29,kcfs,CAE,West Columbia
CYNG1,34.81388889,-83.30611111,8/12/2025 10:00 AM,Chattooga River at Hwy 76,Rising,0.02,Southeast River Forecast Center,GA,Georgia,no_flooding,1.65,ft,0.434,kcfs,GSP,Greer
DICG1,34.07138889,-84.13027778,8/12/2025 10:00 AM,Dick Creek at Old Atlanta Road near Suwanee,Falling,-0.02,Southeast River Forecast Center,GA,Georgia,no_flooding,5.81,ft,0.411,kcfs,FFC,Peachtree City
DWLG1,34.3794444,-84.0647,8/12/2025 10:00 AM,Etowah River  0.2 mi downstream GA 53 near Dawsonville,Rising,0.01,Southeast River Forecast Center,GA,Georgia,no_flooding,3.89,ft,-999,kcfs,FFC,Peachtree City
DWSG1,34.35805556,-84.11333333,8/12/2025 10:00 AM,Etowah River at GA 9 near Dawsonville,Rising,0.01,Southeast River Forecast Center,GA,Georgia,no_flooding,3.93,ft,0.147,kcfs,FFC,Peachtree City
EMCS1,34.645,-82.80055556,8/12/2025 10:00 AM,Eighteen Mile Creek below Pendleton,No change,0,Southeast River Forecast Center,SC,South Carolina,no_flooding,4.4,ft,-999,kcfs,GSP,Greer
ETNG1,34.8275,-84.8509722,8/12/2025 10:00 AM,Conasauga River at GA 286 near Eton,No change,0,Southeast River Forecast Center,GA,Georgia,no_flooding,2.6,ft,0.108,kcfs,FFC,Peachtree City
HDCG1,34.70083333,-83.72944444,8/12/2025 10:00 AM,Chattahoochee River at Helen,Rising,0.01,Southeast River Forecast Center,GA,Georgia,no_flooding,0.66,ft,0.0712,kcfs,FFC,Peachtree City
HLCG1,34.265,-84.47388889,8/12/2025 10:00 AM,Hickory Log Creek near Canton,No change,0,Southeast River Forecast Center,GA,Georgia,no_flooding,0.86,ft,-999,kcfs,FFC,Peachtree City
MARN7,35.786389,-82.660833,8/12/2025 10:00 AM,"French Broad River above Rollins Rd, 1 SE Marshall",No change,0,Lower Mississippi River Forecast Center,NC,North Carolina,no_flooding,2.14,ft,1.72,kcfs,GSP,Greer
SMAG1,33.89361111,-84.45777778,8/12/2025 10:00 AM,Rottenwood Creek at Interstate North Parkway near Smyrna,Falling,-0.01,Southeast River Forecast Center,GA,Georgia,no_flooding,2.4,ft,0.0168,kcfs,FFC,Peachtree City
TAPN7,35.43833333,-83.91888889,8/12/2025 10:00 AM,Cheoah river near Tapoco,No change,0,Lower Mississippi River Forecast Center,NC,North Carolina,no_flooding,2.83,ft,0.151,kcfs,GSP,Greer
FOMS1,35.0213,-81.008,8/12/2025 10:00 AM,Catawba River at Lake Wylie/Lake Wylie Dam,Rising,0.07,Southeast River Forecast Center,SC,South Carolina,no_flooding,98.17,ft,-999,kcfs,GSP,Greer
NANN7,35.19972222,-83.65305556,8/12/2025 10:00 AM,Nantahala River at Nantahala Dam,No change,0,Lower Mississippi River Forecast Center,NC,North Carolina,no_flooding,95.32,ft,-999,kcfs,GSP,Greer
WCDN7,35.22166667,-83,8/12/2025 10:00 AM,Wolf Creek (NC) at WOLF CREEK DAM,Rising,0.08,Lower Mississippi River Forecast Center,NC,North Carolina,no_flooding,92.81,ft,-999,kcfs,GSP,Greer
BCFN7,35.044521,-78.890172,8/12/2025 10:00 AM,Blounts Creek at Winslow St at Fayetteville,Falling,-0.07,Southeast River Forecast Center,NC,North Carolina,no_flooding,4.2,ft,-999,kcfs,RAH,Raleigh
CDCS1,34.541667,-80.877222,8/12/2025 10:00 AM,Catawba River at Cedar Creek Reservoir/Rocky Ck-Cedar Ck Dam,Falling,-0.06,Southeast River Forecast Center,SC,South Carolina,no_flooding,97.28,ft,-999,kcfs,GSP,Greer
CHEN7,35.44777778,-83.93888889,8/12/2025 10:00 AM,Little Tennessee River at Cheoah Dam,Rising,0.01,Lower Mississippi River Forecast Center,NC,North Carolina,no_flooding,1150.31,ft,-999,kcfs,GSP,Greer
KEOS1,34.79972222,-82.885,8/12/2025 10:00 AM,Seneca River at Keowee Dam,Falling,-0.14,Southeast River Forecast Center,SC,South Carolina,no_flooding,97.55,ft,-999,kcfs,GSP,Greer
THPN7,35.19666667,-83.15277778,8/12/2025 10:00 AM,West Fork Tuckasegee River at Thorpe Dam,No change,0,Lower Mississippi River Forecast Center,NC,North Carolina,no_flooding,94.61,ft,-999,kcfs,GSP,Greer
WATS1,34.33472222,-80.70305556,8/12/2025 10:00 AM,Wateree River at Lake Wateree Dam,Rising,0.03,Southeast River Forecast Center,SC,South Carolina,no_flooding,97.73,ft,-999,kcfs,CAE,West Columbia
BCDN7,35.24138889,-83.07277778,8/12/2025 10:00 AM,Bear Creek at BEAR CREEK DAM,Falling,-0.07,Lower Mississippi River Forecast Center,NC,North Carolina,no_flooding,96.72,ft,-999,kcfs,GSP,Greer
BRWN7,35.7427,-81.8362,8/12/2025 10:00 AM,Catawba River at Lake James/Linville Dam,No change,0,Southeast River Forecast Center,NC,North Carolina,no_flooding,98.4,ft,-999,kcfs,GSP,Greer
CWAN7,35.434722,-80.958333,8/12/2025 10:00 AM,Catawba River at Lake Norman/Cowans Ford Dam,No change,0,Southeast River Forecast Center,NC,North Carolina,no_flooding,98.08,ft,-999,kcfs,GSP,Greer
ENNN7,36.13194444,-80.44416667,8/12/2025 10:00 AM,Yadkin River at Enon,No change,0,Southeast River Forecast Center,NC,North Carolina,no_flooding,3.16,ft,1.32,kcfs,RAH,Raleigh
FCDS1,34.6009,-80.8914,8/12/2025 10:00 AM,Catawba River at Fishing Creek Reservoir/Fishing Creek Dam,No change,0,Southeast River Forecast Center,SC,South Carolina,no_flooding,99.71,ft,-999,kcfs,GSP,Greer
SNTN7,35.38333333,-83.88333333,8/12/2025 10:00 AM,Cheoah river above SANTEETLAH DAM,No change,0,Lower Mississippi River Forecast Center,NC,North Carolina,no_flooding,1814.84,ft,-999,kcfs,GSP,Greer
EFKN7,35.21333333,-83.00611111,8/12/2025 10:00 AM,Tanasee Creek at EAST FORK DAM ,Rising,0.08,Lower Mississippi River Forecast Center,NC,North Carolina,no_flooding,93.68,ft,-999,kcfs,GSP,Greer
HOFN7,35.06055556,-79.49416667,8/12/2025 10:00 AM,Drowning Creek at Hoffman,Rising,0.04,Southeast River Forecast Center,NC,North Carolina,no_flooding,4.07,ft,-999,kcfs,RAH,Raleigh
BLFN7,34.98277778,-79.87777778,8/12/2025 10:00 AM,Pee Dee River at Blewett Falls Lake,Rising,0.08,Southeast River Forecast Center,NC,North Carolina,no_flooding,177.25,ft,-999,kcfs,RAH,Raleigh
JCSS1,34.95972222,-82.91805556,8/12/2025 10:00 AM,Seneca River at Jocassee Dam,Rising,0.1,Southeast River Forecast Center,SC,South Carolina,no_flooding,97.83,ft,-999,kcfs,GSP,Greer
MIDN7,35.57083,-78.59056,8/12/2025 10:00 AM,Middle Creek near Clayton,Rising,0.04,Southeast River Forecast Center,NC,North Carolina,no_flooding,1.97,ft,-999,kcfs,RAH,Raleigh
BADN7,35.41959,-80.09255,8/12/2025 10:00 AM,Yadkin River at Badin Lake,Rising,0.01,Southeast River Forecast Center,NC,North Carolina,no_flooding,540.6,ft,-999,kcfs,RAH,Raleigh
GTFS1,34.559333,-80.891328,8/12/2025 10:00 AM,Catawba River at Great Falls Reservoir/Great Falls-Dearborn Dams,Falling,-0.65,Southeast River Forecast Center,SC,South Carolina,no_flooding,97.81,ft,-999,kcfs,GSP,Greer
TUKN7,35.24027778,-83.12472222,8/12/2025 10:00 AM,Tuckasegee River at TUCKASEGEE DAM,Falling,-0.01,Lower Mississippi River Forecast Center,NC,North Carolina,no_flooding,99.66,ft,-999,kcfs,GSP,Greer
HGRN7,35.60055556,-80.235,8/12/2025 10:00 AM,Yadkin River at High Rock Lake,Rising,0.02,Southeast River Forecast Center,NC,North Carolina,no_flooding,653.82,ft,-999,kcfs,RAH,Raleigh
LKSN7,35.757739,-81.089201,8/12/2025 10:00 AM,Catawba River at Lookout Shoals Lake/Lookout Shoals Dam,Rising,0.05,Southeast River Forecast Center,NC,North Carolina,no_flooding,97.02,ft,-999,kcfs,GSP,Greer
MTGN7,35.20681,-80.06561,8/12/2025 10:00 AM,Pee Dee River at Lake Tillery,Falling,-0.02,Southeast River Forecast Center,NC,North Carolina,no_flooding,277.74,ft,-999,kcfs,RAH,Raleigh
NNIS1,35.03166667,-81.49361111,8/12/2025 10:00 AM,Broad River in NC/SC at NINETY NINE ISLANDS,Falling,-0.13,Southeast River Forecast Center,SC,South Carolina,no_flooding,102.19,ft,-999,kcfs,GSP,Greer
RHON7,35.773282,-81.438092,8/12/2025 10:00 AM,Catawba River at Lake Rhodhiss/Rhodhiss Dam,Falling,-0.03,Southeast River Forecast Center,NC,North Carolina,no_flooding,98.43,ft,-999,kcfs,GSP,Greer
FAYN7,35.04722,-78.85805,8/12/2025 10:00 AM,Cape Fear River at Fayetteville,Rising,0.03,Southeast River Forecast Center,NC,North Carolina,no_flooding,19.71,ft,11.9,kcfs,RAH,Raleigh
QCDN7,35.2755555,-83.6563888,8/12/2025 10:00 AM,Queen Creek at QUEENS CREEK DAM,No change,0,Lower Mississippi River Forecast Center,NC,North Carolina,no_flooding,92.54,ft,-999,kcfs,GSP,Greer
CHUN7,35.9419,-79.049,8/12/2025 10:00 AM,Booker Creek at SR 1751 near Chapel Hill,Falling,-0.01,Southeast River Forecast Center,NC,North Carolina,no_flooding,4.59,ft,-999,kcfs,RAH,Raleigh
AANG1,33.82030556,-84.40763889,8/12/2025 10:00 AM,Peachtree Creek at Atlanta,Falling,-0.03,Southeast River Forecast Center,GA,Georgia,no_flooding,2.48,ft,0.0491,kcfs,FFC,Peachtree City
MOUN7,35.3338,-80.9868,8/12/2025 10:00 AM,Catawba River at Mountain Island Lake/Mountain Island Dam,No change,0,Southeast River Forecast Center,NC,North Carolina,no_flooding,96.75,ft,-999,kcfs,GSP,Greer
OXFN7,35.821289,-81.19244,8/12/2025 10:00 AM,Catawba River at Lake Hickory/Oxford Dam,Rising,0.12,Southeast River Forecast Center,NC,North Carolina,no_flooding,97.39,ft,-999,kcfs,GSP,Greer
MOUN7,35.3338,-80.9868,8/12/2025 10:00 AM,Catawba River at Mountain Island Lake/Mountain Island Dam,No change,0,Southeast River Forecast Center,NC,North Carolina,no_flooding,96.75,ft,-999,kcfs,GSP,Greer
OXFN7,35.821289,-81.19244,8/12/2025 10:00 AM,Catawba River at Lake Hickory/Oxford Dam,Rising,0.12,Southeast River Forecast Center,NC,North Carolina,no_flooding,97.39,ft,-999,kcfs,GSP,Greer
HGRN7,35.60055556,-80.235,8/12/2025 10:00 AM,Yadkin River at High Rock Lake,Rising,0.02,Southeast River Forecast Center,NC,North Carolina,no_flooding,653.82,ft,-999,kcfs,RAH,Raleigh
LKSN7,35.757739,-81.089201,8/12/2025 10:00 AM,Catawba River at Lookout Shoals Lake/Lookout Shoals Dam,Rising,0.05,Southeast River Forecast Center,NC,North Carolina,no_flooding,97.02,ft,-999,kcfs,GSP,Greer
MTGN7,35.20681,-80.06561,8/12/2025 10:00 AM,Pee Dee River at Lake Tillery,Falling,-0.02,Southeast River Forecast Center,NC,North Carolina,no_flooding,277.74,ft,-999,kcfs,RAH,Raleigh
NNIS1,35.03166667,-81.49361111,8/12/2025 10:00 AM,Broad River in NC/SC at NINETY NINE ISLANDS,Falling,-0.13,Southeast River Forecast Center,SC,South Carolina,no_flooding,102.19,ft,-999,kcfs,GSP,Greer
RHON7,35.773282,-81.438092,8/12/2025 10:00 AM,Catawba River at Lake Rhodhiss/Rhodhiss Dam,Falling,-0.03,Southeast River Forecast Center,NC,North Carolina,no_flooding,98.43,ft,-999,kcfs,GSP,Greer
BCDN7,35.24138889,-83.07277778,8/12/2025 10:00 AM,Bear Creek at BEAR CREEK DAM,Falling,-0.07,Lower Mississippi River Forecast Center,NC,North Carolina,no_flooding,96.72,ft,-999,kcfs,GSP,Greer
BRWN7,35.7427,-81.8362,8/12/2025 10:00 AM,Catawba River at Lake James/Linville Dam,No change,0,Southeast River Forecast Center,NC,North Carolina,no_flooding,98.4,ft,-999,kcfs,GSP,Greer
CWAN7,35.434722,-80.958333,8/12/2025 10:00 AM,Catawba River at Lake Norman/Cowans Ford Dam,No change,0,Southeast River Forecast Center,NC,North Carolina,no_flooding,98.08,ft,-999,kcfs,GSP,Greer
FCDS1,34.6009,-80.8914,8/12/2025 10:00 AM,Catawba River at Fishing Creek Reservoir/Fishing Creek Dam,No change,0,Southeast River Forecast Center,SC,South Carolina,no_flooding,99.71,ft,-999,kcfs,GSP,Greer
SNTN7,35.38333333,-83.88333333,8/12/2025 10:00 AM,Cheoah river above SANTEETLAH DAM,No change,0,Lower Mississippi River Forecast Center,NC,North Carolina,no_flooding,1814.84,ft,-999,kcfs,GSP,Greer
BLFN7,34.98277778,-79.87777778,8/12/2025 10:00 AM,Pee Dee River at Blewett Falls Lake,Rising,0.08,Southeast River Forecast Center,NC,North Carolina,no_flooding,177.25,ft,-999,kcfs,RAH,Raleigh
JCSS1,34.95972222,-82.91805556,8/12/2025 10:00 AM,Seneca River at Jocassee Dam,Rising,0.1,Southeast River Forecast Center,SC,South Carolina,no_flooding,97.83,ft,-999,kcfs,GSP,Greer
FOMS1,35.0213,-81.008,8/12/2025 10:00 AM,Catawba River at Lake Wylie/Lake Wylie Dam,Rising,0.07,Southeast River Forecast Center,SC,South Carolina,no_flooding,98.17,ft,-999,kcfs,GSP,Greer
NANN7,35.19972222,-83.65305556,8/12/2025 10:00 AM,Nantahala River at Nantahala Dam,No change,0,Lower Mississippi River Forecast Center,NC,North Carolina,no_flooding,95.32,ft,-999,kcfs,GSP,Greer
WCDN7,35.22166667,-83,8/12/2025 10:00 AM,Wolf Creek (NC) at WOLF CREEK DAM,Rising,0.08,Lower Mississippi River Forecast Center,NC,North Carolina,no_flooding,92.81,ft,-999,kcfs,GSP,Greer
CDCS1,34.541667,-80.877222,8/12/2025 10:00 AM,Catawba River at Cedar Creek Reservoir/Rocky Ck-Cedar Ck Dam,Falling,-0.06,Southeast River Forecast Center,SC,South Carolina,no_flooding,97.28,ft,-999,kcfs,GSP,Greer
KEOS1,34.79972222,-82.885,8/12/2025 10:00 AM,Seneca River at Keowee Dam,Falling,-0.14,Southeast River Forecast Center,SC,South Carolina,no_flooding,97.55,ft,-999,kcfs,GSP,Greer
THPN7,35.19666667,-83.15277778,8/12/2025 10:00 AM,West Fork Tuckasegee River at Thorpe Dam,No change,0,Lower Mississippi River Forecast Center,NC,North Carolina,no_flooding,94.61,ft,-999,kcfs,GSP,Greer
WATS1,34.33472222,-80.70305556,8/12/2025 10:00 AM,Wateree River at Lake Wateree Dam,Rising,0.03,Southeast River Forecast Center,SC,South Carolina,no_flooding,97.73,ft,-999,kcfs,CAE,West Columbia
BADN7,35.41959,-80.09255,8/12/2025 10:00 AM,Yadkin River at Badin Lake,Rising,0.01,Southeast River Forecast Center,NC,North Carolina,no_flooding,540.6,ft,-999,kcfs,RAH,Raleigh
GTFS1,34.559333,-80.891328,8/12/2025 10:00 AM,Catawba River at Great Falls Reservoir/Great Falls-Dearborn Dams,Falling,-0.65,Southeast River Forecast Center,SC,South Carolina,no_flooding,97.81,ft,-999,kcfs,GSP,Greer
TUKN7,35.24027778,-83.12472222,8/12/2025 10:00 AM,Tuckasegee River at TUCKASEGEE DAM,Falling,-0.01,Lower Mississippi River Forecast Center,NC,North Carolina,no_flooding,99.66,ft,-999,kcfs,GSP,Greer
QCDN7,35.2755555,-83.6563888,8/12/2025 10:00 AM,Queen Creek at QUEENS CREEK DAM,No change,0,Lower Mississippi River Forecast Center,NC,North Carolina,no_flooding,92.54,ft,-999,kcfs,GSP,Greer
EFKN7,35.21333333,-83.00611111,8/12/2025 10:00 AM,Tanasee Creek at EAST FORK DAM ,Rising,0.08,Lower Mississippi River Forecast Center,NC,North Carolina,no_flooding,93.68,ft,-999,kcfs,GSP,Greer
RMLN7,35.910822,-75.669072,8/12/2025 10:05 AM,Shallowbag Bay at Manteo (in MLLW),Rising,0.02,Southeast River Forecast Center,NC,North Carolina,no_flooding,0.62,ft,-999,kcfs,MHX,Newport
SFBN7,36.2764,-81.5521,8/12/2025 10:05 AM,South Fork New River at SR 1100 near Brownwood,No change,0,Ohio River Forecast Center,NC,North Carolina,no_flooding,4.11,ft,-999,kcfs,RNK,Blacksburg
SPBN7,35.5546,-77.75134,8/12/2025 10:05 AM,Contentnea Creek at Speights Bridge,Rising,0.02,Southeast River Forecast Center,NC,North Carolina,no_flooding,13.84,ft,-999,kcfs,MHX,Newport
SPDN7,35.9739,-77.4518,8/12/2025 10:05 AM,Deep Creek (NC) at Dickens Rd,No change,0,Southeast River Forecast Center,NC,North Carolina,no_flooding,3.88,ft,-999,kcfs,RAH,Raleigh
SHPN7,35.5066,-77.7259,8/12/2025 10:05 AM,Contentnea Creek at Sheppard Ferry,No change,0,Southeast River Forecast Center,NC,North Carolina,no_flooding,15.7,ft,-999,kcfs,MHX,Newport
SLGN7,36.4532,-76.0692,8/12/2025 10:05 AM,Currituck Sound near Buckskin Creek at NC 168 near Sligo,No change,0,Southeast River Forecast Center,NC,North Carolina,no_flooding,0.74,ft,-999,kcfs,AKQ,Wakefield
SNHN7,35.4568,-77.67,8/12/2025 10:05 AM,Contentnea Creek at Snow Hill,Rising,0.02,Southeast River Forecast Center,NC,North Carolina,no_flooding,13.78,ft,-999,kcfs,MHX,Newport
STNN7,35.5861,-77.8115,8/12/2025 10:05 AM,Contentnea Creek near Stantonsburg,Falling,-0.02,Southeast River Forecast Center,NC,North Carolina,no_flooding,13.82,ft,-999,kcfs,MHX,Newport
VAAN7,35.2969,-77.1491,8/12/2025 10:05 AM,Swift Creek at Vanceboro,Falling,-0.02,Southeast River Forecast Center,NC,North Carolina,no_flooding,5.67,ft,-999,kcfs,MHX,Newport
SCGN7,35.376,-77.96,8/12/2025 10:05 AM,Stony Creek at Bus US 70,Falling,-0.06,Southeast River Forecast Center,NC,North Carolina,no_flooding,6.79,ft,-999,kcfs,RAH,Raleigh
RFYN7,34.961029,-78.899607,8/12/2025 10:05 AM,Rockfish Creek at Research Dr near Fayetteville,Rising,0.01,Southeast River Forecast Center,NC,North Carolina,no_flooding,3.42,ft,-999,kcfs,RAH,Raleigh
HNTN7,35.73941,-81.678973,8/12/2025 10:05 AM,Hunting Creek at Morganton,Falling,-0.02,Southeast River Forecast Center,NC,North Carolina,no_flooding,2.17,ft,-999,kcfs,GSP,Greer
CCHN7,35.058,-78.885,8/12/2025 10:05 AM,Cross Creek NC at Hillsboro St,Falling,-0.05,Southeast River Forecast Center,NC,North Carolina,no_flooding,2.51,ft,-999,kcfs,RAH,Raleigh
LRTN7,35.263952,-79.359036,8/12/2025 10:05 AM,Little River (NC) at Niagara Carthage Rd,Rising,0.01,Southeast River Forecast Center,NC,North Carolina,no_flooding,3.95,ft,-999,kcfs,RAH,Raleigh
MDRN7,36.1186,-80.3498,8/12/2025 10:05 AM,Muddy Creek (NC) at Robinhood Rd,Falling,-0.02,Southeast River Forecast Center,NC,North Carolina,no_flooding,2.89,ft,-999,kcfs,RAH,Raleigh
RYAN7,36.03111,-79.79611,8/12/2025 10:05 AM,Ryan Creek below US220 at Greensboro,No change,0,Southeast River Forecast Center,NC,North Carolina,no_flooding,1.17,ft,0.0263,kcfs,RAH,Raleigh
ALDN7,36.43833333,-81.65416667,8/12/2025 10:05 AM,North Fork New River at Ashland,Falling,-0.01,Ohio River Forecast Center,NC,North Carolina,no_flooding,1.4,ft,-999,kcfs,RNK,Blacksburg
BVCN7,35.0738,-78.9767,8/12/2025 10:05 AM,Beaver Creek (NC) at Morganton Rd,No change,0,Southeast River Forecast Center,NC,North Carolina,no_flooding,9.02,ft,-999,kcfs,RAH,Raleigh
LHMN7,34.9722,-78.9453,8/12/2025 10:05 AM,Little Rockfish Creek at Lakeview Rd near Hope Mills,Falling,-0.02,Southeast River Forecast Center,NC,North Carolina,no_flooding,3.14,ft,-999,kcfs,RAH,Raleigh
DLYT1,35.7912,-83.5356,8/12/2025 10:05 AM,Middle Creek at Pigeon Forge (Dollywood),No change,0,Lower Mississippi River Forecast Center,TN,Tennessee,no_flooding,0.57,ft,-999,kcfs,MRX,Morristown
HWBN7,36.136069,-79.426323,8/12/2025 10:05 AM,Haw River at NC-62,No change,0,Southeast River Forecast Center,NC,North Carolina,no_flooding,2.19,ft,-999,kcfs,RAH,Raleigh
MCFN7,36.0475,-80.3665,8/12/2025 10:05 AM,Muddy Creek (NC) above Muddy Creek at I-40 nr Clemmons,Falling,-0.05,Southeast River Forecast Center,NC,North Carolina,no_flooding,3.55,ft,-999,kcfs,RAH,Raleigh
IVNV2,36.83472222,-80.95277778,8/12/2025 10:05 AM,New River at Ivanhoe,Falling,-0.01,Ohio River Forecast Center,VA,Virginia,no_flooding,2.98,ft,1.64,kcfs,RNK,Blacksburg
LCSN7,34.7695,-79.4493,8/12/2025 10:05 AM,Leith Creek above East Church St,No change,0,Southeast River Forecast Center,NC,North Carolina,no_flooding,5.2,ft,-999,kcfs,RAH,Raleigh
NPRN7,34.9356,-79.7641,8/12/2025 10:05 AM,North Prong Falling Creek at Rockingham Rd,Rising,0.01,Southeast River Forecast Center,NC,North Carolina,no_flooding,1.74,ft,-999,kcfs,RAH,Raleigh
BFCG1,33.82138889,-84.27472222,8/12/2025 10:05 AM,Burnt Fork Creek at Millwood Way near Clarkston,Falling,-0.01,Southeast River Forecast Center,GA,Georgia,no_flooding,1.18,ft,-999,kcfs,FFC,Peachtree City
RFYN7,34.961029,-78.899607,8/12/2025 10:05 AM,Rockfish Creek at Research Dr near Fayetteville,Rising,0.01,Southeast River Forecast Center,NC,North Carolina,no_flooding,3.42,ft,-999,kcfs,RAH,Raleigh
CNWN7,35.701,-77.9655,8/12/2025 10:05 AM,Contentnea Creek at US 301,Falling,-0.02,Southeast River Forecast Center,NC,North Carolina,no_flooding,6.06,ft,-999,kcfs,RAH,Raleigh
FOSN7,36.17361111,-81.745,8/12/2025 10:05 AM,Watauga River near Foscoe,No change,0,Lower Mississippi River Forecast Center,NC,North Carolina,no_flooding,4.31,ft,-999,kcfs,RNK,Blacksburg
NSPN7,35.916764,-78.97066,8/12/2025 10:05 AM,New Hope Creek at NC-54,Rising,0.03,Southeast River Forecast Center,NC,North Carolina,no_flooding,7.66,ft,-999,kcfs,RAH,Raleigh
TFMN7,35.9511,-78.9269,8/12/2025 10:05 AM,Third Fork Creek at ML King Pkwy in Durham,Falling,-0.02,Southeast River Forecast Center,NC,North Carolina,no_flooding,1.27,ft,-999,kcfs,RAH,Raleigh
CLFN7,36.45777778,-81.56055556,8/12/2025 10:05 AM,North Fork New River at Clifton,Falling,-0.01,Ohio River Forecast Center,NC,North Carolina,no_flooding,1.3,ft,-999,kcfs,RNK,Blacksburg
WAWN7,35.756939,-78.64067,8/12/2025 10:05 AM,Walnut Creek (NC) at S. Wilmington St.,Falling,-0.02,Southeast River Forecast Center,NC,North Carolina,no_flooding,2.38,ft,0.178,kcfs,RAH,Raleigh
FRMN7,35.6067,-77.5747,8/12/2025 10:05 AM,Little Contentnea Creek at Farmville,Falling,-0.02,Southeast River Forecast Center,NC,North Carolina,no_flooding,6.04,ft,-999,kcfs,MHX,Newport
BVKN7,35.72995,-78.894812,8/12/2025 10:05 AM,Beaver Creek (NC) at Kelly Rd,Falling,-0.01,Southeast River Forecast Center,NC,North Carolina,no_flooding,1.94,ft,-999,kcfs,RAH,Raleigh
SPDN7,35.9739,-77.4518,8/12/2025 10:05 AM,Deep Creek (NC) at Dickens Rd,No change,0,Southeast River Forecast Center,NC,North Carolina,no_flooding,3.88,ft,-999,kcfs,RAH,Raleigh
CCHN7,35.058,-78.885,8/12/2025 10:05 AM,Cross Creek NC at Hillsboro St,Falling,-0.05,Southeast River Forecast Center,NC,North Carolina,no_flooding,2.51,ft,-999,kcfs,RAH,Raleigh
RYAN7,36.03111,-79.79611,8/12/2025 10:05 AM,Ryan Creek below US220 at Greensboro,No change,0,Southeast River Forecast Center,NC,North Carolina,no_flooding,1.17,ft,0.0263,kcfs,RAH,Raleigh
TFMN7,35.9511,-78.9269,8/12/2025 10:05 AM,Third Fork Creek at ML King Pkwy in Durham,Falling,-0.02,Southeast River Forecast Center,NC,North Carolina,no_flooding,1.27,ft,-999,kcfs,RAH,Raleigh
SPDN7,35.9739,-77.4518,8/12/2025 10:05 AM,Deep Creek (NC) at Dickens Rd,No change,0,Southeast River Forecast Center,NC,North Carolina,no_flooding,3.88,ft,-999,kcfs,RAH,Raleigh
CNWN7,35.701,-77.9655,8/12/2025 10:05 AM,Contentnea Creek at US 301,Falling,-0.02,Southeast River Forecast Center,NC,North Carolina,no_flooding,6.06,ft,-999,kcfs,RAH,Raleigh
WAWN7,35.756939,-78.64067,8/12/2025 10:05 AM,Walnut Creek (NC) at S. Wilmington St.,Falling,-0.02,Southeast River Forecast Center,NC,North Carolina,no_flooding,2.38,ft,0.178,kcfs,RAH,Raleigh
BFCG1,33.82138889,-84.27472222,8/12/2025 10:05 AM,Burnt Fork Creek at Millwood Way near Clarkston,Falling,-0.01,Southeast River Forecast Center,GA,Georgia,no_flooding,1.18,ft,-999,kcfs,FFC,Peachtree City
RFYN7,34.961029,-78.899607,8/12/2025 10:05 AM,Rockfish Creek at Research Dr near Fayetteville,Rising,0.01,Southeast River Forecast Center,NC,North Carolina,no_flooding,3.42,ft,-999,kcfs,RAH,Raleigh
SPDN7,35.9739,-77.4518,8/12/2025 10:05 AM,Deep Creek (NC) at Dickens Rd,No change,0,Southeast River Forecast Center,NC,North Carolina,no_flooding,3.88,ft,-999,kcfs,RAH,Raleigh
BFCG1,33.82138889,-84.27472222,8/12/2025 10:05 AM,Burnt Fork Creek at Millwood Way near Clarkston,Falling,-0.01,Southeast River Forecast Center,GA,Georgia,no_flooding,1.18,ft,-999,kcfs,FFC,Peachtree City
RFYN7,34.961029,-78.899607,8/12/2025 10:05 AM,Rockfish Creek at Research Dr near Fayetteville,Rising,0.01,Southeast River Forecast Center,NC,North Carolina,no_flooding,3.42,ft,-999,kcfs,RAH,Raleigh
CCHN7,35.058,-78.885,8/12/2025 10:05 AM,Cross Creek NC at Hillsboro St,Falling,-0.05,Southeast River Forecast Center,NC,North Carolina,no_flooding,2.51,ft,-999,kcfs,RAH,Raleigh
CNWN7,35.701,-77.9655,8/12/2025 10:05 AM,Contentnea Creek at US 301,Falling,-0.02,Southeast River Forecast Center,NC,North Carolina,no_flooding,6.06,ft,-999,kcfs,RAH,Raleigh
BFCG1,33.82138889,-84.27472222,8/12/2025 10:05 AM,Burnt Fork Creek at Millwood Way near Clarkston,Falling,-0.01,Southeast River Forecast Center,GA,Georgia,no_flooding,1.18,ft,-999,kcfs,FFC,Peachtree City
CCHN7,35.058,-78.885,8/12/2025 10:05 AM,Cross Creek NC at Hillsboro St,Falling,-0.05,Southeast River Forecast Center,NC,North Carolina,no_flooding,2.51,ft,-999,kcfs,RAH,Raleigh
CNWN7,35.701,-77.9655,8/12/2025 10:05 AM,Contentnea Creek at US 301,Falling,-0.02,Southeast River Forecast Center,NC,North Carolina,no_flooding,6.06,ft,-999,kcfs,RAH,Raleigh
DUKN7,36.18333333,-75.75,8/12/2025 10:06 AM,Atlantic Coast at Duck (in MLLW),Rising,0.39,Southeast River Forecast Center,NC,North Carolina,no_flooding,1.19,ft,-999,kcfs,MHX,Newport
MROS1,33.655,-78.91833333,8/12/2025 10:06 AM,Atlantic Coast at Myrtle Beach Springmaid Pier (IN MLLW),Rising,0.62,Southeast River Forecast Center,SC,South Carolina,no_flooding,1.19,ft,-999,kcfs,ILM,Wilmington
ORIN7,35.79638889,-75.54972222,8/12/2025 10:06 AM,Pamlico Sound at Oregon Inlet Marina (in MLLW),Rising,0.06,Southeast River Forecast Center,NC,North Carolina,no_flooding,1.01,ft,-999,kcfs,MHX,Newport
LHNV2,36.906611,-76.095583,8/12/2025 10:06 AM,Lynnhaven River near Lynnhaven Inlet (IN MLLW),Rising,0.09,Middle Atlantic River Forecast Center,VA,Virginia,no_flooding,0.81,ft,-999,kcfs,AKQ,Wakefield
ELZV2,36.8436,-76.3647,8/12/2025 10:06 AM,Elizabeth River near Pinehurst in Portsmouth (IN MLLW),Falling,-0.01,Middle Atlantic River Forecast Center,VA,Virginia,no_flooding,0.56,ft,-999,kcfs,AKQ,Wakefield
BFTN7,34.718417,-76.673118,8/12/2025 10:06 AM,Atlantic Coast at Beaufort Marine Lab (in MLLW),Rising,0.29,Southeast River Forecast Center,NC,North Carolina,no_flooding,0.82,ft,-999,kcfs,MHX,Newport
MNPV2,36.77833333,-76.30166667,8/12/2025 10:06 AM,Elizabeth River near Money Point (IN MLLW),Falling,-0.06,Middle Atlantic River Forecast Center,VA,Virginia,no_flooding,0.46,ft,-999,kcfs,AKQ,Wakefield
NLRV2,36.61811,-76.046302,8/12/2025 10:06 AM,North Landing River near Creeds,No change,0,Southeast River Forecast Center,VA,Virginia,no_flooding,0.83,ft,-999,kcfs,AKQ,Wakefield
EZMV2,36.862,-76.3095,8/12/2025 10:06 AM,Elizabeth River at the Midtown Tunnel (in MLLW),Rising,0.01,Middle Atlantic River Forecast Center,VA,Virginia,no_flooding,0.62,ft,-999,kcfs,AKQ,Wakefield
HCGN7,35.20805556,-75.70305556,8/12/2025 10:06 AM,Pamlico Sound at Coast Guard Hatteras (in MLLW),Rising,0.11,Southeast River Forecast Center,NC,North Carolina,no_flooding,0.84,ft,-999,kcfs,MHX,Newport
JMPN7,34.213404,-77.786688,8/12/2025 10:06 AM,Atlantic Coast at Johnnie Mercers Pier at Wrightsville Beach (MLLW),Rising,0.56,Southeast River Forecast Center,NC,North Carolina,no_flooding,1.37,ft,-999,kcfs,ILM,Wilmington
SALV2,36.89666667,-81.74638889,8/12/2025 10:10 AM,North Fork Holston River at Saltville,No change,0,Lower Mississippi River Forecast Center,VA,Virginia,no_flooding,0.82,ft,0.0653,kcfs,RNK,Blacksburg
SMFV2,36.80722222,-81.62222222,8/12/2025 10:10 AM,Middle Fork Holston River at Seven Mile Ford,No change,0,Lower Mississippi River Forecast Center,VA,Virginia,no_flooding,1.26,ft,0.0608,kcfs,RNK,Blacksburg
WALT1,35.7853,-83.6265,8/12/2025 10:10 AM,Waldens Creek 4W Pigeon Forge (Old Valley),No change,0,Lower Mississippi River Forecast Center,TN,Tennessee,no_flooding,0.07,ft,-999,kcfs,MRX,Morristown
GIST1,35.8707,-83.5967,8/12/2025 10:10 AM,Gists Creek 2W Sevierville,No change,0,Lower Mississippi River Forecast Center,TN,Tennessee,no_flooding,0.93,ft,-999,kcfs,MRX,Morristown
SPAN7,36.46027778,-81.16777778,8/12/2025 10:10 AM,Little River near Sparta,Falling,-0.01,Ohio River Forecast Center,NC,North Carolina,no_flooding,1.61,ft,-999,kcfs,RNK,Blacksburg
PIGN7,35.78722222,-78.65472222,8/12/2025 10:10 AM,Pigeon House Creek at Cameron Village,No change,0,Southeast River Forecast Center,NC,North Carolina,no_flooding,1.55,ft,-999,kcfs,RAH,Raleigh
SRCN7,34.845,-78.259,8/12/2025 10:10 AM,Six Runs Creek at US 241,Rising,0.09,Southeast River Forecast Center,NC,North Carolina,no_flooding,7,ft,-999,kcfs,RAH,Raleigh
DCSN7,35.45694444,-83.43805556,8/12/2025 10:10 AM,Deep Creek (NC) at Deep Creek road near Bryson City,Falling,-0.01,Lower Mississippi River Forecast Center,NC,North Carolina,no_flooding,2.67,ft,-999,kcfs,GSP,Greer
JEFN7,36.42166667,-81.49583333,8/12/2025 10:10 AM,Little Buffalo Creek near Jefferson,Falling,-0.01,Ohio River Forecast Center,NC,North Carolina,no_flooding,1.52,ft,-999,kcfs,RNK,Blacksburg
RDVT1,35.8169,-83.5904,8/12/2025 10:10 AM,West Prong Little Pigeon River 3NW Pigeon Forge (River Divide),No change,0,Lower Mississippi River Forecast Center,TN,Tennessee,no_flooding,3.09,ft,-999,kcfs,MRX,Morristown
BASV2,36.77,-80.00111111,8/12/2025 10:10 AM,Smith River at Bassett,Falling,-0.01,Southeast River Forecast Center,VA,Virginia,no_flooding,2.08,ft,0.269,kcfs,RNK,Blacksburg
CCGN7,35.23737,-81.16395,8/12/2025 10:10 AM,Catawba Creek (NC) at E Hudson Blvd 2 SW Gastonia,Rising,0.1,Southeast River Forecast Center,NC,North Carolina,no_flooding,1.97,ft,-999,kcfs,GSP,Greer
CUSN7,35.14194444,-83.29416667,8/12/2025 10:10 AM,"Cullasaja River at Peaceful Cove Rd (above Cullasaja River RV Park), 6 SE Franklin",Rising,0.03,Lower Mississippi River Forecast Center,NC,North Carolina,no_flooding,2.42,ft,-999,kcfs,GSP,Greer
SPAN7,36.46027778,-81.16777778,8/12/2025 10:10 AM,Little River near Sparta,Falling,-0.01,Ohio River Forecast Center,NC,North Carolina,no_flooding,1.61,ft,-999,kcfs,RNK,Blacksburg
RDVT1,35.8169,-83.5904,8/12/2025 10:10 AM,West Prong Little Pigeon River 3NW Pigeon Forge (River Divide),No change,0,Lower Mississippi River Forecast Center,TN,Tennessee,no_flooding,3.09,ft,-999,kcfs,MRX,Morristown
NSSN7,35.229375,-77.84627,8/12/2025 10:10 AM,Neuse River above Neuse River at Main St in Seven Springs,Rising,0.01,Southeast River Forecast Center,NC,North Carolina,action,12.21,ft,-999,kcfs,RAH,Raleigh
SALV2,36.89666667,-81.74638889,8/12/2025 10:10 AM,North Fork Holston River at Saltville,No change,0,Lower Mississippi River Forecast Center,VA,Virginia,no_flooding,0.82,ft,0.0653,kcfs,RNK,Blacksburg
SMFV2,36.80722222,-81.62222222,8/12/2025 10:10 AM,Middle Fork Holston River at Seven Mile Ford,No change,0,Lower Mississippi River Forecast Center,VA,Virginia,no_flooding,1.26,ft,0.0608,kcfs,RNK,Blacksburg
WALT1,35.7853,-83.6265,8/12/2025 10:10 AM,Waldens Creek 4W Pigeon Forge (Old Valley),No change,0,Lower Mississippi River Forecast Center,TN,Tennessee,no_flooding,0.07,ft,-999,kcfs,MRX,Morristown
JEFN7,36.42166667,-81.49583333,8/12/2025 10:10 AM,Little Buffalo Creek near Jefferson,Falling,-0.01,Ohio River Forecast Center,NC,North Carolina,no_flooding,1.52,ft,-999,kcfs,RNK,Blacksburg
BRAN7,35.312,-78.646,8/12/2025 10:10 AM,Black River at Antioch Church Rd,No change,0,Southeast River Forecast Center,NC,North Carolina,no_flooding,2.06,ft,-999,kcfs,RAH,Raleigh
SRCN7,34.845,-78.259,8/12/2025 10:10 AM,Six Runs Creek at US 241,Rising,0.09,Southeast River Forecast Center,NC,North Carolina,no_flooding,7,ft,-999,kcfs,RAH,Raleigh
CCGN7,35.23737,-81.16395,8/12/2025 10:10 AM,Catawba Creek (NC) at E Hudson Blvd 2 SW Gastonia,Rising,0.1,Southeast River Forecast Center,NC,North Carolina,no_flooding,1.97,ft,-999,kcfs,GSP,Greer
CUSN7,35.14194444,-83.29416667,8/12/2025 10:10 AM,"Cullasaja River at Peaceful Cove Rd (above Cullasaja River RV Park), 6 SE Franklin",Rising,0.03,Lower Mississippi River Forecast Center,NC,North Carolina,no_flooding,2.42,ft,-999,kcfs,GSP,Greer
DCSN7,35.45694444,-83.43805556,8/12/2025 10:10 AM,Deep Creek (NC) at Deep Creek road near Bryson City,Falling,-0.01,Lower Mississippi River Forecast Center,NC,North Carolina,no_flooding,2.67,ft,-999,kcfs,GSP,Greer
NSSN7,35.229375,-77.84627,8/12/2025 10:10 AM,Neuse River above Neuse River at Main St in Seven Springs,Rising,0.01,Southeast River Forecast Center,NC,North Carolina,action,12.21,ft,-999,kcfs,RAH,Raleigh
WALT1,35.7853,-83.6265,8/12/2025 10:10 AM,Waldens Creek 4W Pigeon Forge (Old Valley),No change,0,Lower Mississippi River Forecast Center,TN,Tennessee,no_flooding,0.07,ft,-999,kcfs,MRX,Morristown
SRCN7,34.845,-78.259,8/12/2025 10:10 AM,Six Runs Creek at US 241,Rising,0.09,Southeast River Forecast Center,NC,North Carolina,no_flooding,7,ft,-999,kcfs,RAH,Raleigh
JEFN7,36.42166667,-81.49583333,8/12/2025 10:10 AM,Little Buffalo Creek near Jefferson,Falling,-0.01,Ohio River Forecast Center,NC,North Carolina,no_flooding,1.52,ft,-999,kcfs,RNK,Blacksburg
WALT1,35.7853,-83.6265,8/12/2025 10:10 AM,Waldens Creek 4W Pigeon Forge (Old Valley),No change,0,Lower Mississippi River Forecast Center,TN,Tennessee,no_flooding,0.07,ft,-999,kcfs,MRX,Morristown
KERV2,36.59833333,-78.29916667,8/12/2025 10:11 AM,Roanoke River at John H. Kerr Dam,No change,0,Southeast River Forecast Center,VA,Virginia,no_flooding,300.94,ft,-999,kcfs,AKQ,Wakefield
BGCV2,36.679806,-75.984,8/12/2025 10:12 AM,Beggars Bridge Creek near Dawley Corners,Rising,0.01,Southeast River Forecast Center,VA,Virginia,no_flooding,0.5,ft,-999,kcfs,AKQ,Wakefield
NMDV2,36.73916667,-76.58277778,8/12/2025 10:12 AM,Nansemond River at Suffolk (IN MLLW),Falling,-0.38,Middle Atlantic River Forecast Center,VA,Virginia,no_flooding,0.82,ft,-999,kcfs,AKQ,Wakefield
WLON7,34.22666667,-77.95333333,8/12/2025 10:12 AM,Cape Fear River at Wilmington (IN MLLW),Falling,-0.15,Southeast River Forecast Center,NC,North Carolina,no_flooding,0.67,ft,-999,kcfs,ILM,Wilmington
WLON7,34.22666667,-77.95333333,8/12/2025 10:12 AM,Cape Fear River at Wilmington (IN MLLW),Falling,-0.15,Southeast River Forecast Center,NC,North Carolina,no_flooding,0.67,ft,-999,kcfs,ILM,Wilmington
ORIN7,35.79638889,-75.54972222,8/12/2025 10:12 AM,Pamlico Sound at Oregon Inlet Marina (in MLLW),No change,0,Southeast River Forecast Center,NC,North Carolina,no_flooding,1.01,ft,-999,kcfs,MHX,Newport
MNPV2,36.77833333,-76.30166667,8/12/2025 10:12 AM,Elizabeth River near Money Point (IN MLLW),No change,0,Middle Atlantic River Forecast Center,VA,Virginia,no_flooding,0.46,ft,-999,kcfs,AKQ,Wakefield
ORIN7,35.79638889,-75.54972222,8/12/2025 10:12 AM,Pamlico Sound at Oregon Inlet Marina (in MLLW),No change,0,Southeast River Forecast Center,NC,North Carolina,no_flooding,1.01,ft,-999,kcfs,MHX,Newport
MNPV2,36.77833333,-76.30166667,8/12/2025 10:12 AM,Elizabeth River near Money Point (IN MLLW),No change,0,Middle Atlantic River Forecast Center,VA,Virginia,no_flooding,0.46,ft,-999,kcfs,AKQ,Wakefield
BALG1,34.31055556,-84.40333333,8/12/2025 10:15 AM,Sharp Mountain Creek at Old GA 5 below Ball Ground,No change,0,Southeast River Forecast Center,GA,Georgia,no_flooding,3.14,ft,0.0647,kcfs,FFC,Peachtree City
BMCV2,36.648295,-82.553548,8/12/2025 10:15 AM,Big Moccasin Creek at Gate City,Rising,0.03,Lower Mississippi River Forecast Center,VA,Virginia,no_flooding,3.65,ft,-999,kcfs,MRX,Morristown
CHES1,34.70833333,-79.875,8/12/2025 10:15 AM,Pee Dee River at Cheraw,Rising,0.52,Southeast River Forecast Center,SC,South Carolina,no_flooding,8.2,ft,7.1,kcfs,CAE,West Columbia
DPGV2,36.56157,-79.37488,8/12/2025 10:15 AM,Pumpkin Creek at Goodyear Blvd in Danville,No change,0,Southeast River Forecast Center,VA,Virginia,no_flooding,2.11,ft,-999,kcfs,RNK,Blacksburg
EBSN7,35.20333333,-80.77222222,8/12/2025 10:15 AM,Edwards Branch at Sheffield drive,Rising,0.35,Southeast River Forecast Center,NC,North Carolina,no_flooding,1.17,ft,0.0029,kcfs,GSP,Greer
GBRN7,35.29944444,-80.94638889,8/12/2025 10:15 AM,Gum Branch at Gum Branch road,No change,0,Southeast River Forecast Center,NC,North Carolina,no_flooding,1.9,ft,0.0122,kcfs,GSP,Greer
ISNN7,35.15861111,-80.71333333,8/12/2025 10:15 AM,Irvins Creek at Sam Newell Road,Rising,0.31,Southeast River Forecast Center,NC,North Carolina,no_flooding,2.14,ft,0.0133,kcfs,GSP,Greer
JOHN7,35.83361111,-81.71194444,8/12/2025 10:15 AM,Johns River at Arneys Store,No change,0,Southeast River Forecast Center,NC,North Carolina,no_flooding,3.29,ft,0.913,kcfs,GSP,Greer
LRLS1,34.50075,-82.008944,8/12/2025 10:15 AM,Little River at Gordon Street in Laurens,Rising,0.05,Southeast River Forecast Center,SC,South Carolina,no_flooding,2.72,ft,-999,kcfs,GSP,Greer
RTRN7,35.42666667,-82.91972222,8/12/2025 10:15 AM,Pigeon River (NC) near (W Fork) nr Retreat,Rising,0.01,Lower Mississippi River Forecast Center,NC,North Carolina,no_flooding,2.03,ft,0.167,kcfs,GSP,Greer
SLTS1,35.08388889,-82.46,8/12/2025 10:15 AM,North Saluda River at Highway 11,Rising,0.11,Southeast River Forecast Center,SC,South Carolina,no_flooding,4.48,ft,0.11,kcfs,GSP,Greer
SMRN7,35.23611111,-80.77111111,8/12/2025 10:15 AM,Briar Creek at Shamrock Drive,Rising,0.29,Southeast River Forecast Center,NC,North Carolina,no_flooding,2.29,ft,0.0857,kcfs,GSP,Greer
SPJG1,33.80277778,-84.34083333,8/12/2025 10:15 AM,South Fork Peachtree Creek at Johnson Road near Atlanta,Falling,-0.01,Southeast River Forecast Center,GA,Georgia,no_flooding,3.5,ft,0.014,kcfs,FFC,Peachtree City
CNWS1,33.83277778,-79.04416667,8/12/2025 10:15 AM,Waccamaw River near Conway,Rising,0.02,Southeast River Forecast Center,SC,South Carolina,action,10.62,ft,-999,kcfs,ILM,Wilmington
CTPN7,35.521944,-82.848056,8/12/2025 10:15 AM,"Pigeon River above Old River Rd (NC 215), 1 SW Canton",Rising,0.03,Lower Mississippi River Forecast Center,NC,North Carolina,no_flooding,2.03,ft,0.341,kcfs,GSP,Greer
IBRN7,35.21083333,-80.80083333,8/12/2025 10:15 AM,Briar Creek at Independence Blvd,Rising,0.24,Southeast River Forecast Center,NC,North Carolina,no_flooding,2.12,ft,-999,kcfs,GSP,Greer
MCIN7,35.17583333,-80.71916667,8/12/2025 10:15 AM,McAlpine Creek at Idlewild,Rising,0.7,Southeast River Forecast Center,NC,North Carolina,no_flooding,3.36,ft,0.152,kcfs,GSP,Greer
MCMN7,35.14083333,-80.82,8/12/2025 10:15 AM,McMullen Creek at Sharon View,Rising,0.1,Southeast River Forecast Center,NC,North Carolina,no_flooding,1.21,ft,0.0118,kcfs,GSP,Greer
MCPN7,35.06638889,-80.86972222,8/12/2025 10:15 AM,McAlpine Creek at Waste Water Treatment Plant,Rising,0.11,Southeast River Forecast Center,NC,North Carolina,no_flooding,2.89,ft,0.151,kcfs,GSP,Greer
SBPN7,36.04972222,-79.85611111,8/12/2025 10:15 AM,South Buffalo Creek near Pomona,No change,0,Southeast River Forecast Center,NC,North Carolina,no_flooding,1.24,ft,0.0202,kcfs,RAH,Raleigh
BKCN7,35.309167,-80.673611,8/12/2025 10:15 AM,Back Creek at Caldwell Rd near Harrisburg,Rising,0.66,Southeast River Forecast Center,NC,North Carolina,no_flooding,3.25,ft,0.0242,kcfs,GSP,Greer
BRIN7,35.20611111,-80.80583333,8/12/2025 10:15 AM,Briar Creek below Edward's Branch,Rising,0.18,Southeast River Forecast Center,NC,North Carolina,no_flooding,2.38,ft,-999,kcfs,GSP,Greer
CRFN7,35.36138889,-80.8975,8/12/2025 10:15 AM,Gar Creek at SR 2074 NR CROFT #6531,No change,0,Southeast River Forecast Center,NC,North Carolina,no_flooding,1.15,ft,0,kcfs,GSP,Greer
DABV2,36.59727,-79.40405,8/12/2025 10:15 AM,Apple Branch at Goodyear Blvd in Danville,Rising,0.01,Southeast River Forecast Center,VA,Virginia,no_flooding,2.83,ft,-999,kcfs,RNK,Blacksburg
DTAS1,34.53527778,-81.54833333,8/12/2025 10:15 AM,Tyger River near Delta,Rising,0.04,Southeast River Forecast Center,SC,South Carolina,no_flooding,7.98,ft,1.83,kcfs,GSP,Greer
HJBT1,35.71361111,-83.5125,8/12/2025 10:15 AM,West Prong Little Pigeon River at Gatlinburg (Aquarium Bridge),No change,0,Lower Mississippi River Forecast Center,TN,Tennessee,no_flooding,1.04,ft,-999,kcfs,MRX,Morristown
IRWN7,35.19777778,-80.90444444,8/12/2025 10:15 AM,Irwin Creek at WWTP,Rising,0.38,Southeast River Forecast Center,NC,North Carolina,no_flooding,1.31,ft,0.0486,kcfs,GSP,Greer
LAWS1,34.94805556,-81.86888889,8/12/2025 10:15 AM,Lawsons Fork Creek at Spartanburg,Falling,-0.22,Southeast River Forecast Center,SC,South Carolina,no_flooding,7.22,ft,0.465,kcfs,GSP,Greer
POCT1,35.7077,-83.3826,8/12/2025 10:15 AM,Porters Creek 3S Pittman Center (Greenbrier),No change,0,Lower Mississippi River Forecast Center,TN,Tennessee,no_flooding,0.59,ft,-999,kcfs,MRX,Morristown
RLHN7,35.8375,-78.67388889,8/12/2025 10:15 AM,Crabtree Creek at Glenwood Ave,Falling,-0.06,Southeast River Forecast Center,NC,North Carolina,no_flooding,9.59,ft,1.03,kcfs,RAH,Raleigh
SBHN7,36.03777778,-79.80027778,8/12/2025 10:15 AM,South Buffalo Creek at US220 Nr Greensboro,Falling,-0.03,Southeast River Forecast Center,NC,North Carolina,no_flooding,2.35,ft,0.0064,kcfs,RAH,Raleigh
STEN7,35.240278,-80.868333,8/12/2025 10:15 AM,Stewart Creek at State St.,Rising,0.01,Southeast River Forecast Center,NC,North Carolina,no_flooding,1.03,ft,-999,kcfs,GSP,Greer
STWG1,33.94111111,-84.10777778,8/12/2025 10:15 AM,Sweetwater Creek (E ATL) at Club Drive near Lilburn,Falling,-0.01,Southeast River Forecast Center,GA,Georgia,no_flooding,2.98,ft,0.0113,kcfs,FFC,Peachtree City
BLBV2,36.741903,-80.002438,8/12/2025 10:15 AM,Blackberry Creek near Bassett,Rising,0.04,Southeast River Forecast Center,VA,Virginia,no_flooding,3.15,ft,-999,kcfs,RNK,Blacksburg
DFCV2,36.58672,-79.37891,8/12/2025 10:15 AM,Fall Creek at River Street in Danville,Falling,-0.01,Southeast River Forecast Center,VA,Virginia,no_flooding,1.38,ft,-999,kcfs,RNK,Blacksburg
GCKN7,35.13027778,-80.63138889,8/12/2025 10:15 AM,Goose Creek at Hwy 1524 nr Indian Trail,Rising,0.22,Southeast River Forecast Center,NC,North Carolina,no_flooding,0.86,ft,0.019,kcfs,GSP,Greer
LSMN7,35.20361111,-80.83694444,8/12/2025 10:15 AM,Little Sugar Creek (NC) at Medical Center Dr,Falling,-0.65,Southeast River Forecast Center,NC,North Carolina,no_flooding,4.27,ft,0.217,kcfs,GSP,Greer
MCCN7,35.11833333,-80.80666667,8/12/2025 10:15 AM,McAlpine Creek at Colony Rd,Rising,0.26,Southeast River Forecast Center,NC,North Carolina,no_flooding,3.13,ft,-999,kcfs,GSP,Greer
MCDN7,35.38972222,-80.92111111,8/12/2025 10:15 AM,McDowell Creek at Beatties Ford Rd.,No change,0,Southeast River Forecast Center,NC,North Carolina,no_flooding,4.34,ft,0.0778,kcfs,GSP,Greer
NBSG1,34.0218611,-84.5529444,8/12/2025 10:15 AM,Noonday Creek Upstream of Chastain Meadows Parkway near Kennesaw,Falling,-0.04,Southeast River Forecast Center,GA,Georgia,no_flooding,2.44,ft,-999,kcfs,FFC,Peachtree City
NCKG1,33.86916667,-84.37888889,8/12/2025 10:15 AM,Nancy Creek at Rickenbacker Drive at Atlanta,Falling,-0.01,Southeast River Forecast Center,GA,Georgia,no_flooding,1.37,ft,0.055,kcfs,FFC,Peachtree City
SGWN7,36.239028,-81.822327,8/12/2025 10:15 AM,Watauga River near Sugar Grove,No change,0,Lower Mississippi River Forecast Center,NC,North Carolina,no_flooding,1.73,ft,0.0898,kcfs,RNK,Blacksburg
GAPV2,36.865056,-82.771167,8/12/2025 10:15 AM,South Fork Powell River at Big Stone Gap,Falling,-0.01,Lower Mississippi River Forecast Center,VA,Virginia,no_flooding,3.01,ft,-999,kcfs,MRX,Morristown
GATT1,35.699444,-83.527222,8/12/2025 10:15 AM,West Prong Little Pigeon River above Gatlinburg,No change,0,Lower Mississippi River Forecast Center,TN,Tennessee,no_flooding,3.17,ft,0.0572,kcfs,MRX,Morristown
LCCN7,35.727383,-81.244858,8/12/2025 10:15 AM,Lyle Creek at Section House Rd 2 NW Conover,Falling,-0.03,Southeast River Forecast Center,NC,North Carolina,no_flooding,0.85,ft,-999,kcfs,GSP,Greer
LHCN7,35.16444444,-80.85305556,8/12/2025 10:15 AM,Little Hope Creek at SENECA PLACE,Rising,0.34,Southeast River Forecast Center,NC,North Carolina,no_flooding,4.06,ft,0.0528,kcfs,GSP,Greer
LNDN7,35.415315,-81.5608,8/12/2025 10:15 AM,First Broad River at Lawndale,Falling,-0.27,Southeast River Forecast Center,NC,North Carolina,no_flooding,5.24,ft,1.3,kcfs,GSP,Greer
TRLN7,35.76833333,-78.69111111,8/12/2025 10:15 AM,Walnut Creek (NC) at Trailwood Drive,Falling,-0.01,Southeast River Forecast Center,NC,North Carolina,no_flooding,5.74,ft,0.069,kcfs,RAH,Raleigh
BLVG1,34.845,-83.93861111,8/12/2025 10:15 AM,Nottely River near Blairsville,Rising,0.01,Lower Mississippi River Forecast Center,GA,Georgia,no_flooding,3.14,ft,0.303,kcfs,FFC,Peachtree City
IGCV2,36.895933,-82.026579,8/12/2025 10:15 AM,Big Cedar Creek 1E Lebanon,Falling,-0.01,Lower Mississippi River Forecast Center,VA,Virginia,no_flooding,3.67,ft,-999,kcfs,MRX,Morristown
LSAN7,35.14805556,-80.85777778,8/12/2025 10:15 AM,Little Sugar Creek (NC) at Archdale Drive,Rising,0.18,Southeast River Forecast Center,NC,North Carolina,no_flooding,2.9,ft,0.0679,kcfs,GSP,Greer
MCBS1,34.51388889,-80.18333333,8/12/2025 10:15 AM,Black Creek (SC) near Mcbee,Rising,0.02,Southeast River Forecast Center,SC,South Carolina,no_flooding,7.13,ft,0.172,kcfs,CAE,West Columbia
NPBG1,33.83138889,-84.34277778,8/12/2025 10:15 AM,North Fork Peachtree Creek at Buford Highway at Atlanta,Falling,-0.01,Southeast River Forecast Center,GA,Georgia,no_flooding,4.07,ft,0.0197,kcfs,FFC,Peachtree City
PHFN7,35.8029,-78.6202,8/12/2025 10:15 AM,Pigeon House Creek at Fenton St,Falling,-0.01,Southeast River Forecast Center,NC,North Carolina,no_flooding,4.24,ft,-999,kcfs,RAH,Raleigh
PNVN7,35.09083333,-80.89944444,8/12/2025 10:15 AM,Sugar Creek NC at NC 51 nr Pineville,Falling,-0.02,Southeast River Forecast Center,NC,North Carolina,no_flooding,1.71,ft,0.0709,kcfs,GSP,Greer
PRCG1,33.79416667,-84.47444444,8/12/2025 10:15 AM,Proctor Creek at Jackson Parkway at Atlanta,Falling,-0.01,Southeast River Forecast Center,GA,Georgia,no_flooding,3.26,ft,0.0023,kcfs,FFC,Peachtree City
SMCG1,33.97916667,-84.45222222,8/12/2025 10:15 AM,Sewell Mill Creek at GA 120 near Marietta,No change,0,Southeast River Forecast Center,GA,Georgia,no_flooding,1.08,ft,-999,kcfs,FFC,Peachtree City
SMON7,35.228333,-80.869167,8/12/2025 10:15 AM,Stewart Creek at W Morehead St (US 29),Rising,0.01,Southeast River Forecast Center,NC,North Carolina,no_flooding,1.44,ft,-999,kcfs,GSP,Greer
STHG1,33.67888889,-84.35805556,8/12/2025 10:15 AM,South River at Forrest Park Road at Atlanta,No change,0,Southeast River Forecast Center,GA,Georgia,no_flooding,3.06,ft,0.0167,kcfs,FFC,Peachtree City
STSN7,35.105,-80.95361111,8/12/2025 10:15 AM,Steele Creek at Carowinds Blvd,No change,0,Southeast River Forecast Center,NC,North Carolina,no_flooding,1.51,ft,0.0184,kcfs,GSP,Greer
TWNT1,35.66444444,-83.71138889,8/12/2025 10:15 AM,Little River (TN) at Townsend,No change,0,Lower Mississippi River Forecast Center,TN,Tennessee,no_flooding,1.97,ft,0.195,kcfs,MRX,Morristown
UTYG1,33.74333333,-84.56833333,8/12/2025 10:15 AM,Utoy Creek at Great Southwest Parkway near Atlanta,Rising,0.01,Southeast River Forecast Center,GA,Georgia,no_flooding,2.77,ft,0.0056,kcfs,FFC,Peachtree City
BSPN7,35.210833,-81.6975,8/12/2025 10:15 AM,"Broad River above Sandy Run Ck, 3 SSW Boiling Springs",Falling,-0.19,Southeast River Forecast Center,NC,North Carolina,no_flooding,5.98,ft,6.72,kcfs,GSP,Greer
FMCN7,35.07694444,-80.8225,8/12/2025 10:15 AM,Fourmile Creek (NC) at Elm Lane,Rising,0.46,Southeast River Forecast Center,NC,North Carolina,no_flooding,5.34,ft,0.101,kcfs,GSP,Greer
GSRV2,36.935665,-82.486582,8/12/2025 10:15 AM,Guest River at Riverview,No change,0,Lower Mississippi River Forecast Center,VA,Virginia,no_flooding,3.42,ft,-999,kcfs,MRX,Morristown
LLGN7,35.39611111,-82.9375,8/12/2025 10:15 AM,Pigeon River (NC) above (W Fork) Abv Lake Logan,No change,0,Lower Mississippi River Forecast Center,NC,North Carolina,no_flooding,1.8,ft,0.178,kcfs,GSP,Greer
MTVV2,36.664183,-79.883794,8/12/2025 10:15 AM,Smith River at Martinsville Hydroelectic Dam,Falling,-0.01,Southeast River Forecast Center,VA,Virginia,no_flooding,696.19,ft,-999,kcfs,RNK,Blacksburg
NELS1,34.66416667,-81.44916667,8/12/2025 10:15 AM,Broad River in NC/SC at Neal Shoals Reservoir,Rising,0.11,Southeast River Forecast Center,SC,South Carolina,no_flooding,335.16,ft,-999,kcfs,GSP,Greer
BCBV2,36.63166667,-82.13388889,8/12/2025 10:15 AM,Beaver Creek (VA) at Bristol,No change,0,Lower Mississippi River Forecast Center,VA,Virginia,no_flooding,3.24,ft,-999,kcfs,MRX,Morristown
CAMS1,35.10638889,-82.12972222,8/12/2025 10:15 AM,South Pacolet River near Campobello,Rising,0.05,Southeast River Forecast Center,SC,South Carolina,no_flooding,4.5,ft,0.14,kcfs,GSP,Greer
DMCV2,36.625567,-81.770457,8/12/2025 10:15 AM,Laurel Creek 1SE Damascus,Falling,-0.01,Lower Mississippi River Forecast Center,VA,Virginia,no_flooding,2.66,ft,0.622,kcfs,MRX,Morristown
DOET1,36.34444444,-82.21027778,8/12/2025 10:15 AM,Doe River at Elizabethton,Rising,0.01,Lower Mississippi River Forecast Center,TN,Tennessee,no_flooding,1.51,ft,0.12,kcfs,MRX,Morristown
FNGS1,35.12083333,-81.98611111,8/12/2025 10:15 AM,North Pacolet River near Fingerville,Falling,-0.06,Southeast River Forecast Center,SC,South Carolina,no_flooding,4.4,ft,0.397,kcfs,GSP,Greer
FREG1,34.29305556,-84.26361111,8/12/2025 10:15 AM,Settingdown Creek near Ball Ground,Rising,0.01,Southeast River Forecast Center,GA,Georgia,no_flooding,1.03,ft,0.0303,kcfs,FFC,Peachtree City
IRSN7,35.26194444,-80.83694444,8/12/2025 10:15 AM,Irwin Creek at Statesville Ave,No change,0,Southeast River Forecast Center,NC,North Carolina,no_flooding,2,ft,0.003,kcfs,GSP,Greer
LAWG1,33.92583333,-84.03777778,8/12/2025 10:15 AM,Pew Creek at Patterson Road near Lawrenceville,No change,0,Southeast River Forecast Center,GA,Georgia,no_flooding,3.44,ft,0.0034,kcfs,FFC,Peachtree City
MACN7,36.5402,-75.9723,8/12/2025 10:15 AM,Currituck Sound at Marsh Causeway @ NC 615,No change,0,Southeast River Forecast Center,NC,North Carolina,no_flooding,0.67,ft,-999,kcfs,AKQ,Wakefield
MALN7,35.13777778,-80.7675,8/12/2025 10:15 AM,McAlpine Creek below Sardis Road,Rising,1.01,Southeast River Forecast Center,NC,North Carolina,no_flooding,2.62,ft,0.261,kcfs,GSP,Greer
NEEN7,35.33638889,-83.52694444,8/12/2025 10:15 AM,Little Tennessee River near NEEDMORE,Rising,0.02,Lower Mississippi River Forecast Center,NC,North Carolina,no_flooding,2.4,ft,0.49,kcfs,GSP,Greer
PAWN7,35.24027778,-80.97444444,8/12/2025 10:15 AM,Paw Creek at Wilkinson Blvd,Falling,-0.02,Southeast River Forecast Center,NC,North Carolina,no_flooding,1.45,ft,-999,kcfs,GSP,Greer
ROSN7,35.14222222,-82.82416667,8/12/2025 10:15 AM,French Broad River at Rosman,Rising,0.1,Lower Mississippi River Forecast Center,NC,North Carolina,no_flooding,2.82,ft,0.295,kcfs,GSP,Greer
SEPG1,33.68388889,-84.41527778,8/12/2025 10:15 AM,South River at Springdale Road near East Point,No change,0,Southeast River Forecast Center,GA,Georgia,no_flooding,2.29,ft,-999,kcfs,FFC,Peachtree City
SMHS1,34.02722222,-81.04194444,8/12/2025 10:15 AM,Smith Branch (SC) at North Main St Columbia,No change,0,Southeast River Forecast Center,SC,South Carolina,no_flooding,0.51,ft,0.0026,kcfs,CAE,West Columbia
WALN7,35.75833333,-78.58277778,8/12/2025 10:15 AM,Walnut Creek (NC) at Sunnybrook Dr in Raleigh,Falling,-0.1,Southeast River Forecast Center,NC,North Carolina,no_flooding,8.45,ft,0.899,kcfs,RAH,Raleigh
WROV2,36.9293,-81.1322,8/12/2025 10:15 AM,Reed Creek at Old Stage Road near Wytheville,Rising,0.02,Ohio River Forecast Center,VA,Virginia,no_flooding,5.73,ft,-999,kcfs,RNK,Blacksburg
AWRN7,35.13972222,-80.91111111,8/12/2025 10:15 AM,Sugar Creek NC at Arrowood Rd,Falling,-0.02,Southeast River Forecast Center,NC,North Carolina,no_flooding,1.04,ft,-999,kcfs,GSP,Greer
GATV2,36.60861111,-82.56805556,8/12/2025 10:15 AM,North Fork Holston River near Gate City,No change,0,Lower Mississippi River Forecast Center,VA,Virginia,no_flooding,1.84,ft,0.203,kcfs,MRX,Morristown
GVLS1,34.8,-82.3651213,8/12/2025 10:15 AM,Reedy River at Greenville @ I-85,Falling,-0.02,Southeast River Forecast Center,SC,South Carolina,no_flooding,0.91,ft,0.0584,kcfs,GSP,Greer
KNOT1,35.94583333,-83.94666667,8/12/2025 10:15 AM,Tennessee River at Knoxville,Falling,-0.04,Lower Mississippi River Forecast Center,TN,Tennessee,no_flooding,812.98,ft,61.9,kcfs,MRX,Morristown
LSTN7,35.25027778,-80.80833333,8/12/2025 10:15 AM,Little Sugar Creek (NC) below 36th street,No change,0,Southeast River Forecast Center,NC,North Carolina,no_flooding,2.76,ft,-999,kcfs,GSP,Greer
RWSG1,34.0175,-84.35333333,8/12/2025 10:15 AM,Big Creek below Hog Wallow at Roswell,Falling,-0.05,Southeast River Forecast Center,GA,Georgia,no_flooding,2.97,ft,0.12,kcfs,FFC,Peachtree City
TFLG1,34.73194444,-83.37583333,8/12/2025 10:15 AM,Tallulah River above TALLULAH FALLS PWR HOUSE,Falling,-0.01,Southeast River Forecast Center,GA,Georgia,no_flooding,5.19,ft,0.0463,kcfs,GSP,Greer
WNDN7,36.04805556,-76.98416667,8/12/2025 10:15 AM,Cashie River near Windsor,No change,0,Southeast River Forecast Center,NC,North Carolina,no_flooding,3.45,ft,0,kcfs,AKQ,Wakefield
CWPN7,35.46388889,-82.9,8/12/2025 10:15 AM,West Fork Pigeon River near Bethel,Rising,0.01,Lower Mississippi River Forecast Center,NC,North Carolina,no_flooding,0.91,ft,0.188,kcfs,GSP,Greer
GCBG1,34.26944444,-83.46777778,8/12/2025 10:15 AM,Grove Creek at US 441 and GA 15 near Commerce,No change,0,Southeast River Forecast Center,GA,Georgia,no_flooding,6.85,ft,0.0419,kcfs,FFC,Peachtree City
NANG1,33.83822222,-84.43927778,8/12/2025 10:15 AM,Nancy Creek at West Wesley Road at Atlanta,Falling,-0.03,Southeast River Forecast Center,GA,Georgia,no_flooding,2.22,ft,0.0336,kcfs,FFC,Peachtree City
PINN7,35.08527778,-80.88222222,8/12/2025 10:15 AM,Little Sugar Creek (NC) at NC51 Pineville,Rising,0.01,Southeast River Forecast Center,NC,North Carolina,no_flooding,2.17,ft,0.0797,kcfs,GSP,Greer
RDCN7,35.25861111,-80.66277778,8/12/2025 10:15 AM,Reedy Creek below I-485 nr Pine Ridge,Rising,2.79,Southeast River Forecast Center,NC,North Carolina,no_flooding,5.34,ft,0.239,kcfs,GSP,Greer
WALG1,34.26333333,-84.59555556,8/12/2025 10:15 AM,Shoal Creek at GA 108 near Waleska,No change,0,Southeast River Forecast Center,GA,Georgia,no_flooding,2.25,ft,0.004,kcfs,FFC,Peachtree City
WLCV2,36.767028,-83.030226,8/12/2025 10:15 AM,Wallen Creek at Pennington Gap,No change,0,Lower Mississippi River Forecast Center,VA,Virginia,no_flooding,4.79,ft,-999,kcfs,MRX,Morristown
WODG1,34.12222222,-84.50444444,8/12/2025 10:15 AM,Little River at GA 5 near Woodstock,Falling,-0.01,Southeast River Forecast Center,GA,Georgia,no_flooding,1,ft,0.045,kcfs,FFC,Peachtree City
WRLN7,35.76025,-78.600081,8/12/2025 10:15 AM,Walnut Creek (NC) at Rose Ln in Raleigh,Falling,-0.09,Southeast River Forecast Center,NC,North Carolina,no_flooding,8.61,ft,-999,kcfs,RAH,Raleigh
CAMN7,35.18666667,-80.73666667,8/12/2025 10:15 AM,Campbell Creek (NC) at Idlewild road,Rising,0.23,Southeast River Forecast Center,NC,North Carolina,no_flooding,2.17,ft,0.072,kcfs,GSP,Greer
CEPN7,35.46166667,-82.86972222,8/12/2025 10:15 AM,East Fork Pigeon River above Canton,Falling,-0.02,Lower Mississippi River Forecast Center,NC,North Carolina,no_flooding,0.72,ft,0.142,kcfs,GSP,Greer
COFN7,35.14583333,-80.92694444,8/12/2025 10:15 AM,Coffee Creek at Highway 49,Rising,0.07,Southeast River Forecast Center,NC,North Carolina,no_flooding,2.85,ft,0.0104,kcfs,GSP,Greer
DFIV2,36.711381,-82.795715,8/12/2025 10:15 AM,North Fork Clinch River at Duffield,No change,0,Lower Mississippi River Forecast Center,VA,Virginia,no_flooding,3.32,ft,-999,kcfs,MRX,Morristown
DROV2,36.5784,-79.43138,8/12/2025 10:15 AM,Dan River at Robertson Bridge in Danville,Falling,-0.01,Southeast River Forecast Center,VA,Virginia,no_flooding,4.5,ft,-999,kcfs,RNK,Blacksburg
SWAG1,34.09638889,-84.0780556,8/12/2025 10:15 AM,Level Creek at Suwanee Dam Road near Suwanee,Falling,-0.01,Southeast River Forecast Center,GA,Georgia,no_flooding,3.64,ft,0.0058,kcfs,FFC,Peachtree City
WSTN7,35.206667,-80.921944,8/12/2025 10:15 AM,Taggart Creek at West Blvd (NC 160),Falling,-0.01,Southeast River Forecast Center,NC,North Carolina,no_flooding,1.78,ft,0.0153,kcfs,GSP,Greer
BCLN7,35.17527778,-80.83083333,8/12/2025 10:15 AM,Briar Creek at Colony Road,Rising,0.03,Southeast River Forecast Center,NC,North Carolina,no_flooding,2.75,ft,0.026,kcfs,GSP,Greer
BRPN7,35.1825,-80.82,8/12/2025 10:15 AM,Briar Creek at Providence road,Rising,0.34,Southeast River Forecast Center,NC,North Carolina,no_flooding,1.76,ft,-999,kcfs,GSP,Greer
BVDV2,36.631536,-81.790337,8/12/2025 10:15 AM,Beaverdam Creek at Damascus,Falling,-0.01,Lower Mississippi River Forecast Center,VA,Virginia,no_flooding,4.03,ft,-999,kcfs,MRX,Morristown
BVRN7,35.17222222,-80.98333333,8/12/2025 10:15 AM,Beaverdam Creek above Windy Gap Rd,Falling,-0.01,Southeast River Forecast Center,NC,North Carolina,no_flooding,0.2,ft,-999,kcfs,GSP,Greer
CMRG1,34.20027778,-83.51583333,8/12/2025 10:15 AM,North Oconee River at Woodbridge Road near Commerce,No change,0,Southeast River Forecast Center,GA,Georgia,no_flooding,2.16,ft,-999,kcfs,FFC,Peachtree City
DRIV2,36.5872,-79.38265,8/12/2025 10:15 AM,Dan River at Riverwalk Trail in Danville,Falling,-0.01,Southeast River Forecast Center,VA,Virginia,no_flooding,4.36,ft,-999,kcfs,RNK,Blacksburg
LRYN7,35.30055556,-80.97277778,8/12/2025 10:15 AM,Long Creek at Rhyne NC,Falling,-0.03,Southeast River Forecast Center,NC,North Carolina,no_flooding,1.95,ft,0.0189,kcfs,GSP,Greer
LSHN7,35.17916667,-80.84638889,8/12/2025 10:15 AM,Little Sugar Creek (NC) at Hillside Avenue,Rising,1.27,Southeast River Forecast Center,NC,North Carolina,no_flooding,3.17,ft,-999,kcfs,GSP,Greer
MCLN7,35.33277778,-80.71583333,8/12/2025 10:15 AM,Mallard Creek below Stony Creek nr Harrisburg,Falling,-0.01,Southeast River Forecast Center,NC,North Carolina,no_flooding,3.02,ft,0.0147,kcfs,GSP,Greer
REYN7,35.25638889,-80.70055556,8/12/2025 10:15 AM,Reedy Creek at SR 2803,Rising,0.05,Southeast River Forecast Center,NC,North Carolina,no_flooding,1.88,ft,-999,kcfs,GSP,Greer
RFDN7,34.99861111,-79.21527778,8/12/2025 10:15 AM,Rockfish Creek near Raeford,Rising,0.05,Southeast River Forecast Center,NC,North Carolina,no_flooding,4.5,ft,-999,kcfs,RAH,Raleigh
GCKN7,35.13027778,-80.63138889,8/12/2025 10:15 AM,Goose Creek at Hwy 1524 nr Indian Trail,Rising,0.22,Southeast River Forecast Center,NC,North Carolina,no_flooding,0.86,ft,0.019,kcfs,GSP,Greer
KINN7,35.25777778,-77.58555556,8/12/2025 10:15 AM,Neuse River at Kinston,Rising,0.01,Southeast River Forecast Center,NC,North Carolina,no_flooding,11.18,ft,4.52,kcfs,MHX,Newport
MYVT1,35.785536,-83.884703,8/12/2025 10:15 AM,Little River (TN) near Maryville,Rising,0.04,Lower Mississippi River Forecast Center,TN,Tennessee,no_flooding,5.92,ft,0.282,kcfs,MRX,Morristown
NBSG1,34.0218611,-84.5529444,8/12/2025 10:15 AM,Noonday Creek Upstream of Chastain Meadows Parkway near Kennesaw,Falling,-0.04,Southeast River Forecast Center,GA,Georgia,no_flooding,2.44,ft,-999,kcfs,FFC,Peachtree City
NCKG1,33.86916667,-84.37888889,8/12/2025 10:15 AM,Nancy Creek at Rickenbacker Drive at Atlanta,Falling,-0.01,Southeast River Forecast Center,GA,Georgia,no_flooding,1.37,ft,0.055,kcfs,FFC,Peachtree City
SGWN7,36.239028,-81.822327,8/12/2025 10:15 AM,Watauga River near Sugar Grove,No change,0,Lower Mississippi River Forecast Center,NC,North Carolina,no_flooding,1.73,ft,0.0898,kcfs,RNK,Blacksburg
BOCN7,35.9222,-79.0658,8/12/2025 10:15 AM,Bolin Creek at Village Drive,Falling,-0.01,Southeast River Forecast Center,NC,North Carolina,no_flooding,1.55,ft,-999,kcfs,RAH,Raleigh
CHFS1,35.07,-81.54972222,8/12/2025 10:15 AM,Broad River in NC/SC near CHEROKEE FALLS,No change,0,Southeast River Forecast Center,SC,South Carolina,no_flooding,30.85,ft,-999,kcfs,GSP,Greer
CNWS1,33.83277778,-79.04416667,8/12/2025 10:15 AM,Waccamaw River near Conway,Rising,0.02,Southeast River Forecast Center,SC,South Carolina,action,10.62,ft,-999,kcfs,ILM,Wilmington
HFXN7,36.33111,-77.58028,8/12/2025 10:15 AM,Roanoke River at Halifax,Falling,-0.52,Southeast River Forecast Center,NC,North Carolina,no_flooding,24.27,ft,-999,kcfs,RAH,Raleigh
SBPN7,36.04972222,-79.85611111,8/12/2025 10:15 AM,South Buffalo Creek near Pomona,No change,0,Southeast River Forecast Center,NC,North Carolina,no_flooding,1.24,ft,0.0202,kcfs,RAH,Raleigh
BBGS1,35.124017,-81.587872,8/12/2025 10:15 AM,"Broad River at Shelby Hwy (SC 18), 4 W Blacksburg",Falling,-0.1,Southeast River Forecast Center,SC,South Carolina,no_flooding,10.76,ft,14,kcfs,GSP,Greer
CAMS1,35.10638889,-82.12972222,8/12/2025 10:15 AM,South Pacolet River near Campobello,Rising,0.05,Southeast River Forecast Center,SC,South Carolina,no_flooding,4.5,ft,0.14,kcfs,GSP,Greer
CLYN7,35.64722222,-78.40611111,8/12/2025 10:15 AM,Neuse River near Clayton,Rising,0.28,Southeast River Forecast Center,NC,North Carolina,minor,11.3,ft,7.42,kcfs,RAH,Raleigh
CMMG1,34.16259917,-84.0754666,8/12/2025 10:15 AM,Chattahoochee River at Lake Sidney Lanier near Buford,No change,0,Southeast River Forecast Center,GA,Georgia,no_flooding,1069.74,ft,-999,kcfs,FFC,Peachtree City
CNNG1,34.24,-84.49472222,8/12/2025 10:15 AM,Etowah River at Canton,No change,0,Southeast River Forecast Center,GA,Georgia,no_flooding,1.75,ft,0.383,kcfs,FFC,Peachtree City
DOET1,36.34444444,-82.21027778,8/12/2025 10:15 AM,Doe River at Elizabethton,Rising,0.01,Lower Mississippi River Forecast Center,TN,Tennessee,no_flooding,1.51,ft,0.12,kcfs,MRX,Morristown
FKLV2,36.68027778,-76.91861111,8/12/2025 10:15 AM,Blackwater River (VA) near FRANKLIN,Falling,-0.09,Southeast River Forecast Center,VA,Virginia,no_flooding,0.71,ft,-999,kcfs,AKQ,Wakefield
FNGS1,35.12083333,-81.98611111,8/12/2025 10:15 AM,North Pacolet River near Fingerville,Falling,-0.06,Southeast River Forecast Center,SC,South Carolina,no_flooding,4.4,ft,0.397,kcfs,GSP,Greer
FREG1,34.29305556,-84.26361111,8/12/2025 10:15 AM,Settingdown Creek near Ball Ground,Rising,0.01,Southeast River Forecast Center,GA,Georgia,no_flooding,1.03,ft,0.0303,kcfs,FFC,Peachtree City
LAWG1,33.92583333,-84.03777778,8/12/2025 10:15 AM,Pew Creek at Patterson Road near Lawrenceville,No change,0,Southeast River Forecast Center,GA,Georgia,no_flooding,3.44,ft,0.0034,kcfs,FFC,Peachtree City
LTLN7,36.14166667,-78.91944444,8/12/2025 10:15 AM,Little River (NC) near Orange Factory,Falling,-0.05,Southeast River Forecast Center,NC,North Carolina,no_flooding,2.09,ft,-999,kcfs,RAH,Raleigh
MAHG1,33.99527778,-84.69305556,8/12/2025 10:15 AM,Allatoona Creek at Stilesboro Road near Acworth,Falling,-0.01,Southeast River Forecast Center,GA,Georgia,no_flooding,5.01,ft,0.0031,kcfs,FFC,Peachtree City
MGFG1,33.96833333,-84.38277778,8/12/2025 10:15 AM,Chattahoochee River below Morgan Falls Dam near Roswell,Falling,-0.18,Southeast River Forecast Center,GA,Georgia,no_flooding,811.87,ft,1.54,kcfs,FFC,Peachtree City
NEEN7,35.33638889,-83.52694444,8/12/2025 10:15 AM,Little Tennessee River near NEEDMORE,Rising,0.02,Lower Mississippi River Forecast Center,NC,North Carolina,no_flooding,2.4,ft,0.49,kcfs,GSP,Greer
ROSN7,35.14222222,-82.82416667,8/12/2025 10:15 AM,French Broad River at Rosman,Rising,0.1,Lower Mississippi River Forecast Center,NC,North Carolina,no_flooding,2.82,ft,0.295,kcfs,GSP,Greer
SEPG1,33.68388889,-84.41527778,8/12/2025 10:15 AM,South River at Springdale Road near East Point,No change,0,Southeast River Forecast Center,GA,Georgia,no_flooding,2.29,ft,-999,kcfs,FFC,Peachtree City
SMHS1,34.02722222,-81.04194444,8/12/2025 10:15 AM,Smith Branch (SC) at North Main St Columbia,No change,0,Southeast River Forecast Center,SC,South Carolina,no_flooding,0.51,ft,0.0026,kcfs,CAE,West Columbia
WALN7,35.75833333,-78.58277778,8/12/2025 10:15 AM,Walnut Creek (NC) at Sunnybrook Dr in Raleigh,Falling,-0.1,Southeast River Forecast Center,NC,North Carolina,no_flooding,8.45,ft,0.899,kcfs,RAH,Raleigh
WROV2,36.9293,-81.1322,8/12/2025 10:15 AM,Reed Creek at Old Stage Road near Wytheville,Rising,0.02,Ohio River Forecast Center,VA,Virginia,no_flooding,5.73,ft,-999,kcfs,RNK,Blacksburg
BALG1,34.31055556,-84.40333333,8/12/2025 10:15 AM,Sharp Mountain Creek at Old GA 5 below Ball Ground,No change,0,Southeast River Forecast Center,GA,Georgia,no_flooding,3.14,ft,0.0647,kcfs,FFC,Peachtree City
CHES1,34.70833333,-79.875,8/12/2025 10:15 AM,Pee Dee River at Cheraw,Rising,0.52,Southeast River Forecast Center,SC,South Carolina,no_flooding,8.2,ft,7.1,kcfs,CAE,West Columbia
KILN7,35.43416667,-81.03,8/12/2025 10:15 AM,Killian Creek near MARIPOSA,Falling,-0.03,Southeast River Forecast Center,NC,North Carolina,no_flooding,3.43,ft,0.0469,kcfs,GSP,Greer
LRLS1,34.50075,-82.008944,8/12/2025 10:15 AM,Little River at Gordon Street in Laurens,Rising,0.05,Southeast River Forecast Center,SC,South Carolina,no_flooding,2.72,ft,-999,kcfs,GSP,Greer
LRZN7,35.822,-78.352,8/12/2025 10:15 AM,Little River (NC) near Zebulon,Falling,-0.03,Southeast River Forecast Center,NC,North Carolina,no_flooding,2.91,ft,-999,kcfs,RAH,Raleigh
LUCN7,35.691111,-78.10972,8/12/2025 10:15 AM,Contentnea Creek near Lucama,Rising,0.1,Southeast River Forecast Center,NC,North Carolina,no_flooding,4.52,ft,0.322,kcfs,RAH,Raleigh
MBHN7,36.14972222,-78.89666667,8/12/2025 10:15 AM,Mountain Creek at SR1617 Nr Bahama,Falling,-0.04,Southeast River Forecast Center,NC,North Carolina,no_flooding,4.51,ft,-999,kcfs,RAH,Raleigh
MNCG1,34.70305556,-84.53944444,8/12/2025 10:15 AM,Mountaintown Creek at GA 282 near Ellijay,No change,0,Southeast River Forecast Center,GA,Georgia,no_flooding,3.17,ft,0.103,kcfs,FFC,Peachtree City
RTRN7,35.42666667,-82.91972222,8/12/2025 10:15 AM,Pigeon River (NC) near (W Fork) nr Retreat,Rising,0.01,Lower Mississippi River Forecast Center,NC,North Carolina,no_flooding,2.03,ft,0.167,kcfs,GSP,Greer
SLTS1,35.08388889,-82.46,8/12/2025 10:15 AM,North Saluda River at Highway 11,Rising,0.11,Southeast River Forecast Center,SC,South Carolina,no_flooding,4.48,ft,0.11,kcfs,GSP,Greer
SMRN7,35.23611111,-80.77111111,8/12/2025 10:15 AM,Briar Creek at Shamrock Drive,Rising,0.29,Southeast River Forecast Center,NC,North Carolina,no_flooding,2.29,ft,0.0857,kcfs,GSP,Greer
SPJG1,33.80277778,-84.34083333,8/12/2025 10:15 AM,South Fork Peachtree Creek at Johnson Road near Atlanta,Falling,-0.01,Southeast River Forecast Center,GA,Georgia,no_flooding,3.5,ft,0.014,kcfs,FFC,Peachtree City
ETWG1,34.16305556,-84.74111111,8/12/2025 10:15 AM,Etowah River at Allatoona Dam above Cartersville,No change,0,Southeast River Forecast Center,GA,Georgia,no_flooding,1.26,ft,0.32,kcfs,FFC,Peachtree City
IBFN7,35.32166667,-80.54083333,8/12/2025 10:15 AM,Rocky River NC near ROCKY RIVER/ ABV IRISH BUFFALO CK,Falling,-0.03,Southeast River Forecast Center,NC,North Carolina,no_flooding,3.37,ft,0.373,kcfs,GSP,Greer
LOWN7,35.285278,-81.101111,8/12/2025 10:15 AM,"SF Catawba River below George Poston Park, 1 N Lowell",Falling,-0.04,Southeast River Forecast Center,NC,North Carolina,no_flooding,4.55,ft,1.53,kcfs,GSP,Greer
LSRS1,34.04444444,-81.69722222,8/12/2025 10:15 AM,Little Saluda River near Saluda,Rising,0.15,Southeast River Forecast Center,SC,South Carolina,no_flooding,11.71,ft,-999,kcfs,CAE,West Columbia
SWAG1,34.09638889,-84.0780556,8/12/2025 10:15 AM,Level Creek at Suwanee Dam Road near Suwanee,Falling,-0.01,Southeast River Forecast Center,GA,Georgia,no_flooding,3.64,ft,0.0058,kcfs,FFC,Peachtree City
WSTN7,35.206667,-80.921944,8/12/2025 10:15 AM,Taggart Creek at West Blvd (NC 160),Falling,-0.01,Southeast River Forecast Center,NC,North Carolina,no_flooding,1.78,ft,0.0153,kcfs,GSP,Greer
ALTS1,34.24305556,-81.31972222,8/12/2025 10:15 AM,Broad River in NC/SC at Alston,Falling,-0.01,Southeast River Forecast Center,SC,South Carolina,no_flooding,4.51,ft,3.28,kcfs,CAE,West Columbia
CMRG1,34.20027778,-83.51583333,8/12/2025 10:15 AM,North Oconee River at Woodbridge Road near Commerce,No change,0,Southeast River Forecast Center,GA,Georgia,no_flooding,2.16,ft,-999,kcfs,FFC,Peachtree City
DONG1,34.42555556,-84.21194444,8/12/2025 10:15 AM,Amicalola Creek near Dawsonville,No change,0,Southeast River Forecast Center,GA,Georgia,no_flooding,0.6,ft,0.0886,kcfs,FFC,Peachtree City
HSPN7,35.889717,-82.821,8/12/2025 10:15 AM,"French Broad River above Silver Mine Ck, in Hot Springs",Rising,0.04,Lower Mississippi River Forecast Center,NC,North Carolina,no_flooding,3.14,ft,2.12,kcfs,GSP,Greer
IRMS1,34.05194444,-81.22083333,8/12/2025 10:15 AM,Saluda River at Lake Murray Dam near Irmo,No change,0,Southeast River Forecast Center,SC,South Carolina,no_flooding,358.7,ft,-999,kcfs,CAE,West Columbia
NUDN7,35.94111111,-78.58333333,8/12/2025 10:15 AM,Neuse River at Falls Lake,Rising,0.01,Southeast River Forecast Center,NC,North Carolina,no_flooding,253.7,ft,-999,kcfs,RAH,Raleigh
REYN7,35.25638889,-80.70055556,8/12/2025 10:15 AM,Reedy Creek at SR 2803,Rising,0.05,Southeast River Forecast Center,NC,North Carolina,no_flooding,1.88,ft,-999,kcfs,GSP,Greer
RFDN7,34.99861111,-79.21527778,8/12/2025 10:15 AM,Rockfish Creek near Raeford,Rising,0.05,Southeast River Forecast Center,NC,North Carolina,no_flooding,4.5,ft,-999,kcfs,RAH,Raleigh
ARTT1,36.5425219,-83.6300294,8/12/2025 10:15 AM,Powell River near Arthur,Falling,-0.01,Lower Mississippi River Forecast Center,TN,Tennessee,no_flooding,2.74,ft,0.368,kcfs,MRX,Morristown
BKCN7,35.309167,-80.673611,8/12/2025 10:15 AM,Back Creek at Caldwell Rd near Harrisburg,Rising,0.66,Southeast River Forecast Center,NC,North Carolina,no_flooding,3.25,ft,0.0242,kcfs,GSP,Greer
CARS1,34.595,-81.42138889,8/12/2025 10:15 AM,Broad River in NC/SC near CARLISLE,Rising,0.22,Southeast River Forecast Center,SC,South Carolina,no_flooding,9.73,ft,15.1,kcfs,GSP,Greer
DALN7,36.29888889,-80.43138889,8/12/2025 10:15 AM,Little Yadkin River near Dalton,No change,0,Southeast River Forecast Center,NC,North Carolina,no_flooding,0.57,ft,0.0117,kcfs,RNK,Blacksburg
LAWS1,34.94805556,-81.86888889,8/12/2025 10:15 AM,Lawsons Fork Creek at Spartanburg,Falling,-0.22,Southeast River Forecast Center,SC,South Carolina,no_flooding,7.22,ft,0.465,kcfs,GSP,Greer
POCT1,35.7077,-83.3826,8/12/2025 10:15 AM,Porters Creek 3S Pittman Center (Greenbrier),No change,0,Lower Mississippi River Forecast Center,TN,Tennessee,no_flooding,0.59,ft,-999,kcfs,MRX,Morristown
RLHN7,35.8375,-78.67388889,8/12/2025 10:15 AM,Crabtree Creek at Glenwood Ave,Falling,-0.06,Southeast River Forecast Center,NC,North Carolina,no_flooding,9.59,ft,1.03,kcfs,RAH,Raleigh
SBHN7,36.03777778,-79.80027778,8/12/2025 10:15 AM,South Buffalo Creek at US220 Nr Greensboro,Falling,-0.03,Southeast River Forecast Center,NC,North Carolina,no_flooding,2.35,ft,0.0064,kcfs,RAH,Raleigh
STEN7,35.240278,-80.868333,8/12/2025 10:15 AM,Stewart Creek at State St.,Rising,0.01,Southeast River Forecast Center,NC,North Carolina,no_flooding,1.03,ft,-999,kcfs,GSP,Greer
STWG1,33.94111111,-84.10777778,8/12/2025 10:15 AM,Sweetwater Creek (E ATL) at Club Drive near Lilburn,Falling,-0.01,Southeast River Forecast Center,GA,Georgia,no_flooding,2.98,ft,0.0113,kcfs,FFC,Peachtree City
BSGV2,36.86888889,-82.77555556,8/12/2025 10:15 AM,Powell River at Big Stone Gap,Falling,-0.01,Lower Mississippi River Forecast Center,VA,Virginia,no_flooding,2.57,ft,0.111,kcfs,MRX,Morristown
BSPN7,35.210833,-81.6975,8/12/2025 10:15 AM,"Broad River above Sandy Run Ck, 3 SSW Boiling Springs",Falling,-0.19,Southeast River Forecast Center,NC,North Carolina,no_flooding,5.98,ft,6.72,kcfs,GSP,Greer
MONN7,35.62722222,-79.11611111,8/12/2025 10:15 AM,Deep River near Moncure,Rising,0.04,Southeast River Forecast Center,NC,North Carolina,no_flooding,3.07,ft,1.71,kcfs,RAH,Raleigh
NELS1,34.66416667,-81.44916667,8/12/2025 10:15 AM,Broad River in NC/SC at Neal Shoals Reservoir,Rising,0.11,Southeast River Forecast Center,SC,South Carolina,no_flooding,335.16,ft,-999,kcfs,GSP,Greer
CATG1,34.60361111,-84.69555556,8/12/2025 10:15 AM,Coosawattee River at Carters,Falling,-0.03,Southeast River Forecast Center,GA,Georgia,no_flooding,4.75,ft,0.581,kcfs,FFC,Peachtree City
CCPS1,33.69,-81.25416667,8/12/2025 10:15 AM,Cedar Creek near Thor ,No change,0,Southeast River Forecast Center,SC,South Carolina,no_flooding,2.39,ft,-999,kcfs,CAE,West Columbia
GATV2,36.60861111,-82.56805556,8/12/2025 10:15 AM,North Fork Holston River near Gate City,No change,0,Lower Mississippi River Forecast Center,VA,Virginia,no_flooding,1.84,ft,0.203,kcfs,MRX,Morristown
GVLS1,34.8,-82.3651213,8/12/2025 10:15 AM,Reedy River at Greenville @ I-85,Falling,-0.02,Southeast River Forecast Center,SC,South Carolina,no_flooding,0.91,ft,0.0584,kcfs,GSP,Greer
KNOT1,35.94583333,-83.94666667,8/12/2025 10:15 AM,Tennessee River at Knoxville,Falling,-0.04,Lower Mississippi River Forecast Center,TN,Tennessee,no_flooding,812.98,ft,61.9,kcfs,MRX,Morristown
NCRG1,33.99722222,-84.20194444,8/12/2025 10:15 AM,Chattahoochee River at Highway 141 near Norcross,Falling,-0.31,Southeast River Forecast Center,GA,Georgia,no_flooding,3.44,ft,1.91,kcfs,FFC,Peachtree City
NHPN7,35.65444444,-79.06833333,8/12/2025 10:15 AM,Haw River at Jordan Lake,Falling,-0.02,Southeast River Forecast Center,NC,North Carolina,no_flooding,217.68,ft,-999,kcfs,RAH,Raleigh
OOBT1,35.3276313,-84.7051057,8/12/2025 10:15 AM,Oostanaula Creek at Sanford 1SE,Falling,-0.01,Lower Mississippi River Forecast Center,TN,Tennessee,no_flooding,2.45,ft,0.061,kcfs,MRX,Morristown
RWSG1,34.0175,-84.35333333,8/12/2025 10:15 AM,Big Creek below Hog Wallow at Roswell,Falling,-0.05,Southeast River Forecast Center,GA,Georgia,no_flooding,2.97,ft,0.12,kcfs,FFC,Peachtree City
TFLG1,34.73194444,-83.37583333,8/12/2025 10:15 AM,Tallulah River above TALLULAH FALLS PWR HOUSE,Falling,-0.01,Southeast River Forecast Center,GA,Georgia,no_flooding,5.19,ft,0.0463,kcfs,GSP,Greer
WNDN7,36.04805556,-76.98416667,8/12/2025 10:15 AM,Cashie River near Windsor,No change,0,Southeast River Forecast Center,NC,North Carolina,no_flooding,3.45,ft,0,kcfs,AKQ,Wakefield
BRSS1,34.88333333,-82.30138889,8/12/2025 10:15 AM,Brushy Creek near Old Spartanburg Rd,No change,0,Southeast River Forecast Center,SC,South Carolina,no_flooding,1.75,ft,0.0166,kcfs,GSP,Greer
CALG1,34.51888889,-84.95444444,8/12/2025 10:15 AM,Oostanaula River at Calhoun,Rising,0.03,Southeast River Forecast Center,GA,Georgia,no_flooding,3.58,ft,-999,kcfs,FFC,Peachtree City
CHAS1,34.17444444,-81.86416667,8/12/2025 10:15 AM,Saluda River at Chappells,Rising,0.06,Southeast River Forecast Center,SC,South Carolina,no_flooding,6.41,ft,2.6,kcfs,CAE,West Columbia
DOGG1,33.65388889,-84.82111111,8/12/2025 10:15 AM,Dog River at GA 5 near Fairplay,No change,0,Southeast River Forecast Center,GA,Georgia,no_flooding,3.35,ft,0.0133,kcfs,FFC,Peachtree City
LCCN7,35.727383,-81.244858,8/12/2025 10:15 AM,Lyle Creek at Section House Rd 2 NW Conover,Falling,-0.03,Southeast River Forecast Center,NC,North Carolina,no_flooding,0.85,ft,-999,kcfs,GSP,Greer
LNDN7,35.415315,-81.5608,8/12/2025 10:15 AM,First Broad River at Lawndale,Falling,-0.27,Southeast River Forecast Center,NC,North Carolina,no_flooding,5.24,ft,1.3,kcfs,GSP,Greer
NEUN7,35.94,-78.57555556,8/12/2025 10:15 AM,Neuse River above Neuse River Below Falls Dam,Rising,0.03,Southeast River Forecast Center,NC,North Carolina,no_flooding,3.22,ft,2.34,kcfs,RAH,Raleigh
NFBG1,33.84166667,-84.32194444,8/12/2025 10:15 AM,North Fork Peachtree Creek at Briarwood Road near Atlanta,Falling,-0.01,Southeast River Forecast Center,GA,Georgia,no_flooding,2.39,ft,-999,kcfs,FFC,Peachtree City
TRLN7,35.76833333,-78.69111111,8/12/2025 10:15 AM,Walnut Creek (NC) at Trailwood Drive,Falling,-0.01,Southeast River Forecast Center,NC,North Carolina,no_flooding,5.74,ft,0.069,kcfs,RAH,Raleigh
CTRG1,34.6165833,-84.673111,8/12/2025 10:15 AM,Coosawattee River at Carters Lake near Carters,Rising,0.08,Southeast River Forecast Center,GA,Georgia,action,1074.07,ft,-999,kcfs,FFC,Peachtree City
DILN7,35.38444444,-83.29166667,8/12/2025 10:15 AM,Tuckasegee River at Barkers creek nr Dillsboro,Falling,-0.01,Lower Mississippi River Forecast Center,NC,North Carolina,no_flooding,3.86,ft,0.485,kcfs,GSP,Greer
GCBG1,34.26944444,-83.46777778,8/12/2025 10:15 AM,Grove Creek at US 441 and GA 15 near Commerce,No change,0,Southeast River Forecast Center,GA,Georgia,no_flooding,6.85,ft,0.0419,kcfs,FFC,Peachtree City
GLDN7,35.3375,-77.9975,8/12/2025 10:15 AM,Neuse River near Goldsboro,Rising,0.04,Southeast River Forecast Center,NC,North Carolina,no_flooding,13.48,ft,6.09,kcfs,RAH,Raleigh
NANG1,33.83822222,-84.43927778,8/12/2025 10:15 AM,Nancy Creek at West Wesley Road at Atlanta,Falling,-0.03,Southeast River Forecast Center,GA,Georgia,no_flooding,2.22,ft,0.0336,kcfs,FFC,Peachtree City
RDCN7,35.25861111,-80.66277778,8/12/2025 10:15 AM,Reedy Creek below I-485 nr Pine Ridge,Rising,2.79,Southeast River Forecast Center,NC,North Carolina,no_flooding,5.34,ft,0.239,kcfs,GSP,Greer
WALG1,34.26333333,-84.59555556,8/12/2025 10:15 AM,Shoal Creek at GA 108 near Waleska,No change,0,Southeast River Forecast Center,GA,Georgia,no_flooding,2.25,ft,0.004,kcfs,FFC,Peachtree City
WLCV2,36.767028,-83.030226,8/12/2025 10:15 AM,Wallen Creek at Pennington Gap,No change,0,Lower Mississippi River Forecast Center,VA,Virginia,no_flooding,4.79,ft,-999,kcfs,MRX,Morristown
WODG1,34.12222222,-84.50444444,8/12/2025 10:15 AM,Little River at GA 5 near Woodstock,Falling,-0.01,Southeast River Forecast Center,GA,Georgia,no_flooding,1,ft,0.045,kcfs,FFC,Peachtree City
WRLN7,35.76025,-78.600081,8/12/2025 10:15 AM,Walnut Creek (NC) at Rose Ln in Raleigh,Falling,-0.09,Southeast River Forecast Center,NC,North Carolina,no_flooding,8.61,ft,-999,kcfs,RAH,Raleigh
ARRN7,36.40444444,-80.56194444,8/12/2025 10:15 AM,Ararat River at Ararat,No change,0,Southeast River Forecast Center,NC,North Carolina,no_flooding,1.41,ft,0.322,kcfs,RNK,Blacksburg
BLVG1,34.845,-83.93861111,8/12/2025 10:15 AM,Nottely River near Blairsville,Rising,0.01,Lower Mississippi River Forecast Center,GA,Georgia,no_flooding,3.14,ft,0.303,kcfs,FFC,Peachtree City
CVLG1,34.16380556,-84.7277222,8/12/2025 10:15 AM,Etowah River at Allatoona Lake near Cartersville,No change,0,Southeast River Forecast Center,GA,Georgia,no_flooding,838.9,ft,-999,kcfs,FFC,Peachtree City
FISS1,34.975,-81.18,8/12/2025 10:15 AM,Fishing Creek at Highway 5 below York,No change,0,Southeast River Forecast Center,SC,South Carolina,no_flooding,2.95,ft,-999,kcfs,GSP,Greer
NPBG1,33.83138889,-84.34277778,8/12/2025 10:15 AM,North Fork Peachtree Creek at Buford Highway at Atlanta,Falling,-0.01,Southeast River Forecast Center,GA,Georgia,no_flooding,4.07,ft,0.0197,kcfs,FFC,Peachtree City
PNVN7,35.09083333,-80.89944444,8/12/2025 10:15 AM,Sugar Creek NC at NC 51 nr Pineville,Falling,-0.02,Southeast River Forecast Center,NC,North Carolina,no_flooding,1.71,ft,0.0709,kcfs,GSP,Greer
PRCG1,33.79416667,-84.47444444,8/12/2025 10:15 AM,Proctor Creek at Jackson Parkway at Atlanta,Falling,-0.01,Southeast River Forecast Center,GA,Georgia,no_flooding,3.26,ft,0.0023,kcfs,FFC,Peachtree City
SMCG1,33.97916667,-84.45222222,8/12/2025 10:15 AM,Sewell Mill Creek at GA 120 near Marietta,No change,0,Southeast River Forecast Center,GA,Georgia,no_flooding,1.08,ft,-999,kcfs,FFC,Peachtree City
SMON7,35.228333,-80.869167,8/12/2025 10:15 AM,Stewart Creek at W Morehead St (US 29),Rising,0.01,Southeast River Forecast Center,NC,North Carolina,no_flooding,1.44,ft,-999,kcfs,GSP,Greer
STHG1,33.67888889,-84.35805556,8/12/2025 10:15 AM,South River at Forrest Park Road at Atlanta,No change,0,Southeast River Forecast Center,GA,Georgia,no_flooding,3.06,ft,0.0167,kcfs,FFC,Peachtree City
STSN7,35.105,-80.95361111,8/12/2025 10:15 AM,Steele Creek at Carowinds Blvd,No change,0,Southeast River Forecast Center,NC,North Carolina,no_flooding,1.51,ft,0.0184,kcfs,GSP,Greer
TWNT1,35.66444444,-83.71138889,8/12/2025 10:15 AM,Little River (TN) at Townsend,No change,0,Lower Mississippi River Forecast Center,TN,Tennessee,no_flooding,1.97,ft,0.195,kcfs,MRX,Morristown
UTYG1,33.74333333,-84.56833333,8/12/2025 10:15 AM,Utoy Creek at Great Southwest Parkway near Atlanta,Rising,0.01,Southeast River Forecast Center,GA,Georgia,no_flooding,2.77,ft,0.0056,kcfs,FFC,Peachtree City
GCKN7,35.13027778,-80.63138889,8/12/2025 10:15 AM,Goose Creek at Hwy 1524 nr Indian Trail,Rising,0.22,Southeast River Forecast Center,NC,North Carolina,no_flooding,0.86,ft,0.019,kcfs,GSP,Greer
KINN7,35.25777778,-77.58555556,8/12/2025 10:15 AM,Neuse River at Kinston,Rising,0.01,Southeast River Forecast Center,NC,North Carolina,no_flooding,11.18,ft,4.52,kcfs,MHX,Newport
MYVT1,35.785536,-83.884703,8/12/2025 10:15 AM,Little River (TN) near Maryville,Rising,0.04,Lower Mississippi River Forecast Center,TN,Tennessee,no_flooding,5.92,ft,0.282,kcfs,MRX,Morristown
NBSG1,34.0218611,-84.5529444,8/12/2025 10:15 AM,Noonday Creek Upstream of Chastain Meadows Parkway near Kennesaw,Falling,-0.04,Southeast River Forecast Center,GA,Georgia,no_flooding,2.44,ft,-999,kcfs,FFC,Peachtree City
NCKG1,33.86916667,-84.37888889,8/12/2025 10:15 AM,Nancy Creek at Rickenbacker Drive at Atlanta,Falling,-0.01,Southeast River Forecast Center,GA,Georgia,no_flooding,1.37,ft,0.055,kcfs,FFC,Peachtree City
CAMS1,35.10638889,-82.12972222,8/12/2025 10:15 AM,South Pacolet River near Campobello,Rising,0.05,Southeast River Forecast Center,SC,South Carolina,no_flooding,4.5,ft,0.14,kcfs,GSP,Greer
CLYN7,35.64722222,-78.40611111,8/12/2025 10:15 AM,Neuse River near Clayton,Rising,0.28,Southeast River Forecast Center,NC,North Carolina,minor,11.3,ft,7.42,kcfs,RAH,Raleigh
CMMG1,34.16259917,-84.0754666,8/12/2025 10:15 AM,Chattahoochee River at Lake Sidney Lanier near Buford,No change,0,Southeast River Forecast Center,GA,Georgia,no_flooding,1069.74,ft,-999,kcfs,FFC,Peachtree City
CNNG1,34.24,-84.49472222,8/12/2025 10:15 AM,Etowah River at Canton,No change,0,Southeast River Forecast Center,GA,Georgia,no_flooding,1.75,ft,0.383,kcfs,FFC,Peachtree City
DOET1,36.34444444,-82.21027778,8/12/2025 10:15 AM,Doe River at Elizabethton,Rising,0.01,Lower Mississippi River Forecast Center,TN,Tennessee,no_flooding,1.51,ft,0.12,kcfs,MRX,Morristown
FKLV2,36.68027778,-76.91861111,8/12/2025 10:15 AM,Blackwater River (VA) near FRANKLIN,Falling,-0.09,Southeast River Forecast Center,VA,Virginia,no_flooding,0.71,ft,-999,kcfs,AKQ,Wakefield
FNGS1,35.12083333,-81.98611111,8/12/2025 10:15 AM,North Pacolet River near Fingerville,Falling,-0.06,Southeast River Forecast Center,SC,South Carolina,no_flooding,4.4,ft,0.397,kcfs,GSP,Greer
FREG1,34.29305556,-84.26361111,8/12/2025 10:15 AM,Settingdown Creek near Ball Ground,Rising,0.01,Southeast River Forecast Center,GA,Georgia,no_flooding,1.03,ft,0.0303,kcfs,FFC,Peachtree City
LAWG1,33.92583333,-84.03777778,8/12/2025 10:15 AM,Pew Creek at Patterson Road near Lawrenceville,No change,0,Southeast River Forecast Center,GA,Georgia,no_flooding,3.44,ft,0.0034,kcfs,FFC,Peachtree City
LTLN7,36.14166667,-78.91944444,8/12/2025 10:15 AM,Little River (NC) near Orange Factory,Falling,-0.05,Southeast River Forecast Center,NC,North Carolina,no_flooding,2.09,ft,-999,kcfs,RAH,Raleigh
MAHG1,33.99527778,-84.69305556,8/12/2025 10:15 AM,Allatoona Creek at Stilesboro Road near Acworth,Falling,-0.01,Southeast River Forecast Center,GA,Georgia,no_flooding,5.01,ft,0.0031,kcfs,FFC,Peachtree City
MGFG1,33.96833333,-84.38277778,8/12/2025 10:15 AM,Chattahoochee River below Morgan Falls Dam near Roswell,Falling,-0.18,Southeast River Forecast Center,GA,Georgia,no_flooding,811.87,ft,1.54,kcfs,FFC,Peachtree City
NEEN7,35.33638889,-83.52694444,8/12/2025 10:15 AM,Little Tennessee River near NEEDMORE,Rising,0.02,Lower Mississippi River Forecast Center,NC,North Carolina,no_flooding,2.4,ft,0.49,kcfs,GSP,Greer
ROSN7,35.14222222,-82.82416667,8/12/2025 10:15 AM,French Broad River at Rosman,Rising,0.1,Lower Mississippi River Forecast Center,NC,North Carolina,no_flooding,2.82,ft,0.295,kcfs,GSP,Greer
SEPG1,33.68388889,-84.41527778,8/12/2025 10:15 AM,South River at Springdale Road near East Point,No change,0,Southeast River Forecast Center,GA,Georgia,no_flooding,2.29,ft,-999,kcfs,FFC,Peachtree City
SHOG1,33.69333333,-84.25388889,8/12/2025 10:15 AM,Shoal Creek at Columbia Drive near Atlanta,Falling,-0.01,Southeast River Forecast Center,GA,Georgia,no_flooding,3.7,ft,-999,kcfs,FFC,Peachtree City
SMFN7,35.51277778,-78.35,8/12/2025 10:15 AM,Neuse River at Smithfield,Rising,0.3,Southeast River Forecast Center,NC,North Carolina,action,14.13,ft,3.9,kcfs,RAH,Raleigh
SMHS1,34.02722222,-81.04194444,8/12/2025 10:15 AM,Smith Branch (SC) at North Main St Columbia,No change,0,Southeast River Forecast Center,SC,South Carolina,no_flooding,0.51,ft,0.0026,kcfs,CAE,West Columbia
BALG1,34.31055556,-84.40333333,8/12/2025 10:15 AM,Sharp Mountain Creek at Old GA 5 below Ball Ground,No change,0,Southeast River Forecast Center,GA,Georgia,no_flooding,3.14,ft,0.0647,kcfs,FFC,Peachtree City
CHES1,34.70833333,-79.875,8/12/2025 10:15 AM,Pee Dee River at Cheraw,Rising,0.52,Southeast River Forecast Center,SC,South Carolina,no_flooding,8.2,ft,7.1,kcfs,CAE,West Columbia
KILN7,35.43416667,-81.03,8/12/2025 10:15 AM,Killian Creek near MARIPOSA,Falling,-0.03,Southeast River Forecast Center,NC,North Carolina,no_flooding,3.43,ft,0.0469,kcfs,GSP,Greer
LRLS1,34.50075,-82.008944,8/12/2025 10:15 AM,Little River at Gordon Street in Laurens,Rising,0.05,Southeast River Forecast Center,SC,South Carolina,no_flooding,2.72,ft,-999,kcfs,GSP,Greer
LRZN7,35.822,-78.352,8/12/2025 10:15 AM,Little River (NC) near Zebulon,Falling,-0.03,Southeast River Forecast Center,NC,North Carolina,no_flooding,2.91,ft,-999,kcfs,RAH,Raleigh
LUCN7,35.691111,-78.10972,8/12/2025 10:15 AM,Contentnea Creek near Lucama,Rising,0.1,Southeast River Forecast Center,NC,North Carolina,no_flooding,4.52,ft,0.322,kcfs,RAH,Raleigh
MBHN7,36.14972222,-78.89666667,8/12/2025 10:15 AM,Mountain Creek at SR1617 Nr Bahama,Falling,-0.04,Southeast River Forecast Center,NC,North Carolina,no_flooding,4.51,ft,-999,kcfs,RAH,Raleigh
MNCG1,34.70305556,-84.53944444,8/12/2025 10:15 AM,Mountaintown Creek at GA 282 near Ellijay,No change,0,Southeast River Forecast Center,GA,Georgia,no_flooding,3.17,ft,0.103,kcfs,FFC,Peachtree City
SLTS1,35.08388889,-82.46,8/12/2025 10:15 AM,North Saluda River at Highway 11,Rising,0.11,Southeast River Forecast Center,SC,South Carolina,no_flooding,4.48,ft,0.11,kcfs,GSP,Greer
SPJG1,33.80277778,-84.34083333,8/12/2025 10:15 AM,South Fork Peachtree Creek at Johnson Road near Atlanta,Falling,-0.01,Southeast River Forecast Center,GA,Georgia,no_flooding,3.5,ft,0.014,kcfs,FFC,Peachtree City
IBFN7,35.32166667,-80.54083333,8/12/2025 10:15 AM,Rocky River NC near ROCKY RIVER/ ABV IRISH BUFFALO CK,Falling,-0.03,Southeast River Forecast Center,NC,North Carolina,no_flooding,3.37,ft,0.373,kcfs,GSP,Greer
LOWN7,35.285278,-81.101111,8/12/2025 10:15 AM,"SF Catawba River below George Poston Park, 1 N Lowell",Falling,-0.04,Southeast River Forecast Center,NC,North Carolina,no_flooding,4.55,ft,1.53,kcfs,GSP,Greer
LSRS1,34.04444444,-81.69722222,8/12/2025 10:15 AM,Little Saluda River near Saluda,Rising,0.15,Southeast River Forecast Center,SC,South Carolina,no_flooding,11.71,ft,-999,kcfs,CAE,West Columbia
SEBV2,36.770278,-77.166389,8/12/2025 10:15 AM,Nottoway River near Sebrell,Falling,-0.03,Southeast River Forecast Center,VA,Virginia,no_flooding,6.48,ft,0.81,kcfs,AKQ,Wakefield
SWAG1,34.09638889,-84.0780556,8/12/2025 10:15 AM,Level Creek at Suwanee Dam Road near Suwanee,Falling,-0.01,Southeast River Forecast Center,GA,Georgia,no_flooding,3.64,ft,0.0058,kcfs,FFC,Peachtree City
TKSN7,35.4275,-83.446944,8/12/2025 10:15 AM,"Tuckasegee River below Everett St, in Bryson City",Rising,0.02,Lower Mississippi River Forecast Center,NC,North Carolina,no_flooding,2.56,ft,1.23,kcfs,GSP,Greer
CMRG1,34.20027778,-83.51583333,8/12/2025 10:15 AM,North Oconee River at Woodbridge Road near Commerce,No change,0,Southeast River Forecast Center,GA,Georgia,no_flooding,2.16,ft,-999,kcfs,FFC,Peachtree City
DONG1,34.42555556,-84.21194444,8/12/2025 10:15 AM,Amicalola Creek near Dawsonville,No change,0,Southeast River Forecast Center,GA,Georgia,no_flooding,0.6,ft,0.0886,kcfs,FFC,Peachtree City
HSPN7,35.889717,-82.821,8/12/2025 10:15 AM,"French Broad River above Silver Mine Ck, in Hot Springs",Rising,0.04,Lower Mississippi River Forecast Center,NC,North Carolina,no_flooding,3.14,ft,2.12,kcfs,GSP,Greer
IRMS1,34.05194444,-81.22083333,8/12/2025 10:15 AM,Saluda River at Lake Murray Dam near Irmo,No change,0,Southeast River Forecast Center,SC,South Carolina,no_flooding,358.7,ft,-999,kcfs,CAE,West Columbia
NUDN7,35.94111111,-78.58333333,8/12/2025 10:15 AM,Neuse River at Falls Lake,Rising,0.01,Southeast River Forecast Center,NC,North Carolina,no_flooding,253.7,ft,-999,kcfs,RAH,Raleigh
REYN7,35.25638889,-80.70055556,8/12/2025 10:15 AM,Reedy Creek at SR 2803,Rising,0.05,Southeast River Forecast Center,NC,North Carolina,no_flooding,1.88,ft,-999,kcfs,GSP,Greer
RFDN7,34.99861111,-79.21527778,8/12/2025 10:15 AM,Rockfish Creek near Raeford,Rising,0.05,Southeast River Forecast Center,NC,North Carolina,no_flooding,4.5,ft,-999,kcfs,RAH,Raleigh
RUSG1,34.39861111,-84.05666667,8/12/2025 10:15 AM,Russell Creek (GA) at 0.3 miles downstream of Head Lake near Dawsonville,No change,0,Southeast River Forecast Center,GA,Georgia,no_flooding,0.55,ft,-999,kcfs,FFC,Peachtree City
SFCG1,33.76322222,-84.2203611,8/12/2025 10:15 AM,Snapfinger Creek at Redan Road near Glen Haven,Rising,0.01,Southeast River Forecast Center,GA,Georgia,no_flooding,2.75,ft,0.0082,kcfs,FFC,Peachtree City
SFCN7,35.575,-78.4986,8/12/2025 10:15 AM,Swift Creek at SR1555 Nr Clayton,Rising,0.02,Southeast River Forecast Center,NC,North Carolina,no_flooding,1.86,ft,-999,kcfs,RAH,Raleigh
SPHN7,35.88209,-78.08953,8/12/2025 10:15 AM,Tar River at NC581 Nr Spring Hope,Rising,0.08,Southeast River Forecast Center,NC,North Carolina,no_flooding,5.99,ft,-999,kcfs,RAH,Raleigh
ARTT1,36.5425219,-83.6300294,8/12/2025 10:15 AM,Powell River near Arthur,Falling,-0.01,Lower Mississippi River Forecast Center,TN,Tennessee,no_flooding,2.74,ft,0.368,kcfs,MRX,Morristown
BKCN7,35.309167,-80.673611,8/12/2025 10:15 AM,Back Creek at Caldwell Rd near Harrisburg,Rising,0.66,Southeast River Forecast Center,NC,North Carolina,no_flooding,3.25,ft,0.0242,kcfs,GSP,Greer
DALN7,36.29888889,-80.43138889,8/12/2025 10:15 AM,Little Yadkin River near Dalton,No change,0,Southeast River Forecast Center,NC,North Carolina,no_flooding,0.57,ft,0.0117,kcfs,RNK,Blacksburg
LAWS1,34.94805556,-81.86888889,8/12/2025 10:15 AM,Lawsons Fork Creek at Spartanburg,Falling,-0.22,Southeast River Forecast Center,SC,South Carolina,no_flooding,7.22,ft,0.465,kcfs,GSP,Greer
POCT1,35.7077,-83.3826,8/12/2025 10:15 AM,Porters Creek 3S Pittman Center (Greenbrier),No change,0,Lower Mississippi River Forecast Center,TN,Tennessee,no_flooding,0.59,ft,-999,kcfs,MRX,Morristown
STWG1,33.94111111,-84.10777778,8/12/2025 10:15 AM,Sweetwater Creek (E ATL) at Club Drive near Lilburn,Falling,-0.01,Southeast River Forecast Center,GA,Georgia,no_flooding,2.98,ft,0.0113,kcfs,FFC,Peachtree City
YESG1,33.8530556,-84.0783333,8/12/2025 10:15 AM,Yellow River near Snellville,No change,0,Southeast River Forecast Center,GA,Georgia,no_flooding,6.06,ft,0.121,kcfs,FFC,Peachtree City
BRSS1,34.88333333,-82.30138889,8/12/2025 10:15 AM,Brushy Creek near Old Spartanburg Rd,No change,0,Southeast River Forecast Center,SC,South Carolina,no_flooding,1.75,ft,0.0166,kcfs,GSP,Greer
CALG1,34.51888889,-84.95444444,8/12/2025 10:15 AM,Oostanaula River at Calhoun,Rising,0.03,Southeast River Forecast Center,GA,Georgia,no_flooding,3.58,ft,-999,kcfs,FFC,Peachtree City
CHAS1,34.17444444,-81.86416667,8/12/2025 10:15 AM,Saluda River at Chappells,Rising,0.06,Southeast River Forecast Center,SC,South Carolina,no_flooding,6.41,ft,2.6,kcfs,CAE,West Columbia
DOGG1,33.65388889,-84.82111111,8/12/2025 10:15 AM,Dog River at GA 5 near Fairplay,No change,0,Southeast River Forecast Center,GA,Georgia,no_flooding,3.35,ft,0.0133,kcfs,FFC,Peachtree City
LCCN7,35.727383,-81.244858,8/12/2025 10:15 AM,Lyle Creek at Section House Rd 2 NW Conover,Falling,-0.03,Southeast River Forecast Center,NC,North Carolina,no_flooding,0.85,ft,-999,kcfs,GSP,Greer
LNDN7,35.415315,-81.5608,8/12/2025 10:15 AM,First Broad River at Lawndale,Falling,-0.27,Southeast River Forecast Center,NC,North Carolina,no_flooding,5.24,ft,1.3,kcfs,GSP,Greer
NEUN7,35.94,-78.57555556,8/12/2025 10:15 AM,Neuse River above Neuse River Below Falls Dam,Rising,0.03,Southeast River Forecast Center,NC,North Carolina,no_flooding,3.22,ft,2.34,kcfs,RAH,Raleigh
NFBG1,33.84166667,-84.32194444,8/12/2025 10:15 AM,North Fork Peachtree Creek at Briarwood Road near Atlanta,Falling,-0.01,Southeast River Forecast Center,GA,Georgia,no_flooding,2.39,ft,-999,kcfs,FFC,Peachtree City
RSCG1,34.57722222,-84.94194444,8/12/2025 10:15 AM,Oostanaula River at Resaca,Rising,0.04,Southeast River Forecast Center,GA,Georgia,no_flooding,3,ft,0.98,kcfs,FFC,Peachtree City
SFYV2,36.647995,-82.749237,8/12/2025 10:15 AM,Clinch River near Speers Ferry,No change,0,Lower Mississippi River Forecast Center,VA,Virginia,no_flooding,3.15,ft,0.443,kcfs,MRX,Morristown
SWEG1,34.03222222,-84.08944444,8/12/2025 10:15 AM,Suwanee Creek at Suwanee,Falling,-0.04,Southeast River Forecast Center,GA,Georgia,no_flooding,1.03,ft,0.0815,kcfs,FFC,Peachtree City
TAZT1,36.425,-83.39833333,8/12/2025 10:15 AM,Clinch River above Tazewell,Falling,-0.01,Lower Mississippi River Forecast Center,TN,Tennessee,no_flooding,1.37,ft,0.565,kcfs,MRX,Morristown
WSHS1,34.39166667,-82.22361111,8/12/2025 10:15 AM,Saluda River near WARE SHOALS,Falling,-0.03,Southeast River Forecast Center,SC,South Carolina,no_flooding,3.71,ft,1.01,kcfs,GSP,Greer
ARRN7,36.40444444,-80.56194444,8/12/2025 10:15 AM,Ararat River at Ararat,No change,0,Southeast River Forecast Center,NC,North Carolina,no_flooding,1.41,ft,0.322,kcfs,RNK,Blacksburg
BLVG1,34.845,-83.93861111,8/12/2025 10:15 AM,Nottely River near Blairsville,Rising,0.01,Lower Mississippi River Forecast Center,GA,Georgia,no_flooding,3.14,ft,0.303,kcfs,FFC,Peachtree City
CVLG1,34.16380556,-84.7277222,8/12/2025 10:15 AM,Etowah River at Allatoona Lake near Cartersville,No change,0,Southeast River Forecast Center,GA,Georgia,no_flooding,838.9,ft,-999,kcfs,FFC,Peachtree City
NPBG1,33.83138889,-84.34277778,8/12/2025 10:15 AM,North Fork Peachtree Creek at Buford Highway at Atlanta,Falling,-0.01,Southeast River Forecast Center,GA,Georgia,no_flooding,4.07,ft,0.0197,kcfs,FFC,Peachtree City
PRCG1,33.79416667,-84.47444444,8/12/2025 10:15 AM,Proctor Creek at Jackson Parkway at Atlanta,Falling,-0.01,Southeast River Forecast Center,GA,Georgia,no_flooding,3.26,ft,0.0023,kcfs,FFC,Peachtree City
PSYG1,34.90583333,-83.72222222,8/12/2025 10:15 AM,Hiwassee River near Streak Hill Road near Hiawassee,Rising,0.01,Lower Mississippi River Forecast Center,GA,Georgia,no_flooding,2.04,ft,0.0532,kcfs,FFC,Peachtree City
RCKN7,34.94583333,-79.86972222,8/12/2025 10:15 AM,Pee Dee River near Rockingham,No change,0,Southeast River Forecast Center,NC,North Carolina,no_flooding,4.04,ft,7.91,kcfs,RAH,Raleigh
SMCG1,33.97916667,-84.45222222,8/12/2025 10:15 AM,Sewell Mill Creek at GA 120 near Marietta,No change,0,Southeast River Forecast Center,GA,Georgia,no_flooding,1.08,ft,-999,kcfs,FFC,Peachtree City
STHG1,33.67888889,-84.35805556,8/12/2025 10:15 AM,South River at Forrest Park Road at Atlanta,No change,0,Southeast River Forecast Center,GA,Georgia,no_flooding,3.06,ft,0.0167,kcfs,FFC,Peachtree City
UTYG1,33.74333333,-84.56833333,8/12/2025 10:15 AM,Utoy Creek at Great Southwest Parkway near Atlanta,Rising,0.01,Southeast River Forecast Center,GA,Georgia,no_flooding,2.77,ft,0.0056,kcfs,FFC,Peachtree City
BOCN7,35.9222,-79.0658,8/12/2025 10:15 AM,Bolin Creek at Village Drive,Falling,-0.01,Southeast River Forecast Center,NC,North Carolina,no_flooding,1.55,ft,-999,kcfs,RAH,Raleigh
CNWS1,33.83277778,-79.04416667,8/12/2025 10:15 AM,Waccamaw River near Conway,Rising,0.02,Southeast River Forecast Center,SC,South Carolina,action,10.62,ft,-999,kcfs,ILM,Wilmington
HFXN7,36.33111,-77.58028,8/12/2025 10:15 AM,Roanoke River at Halifax,Falling,-0.52,Southeast River Forecast Center,NC,North Carolina,no_flooding,24.27,ft,-999,kcfs,RAH,Raleigh
PNHN7,36.31930349,-80.0500424,8/12/2025 10:15 AM,Dan River at Pine Hall,Falling,-0.01,Southeast River Forecast Center,NC,North Carolina,no_flooding,2.37,ft,0.342,kcfs,RNK,Blacksburg
SFPG1,33.81044444,-84.2479722,8/12/2025 10:15 AM,South Fork Peachtree Creek at Casa Drive at Clarkston,Falling,-0.01,Southeast River Forecast Center,GA,Georgia,no_flooding,3.14,ft,0.0016,kcfs,FFC,Peachtree City
BSGV2,36.86888889,-82.77555556,8/12/2025 10:15 AM,Powell River at Big Stone Gap,Falling,-0.01,Lower Mississippi River Forecast Center,VA,Virginia,no_flooding,2.57,ft,0.111,kcfs,MRX,Morristown
BSPN7,35.210833,-81.6975,8/12/2025 10:15 AM,"Broad River above Sandy Run Ck, 3 SSW Boiling Springs",Falling,-0.19,Southeast River Forecast Center,NC,North Carolina,no_flooding,5.98,ft,6.72,kcfs,GSP,Greer
MONN7,35.62722222,-79.11611111,8/12/2025 10:15 AM,Deep River near Moncure,Rising,0.04,Southeast River Forecast Center,NC,North Carolina,no_flooding,3.07,ft,1.71,kcfs,RAH,Raleigh
NELS1,34.66416667,-81.44916667,8/12/2025 10:15 AM,Broad River in NC/SC at Neal Shoals Reservoir,Rising,0.11,Southeast River Forecast Center,SC,South Carolina,no_flooding,335.16,ft,-999,kcfs,GSP,Greer
TKRN7,35.28777778,-83.14388889,8/12/2025 10:15 AM,Tuckasegee River at sr1172 nr Cullowhee,Falling,-0.01,Lower Mississippi River Forecast Center,NC,North Carolina,no_flooding,5.65,ft,0.56,kcfs,GSP,Greer
CCPS1,33.69,-81.25416667,8/12/2025 10:15 AM,Cedar Creek near Thor ,No change,0,Southeast River Forecast Center,SC,South Carolina,no_flooding,2.39,ft,-999,kcfs,CAE,West Columbia
GATV2,36.60861111,-82.56805556,8/12/2025 10:15 AM,North Fork Holston River near Gate City,No change,0,Lower Mississippi River Forecast Center,VA,Virginia,no_flooding,1.84,ft,0.203,kcfs,MRX,Morristown
GVLS1,34.8,-82.3651213,8/12/2025 10:15 AM,Reedy River at Greenville @ I-85,Falling,-0.02,Southeast River Forecast Center,SC,South Carolina,no_flooding,0.91,ft,0.0584,kcfs,GSP,Greer
KNOT1,35.94583333,-83.94666667,8/12/2025 10:15 AM,Tennessee River at Knoxville,Falling,-0.04,Lower Mississippi River Forecast Center,TN,Tennessee,no_flooding,812.98,ft,61.9,kcfs,MRX,Morristown
NCRG1,33.99722222,-84.20194444,8/12/2025 10:15 AM,Chattahoochee River at Highway 141 near Norcross,Falling,-0.31,Southeast River Forecast Center,GA,Georgia,no_flooding,3.44,ft,1.91,kcfs,FFC,Peachtree City
NHPN7,35.65444444,-79.06833333,8/12/2025 10:15 AM,Haw River at Jordan Lake,Falling,-0.02,Southeast River Forecast Center,NC,North Carolina,no_flooding,217.68,ft,-999,kcfs,RAH,Raleigh
OOBT1,35.3276313,-84.7051057,8/12/2025 10:15 AM,Oostanaula Creek at Sanford 1SE,Falling,-0.01,Lower Mississippi River Forecast Center,TN,Tennessee,no_flooding,2.45,ft,0.061,kcfs,MRX,Morristown
PLLN7,35.01,-77.21889,8/12/2025 10:15 AM,Trent River at Pollocksville,Falling,-0.02,Southeast River Forecast Center,NC,North Carolina,no_flooding,1.82,ft,-999,kcfs,MHX,Newport
RBPS1,33.994722,-81.023889,8/12/2025 10:15 AM,Rocky  Branch (SC) at Pickens Street Columbia,No change,0,Southeast River Forecast Center,SC,South Carolina,no_flooding,2.69,ft,-999,kcfs,CAE,West Columbia
RWSG1,34.0175,-84.35333333,8/12/2025 10:15 AM,Big Creek below Hog Wallow at Roswell,Falling,-0.05,Southeast River Forecast Center,GA,Georgia,no_flooding,2.97,ft,0.12,kcfs,FFC,Peachtree City
TFLG1,34.73194444,-83.37583333,8/12/2025 10:15 AM,Tallulah River above TALLULAH FALLS PWR HOUSE,Falling,-0.01,Southeast River Forecast Center,GA,Georgia,no_flooding,5.19,ft,0.0463,kcfs,GSP,Greer
WNDN7,36.04805556,-76.98416667,8/12/2025 10:15 AM,Cashie River near Windsor,No change,0,Southeast River Forecast Center,NC,North Carolina,no_flooding,3.45,ft,0,kcfs,AKQ,Wakefield
WSSN7,35.757912,-78.623826,8/12/2025 10:15 AM,Walnut Creek (NC) at S. State St.,Falling,-0.05,Southeast River Forecast Center,NC,North Carolina,no_flooding,3.61,ft,-999,kcfs,RAH,Raleigh
CTRG1,34.6165833,-84.673111,8/12/2025 10:15 AM,Coosawattee River at Carters Lake near Carters,Rising,0.08,Southeast River Forecast Center,GA,Georgia,action,1074.07,ft,-999,kcfs,FFC,Peachtree City
DILN7,35.38444444,-83.29166667,8/12/2025 10:15 AM,Tuckasegee River at Barkers creek nr Dillsboro,Falling,-0.01,Lower Mississippi River Forecast Center,NC,North Carolina,no_flooding,3.86,ft,0.485,kcfs,GSP,Greer
GCBG1,34.26944444,-83.46777778,8/12/2025 10:15 AM,Grove Creek at US 441 and GA 15 near Commerce,No change,0,Southeast River Forecast Center,GA,Georgia,no_flooding,6.85,ft,0.0419,kcfs,FFC,Peachtree City
GLDN7,35.3375,-77.9975,8/12/2025 10:15 AM,Neuse River near Goldsboro,Rising,0.04,Southeast River Forecast Center,NC,North Carolina,no_flooding,13.48,ft,6.09,kcfs,RAH,Raleigh
NANG1,33.83822222,-84.43927778,8/12/2025 10:15 AM,Nancy Creek at West Wesley Road at Atlanta,Falling,-0.03,Southeast River Forecast Center,GA,Georgia,no_flooding,2.22,ft,0.0336,kcfs,FFC,Peachtree City
SWFN7,35.23083333,-77.11388889,8/12/2025 10:15 AM,Swift Creek above Streets Ferry,Rising,0.09,Southeast River Forecast Center,NC,North Carolina,no_flooding,2.02,ft,-999,kcfs,MHX,Newport
TARN7,35.89416667,-77.53305556,8/12/2025 10:15 AM,Tar River at Tarboro,Falling,-0.09,Southeast River Forecast Center,NC,North Carolina,no_flooding,6.28,ft,1.87,kcfs,RAH,Raleigh
WALG1,34.26333333,-84.59555556,8/12/2025 10:15 AM,Shoal Creek at GA 108 near Waleska,No change,0,Southeast River Forecast Center,GA,Georgia,no_flooding,2.25,ft,0.004,kcfs,FFC,Peachtree City
WODG1,34.12222222,-84.50444444,8/12/2025 10:15 AM,Little River at GA 5 near Woodstock,Falling,-0.01,Southeast River Forecast Center,GA,Georgia,no_flooding,1,ft,0.045,kcfs,FFC,Peachtree City
BALG1,34.31055556,-84.40333333,8/12/2025 10:15 AM,Sharp Mountain Creek at Old GA 5 below Ball Ground,No change,0,Southeast River Forecast Center,GA,Georgia,no_flooding,3.14,ft,0.0647,kcfs,FFC,Peachtree City
CHES1,34.70833333,-79.875,8/12/2025 10:15 AM,Pee Dee River at Cheraw,Rising,0.52,Southeast River Forecast Center,SC,South Carolina,no_flooding,8.2,ft,7.1,kcfs,CAE,West Columbia
KILN7,35.43416667,-81.03,8/12/2025 10:15 AM,Killian Creek near MARIPOSA,Falling,-0.03,Southeast River Forecast Center,NC,North Carolina,no_flooding,3.43,ft,0.0469,kcfs,GSP,Greer
LRLS1,34.50075,-82.008944,8/12/2025 10:15 AM,Little River at Gordon Street in Laurens,Rising,0.05,Southeast River Forecast Center,SC,South Carolina,no_flooding,2.72,ft,-999,kcfs,GSP,Greer
LRZN7,35.822,-78.352,8/12/2025 10:15 AM,Little River (NC) near Zebulon,Falling,-0.03,Southeast River Forecast Center,NC,North Carolina,no_flooding,2.91,ft,-999,kcfs,RAH,Raleigh
LUCN7,35.691111,-78.10972,8/12/2025 10:15 AM,Contentnea Creek near Lucama,Rising,0.1,Southeast River Forecast Center,NC,North Carolina,no_flooding,4.52,ft,0.322,kcfs,RAH,Raleigh
MBHN7,36.14972222,-78.89666667,8/12/2025 10:15 AM,Mountain Creek at SR1617 Nr Bahama,Falling,-0.04,Southeast River Forecast Center,NC,North Carolina,no_flooding,4.51,ft,-999,kcfs,RAH,Raleigh
MNCG1,34.70305556,-84.53944444,8/12/2025 10:15 AM,Mountaintown Creek at GA 282 near Ellijay,No change,0,Southeast River Forecast Center,GA,Georgia,no_flooding,3.17,ft,0.103,kcfs,FFC,Peachtree City
SLTS1,35.08388889,-82.46,8/12/2025 10:15 AM,North Saluda River at Highway 11,Rising,0.11,Southeast River Forecast Center,SC,South Carolina,no_flooding,4.48,ft,0.11,kcfs,GSP,Greer
SPJG1,33.80277778,-84.34083333,8/12/2025 10:15 AM,South Fork Peachtree Creek at Johnson Road near Atlanta,Falling,-0.01,Southeast River Forecast Center,GA,Georgia,no_flooding,3.5,ft,0.014,kcfs,FFC,Peachtree City
ARTT1,36.5425219,-83.6300294,8/12/2025 10:15 AM,Powell River near Arthur,Falling,-0.01,Lower Mississippi River Forecast Center,TN,Tennessee,no_flooding,2.74,ft,0.368,kcfs,MRX,Morristown
BKCN7,35.309167,-80.673611,8/12/2025 10:15 AM,Back Creek at Caldwell Rd near Harrisburg,Rising,0.66,Southeast River Forecast Center,NC,North Carolina,no_flooding,3.25,ft,0.0242,kcfs,GSP,Greer
DALN7,36.29888889,-80.43138889,8/12/2025 10:15 AM,Little Yadkin River near Dalton,No change,0,Southeast River Forecast Center,NC,North Carolina,no_flooding,0.57,ft,0.0117,kcfs,RNK,Blacksburg
LAWS1,34.94805556,-81.86888889,8/12/2025 10:15 AM,Lawsons Fork Creek at Spartanburg,Falling,-0.22,Southeast River Forecast Center,SC,South Carolina,no_flooding,7.22,ft,0.465,kcfs,GSP,Greer
POCT1,35.7077,-83.3826,8/12/2025 10:15 AM,Porters Creek 3S Pittman Center (Greenbrier),No change,0,Lower Mississippi River Forecast Center,TN,Tennessee,no_flooding,0.59,ft,-999,kcfs,MRX,Morristown
STWG1,33.94111111,-84.10777778,8/12/2025 10:15 AM,Sweetwater Creek (E ATL) at Club Drive near Lilburn,Falling,-0.01,Southeast River Forecast Center,GA,Georgia,no_flooding,2.98,ft,0.0113,kcfs,FFC,Peachtree City
YESG1,33.8530556,-84.0783333,8/12/2025 10:15 AM,Yellow River near Snellville,No change,0,Southeast River Forecast Center,GA,Georgia,no_flooding,6.06,ft,0.121,kcfs,FFC,Peachtree City
BRSS1,34.88333333,-82.30138889,8/12/2025 10:15 AM,Brushy Creek near Old Spartanburg Rd,No change,0,Southeast River Forecast Center,SC,South Carolina,no_flooding,1.75,ft,0.0166,kcfs,GSP,Greer
CALG1,34.51888889,-84.95444444,8/12/2025 10:15 AM,Oostanaula River at Calhoun,Rising,0.03,Southeast River Forecast Center,GA,Georgia,no_flooding,3.58,ft,-999,kcfs,FFC,Peachtree City
CHAS1,34.17444444,-81.86416667,8/12/2025 10:15 AM,Saluda River at Chappells,Rising,0.06,Southeast River Forecast Center,SC,South Carolina,no_flooding,6.41,ft,2.6,kcfs,CAE,West Columbia
DOGG1,33.65388889,-84.82111111,8/12/2025 10:15 AM,Dog River at GA 5 near Fairplay,No change,0,Southeast River Forecast Center,GA,Georgia,no_flooding,3.35,ft,0.0133,kcfs,FFC,Peachtree City
LNDN7,35.415315,-81.5608,8/12/2025 10:15 AM,First Broad River at Lawndale,Falling,-0.27,Southeast River Forecast Center,NC,North Carolina,no_flooding,5.24,ft,1.3,kcfs,GSP,Greer
NFBG1,33.84166667,-84.32194444,8/12/2025 10:15 AM,North Fork Peachtree Creek at Briarwood Road near Atlanta,Falling,-0.01,Southeast River Forecast Center,GA,Georgia,no_flooding,2.39,ft,-999,kcfs,FFC,Peachtree City
RSCG1,34.57722222,-84.94194444,8/12/2025 10:15 AM,Oostanaula River at Resaca,Rising,0.04,Southeast River Forecast Center,GA,Georgia,no_flooding,3,ft,0.98,kcfs,FFC,Peachtree City
SFYV2,36.647995,-82.749237,8/12/2025 10:15 AM,Clinch River near Speers Ferry,No change,0,Lower Mississippi River Forecast Center,VA,Virginia,no_flooding,3.15,ft,0.443,kcfs,MRX,Morristown
SWEG1,34.03222222,-84.08944444,8/12/2025 10:15 AM,Suwanee Creek at Suwanee,Falling,-0.04,Southeast River Forecast Center,GA,Georgia,no_flooding,1.03,ft,0.0815,kcfs,FFC,Peachtree City
TAZT1,36.425,-83.39833333,8/12/2025 10:15 AM,Clinch River above Tazewell,Falling,-0.01,Lower Mississippi River Forecast Center,TN,Tennessee,no_flooding,1.37,ft,0.565,kcfs,MRX,Morristown
WSHS1,34.39166667,-82.22361111,8/12/2025 10:15 AM,Saluda River near WARE SHOALS,Falling,-0.03,Southeast River Forecast Center,SC,South Carolina,no_flooding,3.71,ft,1.01,kcfs,GSP,Greer
ARRN7,36.40444444,-80.56194444,8/12/2025 10:15 AM,Ararat River at Ararat,No change,0,Southeast River Forecast Center,NC,North Carolina,no_flooding,1.41,ft,0.322,kcfs,RNK,Blacksburg
BLVG1,34.845,-83.93861111,8/12/2025 10:15 AM,Nottely River near Blairsville,Rising,0.01,Lower Mississippi River Forecast Center,GA,Georgia,no_flooding,3.14,ft,0.303,kcfs,FFC,Peachtree City
CVLG1,34.16380556,-84.7277222,8/12/2025 10:15 AM,Etowah River at Allatoona Lake near Cartersville,No change,0,Southeast River Forecast Center,GA,Georgia,no_flooding,838.9,ft,-999,kcfs,FFC,Peachtree City
NPBG1,33.83138889,-84.34277778,8/12/2025 10:15 AM,North Fork Peachtree Creek at Buford Highway at Atlanta,Falling,-0.01,Southeast River Forecast Center,GA,Georgia,no_flooding,4.07,ft,0.0197,kcfs,FFC,Peachtree City
PRCG1,33.79416667,-84.47444444,8/12/2025 10:15 AM,Proctor Creek at Jackson Parkway at Atlanta,Falling,-0.01,Southeast River Forecast Center,GA,Georgia,no_flooding,3.26,ft,0.0023,kcfs,FFC,Peachtree City
PSYG1,34.90583333,-83.72222222,8/12/2025 10:15 AM,Hiwassee River near Streak Hill Road near Hiawassee,Rising,0.01,Lower Mississippi River Forecast Center,GA,Georgia,no_flooding,2.04,ft,0.0532,kcfs,FFC,Peachtree City
SMCG1,33.97916667,-84.45222222,8/12/2025 10:15 AM,Sewell Mill Creek at GA 120 near Marietta,No change,0,Southeast River Forecast Center,GA,Georgia,no_flooding,1.08,ft,-999,kcfs,FFC,Peachtree City
STHG1,33.67888889,-84.35805556,8/12/2025 10:15 AM,South River at Forrest Park Road at Atlanta,No change,0,Southeast River Forecast Center,GA,Georgia,no_flooding,3.06,ft,0.0167,kcfs,FFC,Peachtree City
UTYG1,33.74333333,-84.56833333,8/12/2025 10:15 AM,Utoy Creek at Great Southwest Parkway near Atlanta,Rising,0.01,Southeast River Forecast Center,GA,Georgia,no_flooding,2.77,ft,0.0056,kcfs,FFC,Peachtree City
GCKN7,35.13027778,-80.63138889,8/12/2025 10:15 AM,Goose Creek at Hwy 1524 nr Indian Trail,Rising,0.22,Southeast River Forecast Center,NC,North Carolina,no_flooding,0.86,ft,0.019,kcfs,GSP,Greer
KINN7,35.25777778,-77.58555556,8/12/2025 10:15 AM,Neuse River at Kinston,Rising,0.01,Southeast River Forecast Center,NC,North Carolina,no_flooding,11.18,ft,4.52,kcfs,MHX,Newport
MYVT1,35.785536,-83.884703,8/12/2025 10:15 AM,Little River (TN) near Maryville,Rising,0.04,Lower Mississippi River Forecast Center,TN,Tennessee,no_flooding,5.92,ft,0.282,kcfs,MRX,Morristown
NBSG1,34.0218611,-84.5529444,8/12/2025 10:15 AM,Noonday Creek Upstream of Chastain Meadows Parkway near Kennesaw,Falling,-0.04,Southeast River Forecast Center,GA,Georgia,no_flooding,2.44,ft,-999,kcfs,FFC,Peachtree City
NCKG1,33.86916667,-84.37888889,8/12/2025 10:15 AM,Nancy Creek at Rickenbacker Drive at Atlanta,Falling,-0.01,Southeast River Forecast Center,GA,Georgia,no_flooding,1.37,ft,0.055,kcfs,FFC,Peachtree City
BOCN7,35.9222,-79.0658,8/12/2025 10:15 AM,Bolin Creek at Village Drive,Falling,-0.01,Southeast River Forecast Center,NC,North Carolina,no_flooding,1.55,ft,-999,kcfs,RAH,Raleigh
CNWS1,33.83277778,-79.04416667,8/12/2025 10:15 AM,Waccamaw River near Conway,Rising,0.02,Southeast River Forecast Center,SC,South Carolina,action,10.62,ft,-999,kcfs,ILM,Wilmington
HFXN7,36.33111,-77.58028,8/12/2025 10:15 AM,Roanoke River at Halifax,Falling,-0.52,Southeast River Forecast Center,NC,North Carolina,no_flooding,24.27,ft,-999,kcfs,RAH,Raleigh
PNHN7,36.31930349,-80.0500424,8/12/2025 10:15 AM,Dan River at Pine Hall,Falling,-0.01,Southeast River Forecast Center,NC,North Carolina,no_flooding,2.37,ft,0.342,kcfs,RNK,Blacksburg
SFPG1,33.81044444,-84.2479722,8/12/2025 10:15 AM,South Fork Peachtree Creek at Casa Drive at Clarkston,Falling,-0.01,Southeast River Forecast Center,GA,Georgia,no_flooding,3.14,ft,0.0016,kcfs,FFC,Peachtree City
BSGV2,36.86888889,-82.77555556,8/12/2025 10:15 AM,Powell River at Big Stone Gap,Falling,-0.01,Lower Mississippi River Forecast Center,VA,Virginia,no_flooding,2.57,ft,0.111,kcfs,MRX,Morristown
BSPN7,35.210833,-81.6975,8/12/2025 10:15 AM,"Broad River above Sandy Run Ck, 3 SSW Boiling Springs",Falling,-0.19,Southeast River Forecast Center,NC,North Carolina,no_flooding,5.98,ft,6.72,kcfs,GSP,Greer
NELS1,34.66416667,-81.44916667,8/12/2025 10:15 AM,Broad River in NC/SC at Neal Shoals Reservoir,Rising,0.11,Southeast River Forecast Center,SC,South Carolina,no_flooding,335.16,ft,-999,kcfs,GSP,Greer
TKRN7,35.28777778,-83.14388889,8/12/2025 10:15 AM,Tuckasegee River at sr1172 nr Cullowhee,Falling,-0.01,Lower Mississippi River Forecast Center,NC,North Carolina,no_flooding,5.65,ft,0.56,kcfs,GSP,Greer
CAMS1,35.10638889,-82.12972222,8/12/2025 10:15 AM,South Pacolet River near Campobello,Rising,0.05,Southeast River Forecast Center,SC,South Carolina,no_flooding,4.5,ft,0.14,kcfs,GSP,Greer
CLYN7,35.64722222,-78.40611111,8/12/2025 10:15 AM,Neuse River near Clayton,Rising,0.28,Southeast River Forecast Center,NC,North Carolina,minor,11.3,ft,7.42,kcfs,RAH,Raleigh
CMMG1,34.16259917,-84.0754666,8/12/2025 10:15 AM,Chattahoochee River at Lake Sidney Lanier near Buford,No change,0,Southeast River Forecast Center,GA,Georgia,no_flooding,1069.74,ft,-999,kcfs,FFC,Peachtree City
CNNG1,34.24,-84.49472222,8/12/2025 10:15 AM,Etowah River at Canton,No change,0,Southeast River Forecast Center,GA,Georgia,no_flooding,1.75,ft,0.383,kcfs,FFC,Peachtree City
DOET1,36.34444444,-82.21027778,8/12/2025 10:15 AM,Doe River at Elizabethton,Rising,0.01,Lower Mississippi River Forecast Center,TN,Tennessee,no_flooding,1.51,ft,0.12,kcfs,MRX,Morristown
FKLV2,36.68027778,-76.91861111,8/12/2025 10:15 AM,Blackwater River (VA) near FRANKLIN,Falling,-0.09,Southeast River Forecast Center,VA,Virginia,no_flooding,0.71,ft,-999,kcfs,AKQ,Wakefield
FNGS1,35.12083333,-81.98611111,8/12/2025 10:15 AM,North Pacolet River near Fingerville,Falling,-0.06,Southeast River Forecast Center,SC,South Carolina,no_flooding,4.4,ft,0.397,kcfs,GSP,Greer
FREG1,34.29305556,-84.26361111,8/12/2025 10:15 AM,Settingdown Creek near Ball Ground,Rising,0.01,Southeast River Forecast Center,GA,Georgia,no_flooding,1.03,ft,0.0303,kcfs,FFC,Peachtree City
LAWG1,33.92583333,-84.03777778,8/12/2025 10:15 AM,Pew Creek at Patterson Road near Lawrenceville,No change,0,Southeast River Forecast Center,GA,Georgia,no_flooding,3.44,ft,0.0034,kcfs,FFC,Peachtree City
LTLN7,36.14166667,-78.91944444,8/12/2025 10:15 AM,Little River (NC) near Orange Factory,Falling,-0.05,Southeast River Forecast Center,NC,North Carolina,no_flooding,2.09,ft,-999,kcfs,RAH,Raleigh
MAHG1,33.99527778,-84.69305556,8/12/2025 10:15 AM,Allatoona Creek at Stilesboro Road near Acworth,Falling,-0.01,Southeast River Forecast Center,GA,Georgia,no_flooding,5.01,ft,0.0031,kcfs,FFC,Peachtree City
NEEN7,35.33638889,-83.52694444,8/12/2025 10:15 AM,Little Tennessee River near NEEDMORE,Rising,0.02,Lower Mississippi River Forecast Center,NC,North Carolina,no_flooding,2.4,ft,0.49,kcfs,GSP,Greer
ROSN7,35.14222222,-82.82416667,8/12/2025 10:15 AM,French Broad River at Rosman,Rising,0.1,Lower Mississippi River Forecast Center,NC,North Carolina,no_flooding,2.82,ft,0.295,kcfs,GSP,Greer
SEPG1,33.68388889,-84.41527778,8/12/2025 10:15 AM,South River at Springdale Road near East Point,No change,0,Southeast River Forecast Center,GA,Georgia,no_flooding,2.29,ft,-999,kcfs,FFC,Peachtree City
SHOG1,33.69333333,-84.25388889,8/12/2025 10:15 AM,Shoal Creek at Columbia Drive near Atlanta,Falling,-0.01,Southeast River Forecast Center,GA,Georgia,no_flooding,3.7,ft,-999,kcfs,FFC,Peachtree City
SMFN7,35.51277778,-78.35,8/12/2025 10:15 AM,Neuse River at Smithfield,Rising,0.3,Southeast River Forecast Center,NC,North Carolina,action,14.13,ft,3.9,kcfs,RAH,Raleigh
SMHS1,34.02722222,-81.04194444,8/12/2025 10:15 AM,Smith Branch (SC) at North Main St Columbia,No change,0,Southeast River Forecast Center,SC,South Carolina,no_flooding,0.51,ft,0.0026,kcfs,CAE,West Columbia
CCPS1,33.69,-81.25416667,8/12/2025 10:15 AM,Cedar Creek near Thor ,No change,0,Southeast River Forecast Center,SC,South Carolina,no_flooding,2.39,ft,-999,kcfs,CAE,West Columbia
GATV2,36.60861111,-82.56805556,8/12/2025 10:15 AM,North Fork Holston River near Gate City,No change,0,Lower Mississippi River Forecast Center,VA,Virginia,no_flooding,1.84,ft,0.203,kcfs,MRX,Morristown
GVLS1,34.8,-82.3651213,8/12/2025 10:15 AM,Reedy River at Greenville @ I-85,Falling,-0.02,Southeast River Forecast Center,SC,South Carolina,no_flooding,0.91,ft,0.0584,kcfs,GSP,Greer
KNOT1,35.94583333,-83.94666667,8/12/2025 10:15 AM,Tennessee River at Knoxville,Falling,-0.04,Lower Mississippi River Forecast Center,TN,Tennessee,no_flooding,812.98,ft,61.9,kcfs,MRX,Morristown
NCRG1,33.99722222,-84.20194444,8/12/2025 10:15 AM,Chattahoochee River at Highway 141 near Norcross,Falling,-0.31,Southeast River Forecast Center,GA,Georgia,no_flooding,3.44,ft,1.91,kcfs,FFC,Peachtree City
OOBT1,35.3276313,-84.7051057,8/12/2025 10:15 AM,Oostanaula Creek at Sanford 1SE,Falling,-0.01,Lower Mississippi River Forecast Center,TN,Tennessee,no_flooding,2.45,ft,0.061,kcfs,MRX,Morristown
PLLN7,35.01,-77.21889,8/12/2025 10:15 AM,Trent River at Pollocksville,Falling,-0.02,Southeast River Forecast Center,NC,North Carolina,no_flooding,1.82,ft,-999,kcfs,MHX,Newport
RBPS1,33.994722,-81.023889,8/12/2025 10:15 AM,Rocky  Branch (SC) at Pickens Street Columbia,No change,0,Southeast River Forecast Center,SC,South Carolina,no_flooding,2.69,ft,-999,kcfs,CAE,West Columbia
RWSG1,34.0175,-84.35333333,8/12/2025 10:15 AM,Big Creek below Hog Wallow at Roswell,Falling,-0.05,Southeast River Forecast Center,GA,Georgia,no_flooding,2.97,ft,0.12,kcfs,FFC,Peachtree City
TFLG1,34.73194444,-83.37583333,8/12/2025 10:15 AM,Tallulah River above TALLULAH FALLS PWR HOUSE,Falling,-0.01,Southeast River Forecast Center,GA,Georgia,no_flooding,5.19,ft,0.0463,kcfs,GSP,Greer
WNDN7,36.04805556,-76.98416667,8/12/2025 10:15 AM,Cashie River near Windsor,No change,0,Southeast River Forecast Center,NC,North Carolina,no_flooding,3.45,ft,0,kcfs,AKQ,Wakefield
CTRG1,34.6165833,-84.673111,8/12/2025 10:15 AM,Coosawattee River at Carters Lake near Carters,Rising,0.08,Southeast River Forecast Center,GA,Georgia,action,1074.07,ft,-999,kcfs,FFC,Peachtree City
DILN7,35.38444444,-83.29166667,8/12/2025 10:15 AM,Tuckasegee River at Barkers creek nr Dillsboro,Falling,-0.01,Lower Mississippi River Forecast Center,NC,North Carolina,no_flooding,3.86,ft,0.485,kcfs,GSP,Greer
GCBG1,34.26944444,-83.46777778,8/12/2025 10:15 AM,Grove Creek at US 441 and GA 15 near Commerce,No change,0,Southeast River Forecast Center,GA,Georgia,no_flooding,6.85,ft,0.0419,kcfs,FFC,Peachtree City
GLDN7,35.3375,-77.9975,8/12/2025 10:15 AM,Neuse River near Goldsboro,Rising,0.04,Southeast River Forecast Center,NC,North Carolina,no_flooding,13.48,ft,6.09,kcfs,RAH,Raleigh
NANG1,33.83822222,-84.43927778,8/12/2025 10:15 AM,Nancy Creek at West Wesley Road at Atlanta,Falling,-0.03,Southeast River Forecast Center,GA,Georgia,no_flooding,2.22,ft,0.0336,kcfs,FFC,Peachtree City
SWFN7,35.23083333,-77.11388889,8/12/2025 10:15 AM,Swift Creek above Streets Ferry,Rising,0.09,Southeast River Forecast Center,NC,North Carolina,no_flooding,2.02,ft,-999,kcfs,MHX,Newport
TARN7,35.89416667,-77.53305556,8/12/2025 10:15 AM,Tar River at Tarboro,Falling,-0.09,Southeast River Forecast Center,NC,North Carolina,no_flooding,6.28,ft,1.87,kcfs,RAH,Raleigh
WALG1,34.26333333,-84.59555556,8/12/2025 10:15 AM,Shoal Creek at GA 108 near Waleska,No change,0,Southeast River Forecast Center,GA,Georgia,no_flooding,2.25,ft,0.004,kcfs,FFC,Peachtree City
WODG1,34.12222222,-84.50444444,8/12/2025 10:15 AM,Little River at GA 5 near Woodstock,Falling,-0.01,Southeast River Forecast Center,GA,Georgia,no_flooding,1,ft,0.045,kcfs,FFC,Peachtree City
IBFN7,35.32166667,-80.54083333,8/12/2025 10:15 AM,Rocky River NC near ROCKY RIVER/ ABV IRISH BUFFALO CK,Falling,-0.03,Southeast River Forecast Center,NC,North Carolina,no_flooding,3.37,ft,0.373,kcfs,GSP,Greer
LOWN7,35.285278,-81.101111,8/12/2025 10:15 AM,"SF Catawba River below George Poston Park, 1 N Lowell",Falling,-0.04,Southeast River Forecast Center,NC,North Carolina,no_flooding,4.55,ft,1.53,kcfs,GSP,Greer
SEBV2,36.770278,-77.166389,8/12/2025 10:15 AM,Nottoway River near Sebrell,Falling,-0.03,Southeast River Forecast Center,VA,Virginia,no_flooding,6.48,ft,0.81,kcfs,AKQ,Wakefield
SWAG1,34.09638889,-84.0780556,8/12/2025 10:15 AM,Level Creek at Suwanee Dam Road near Suwanee,Falling,-0.01,Southeast River Forecast Center,GA,Georgia,no_flooding,3.64,ft,0.0058,kcfs,FFC,Peachtree City
TKSN7,35.4275,-83.446944,8/12/2025 10:15 AM,"Tuckasegee River below Everett St, in Bryson City",Rising,0.02,Lower Mississippi River Forecast Center,NC,North Carolina,no_flooding,2.56,ft,1.23,kcfs,GSP,Greer
CMRG1,34.20027778,-83.51583333,8/12/2025 10:15 AM,North Oconee River at Woodbridge Road near Commerce,No change,0,Southeast River Forecast Center,GA,Georgia,no_flooding,2.16,ft,-999,kcfs,FFC,Peachtree City
DONG1,34.42555556,-84.21194444,8/12/2025 10:15 AM,Amicalola Creek near Dawsonville,No change,0,Southeast River Forecast Center,GA,Georgia,no_flooding,0.6,ft,0.0886,kcfs,FFC,Peachtree City
HSPN7,35.889717,-82.821,8/12/2025 10:15 AM,"French Broad River above Silver Mine Ck, in Hot Springs",Rising,0.04,Lower Mississippi River Forecast Center,NC,North Carolina,no_flooding,3.14,ft,2.12,kcfs,GSP,Greer
REYN7,35.25638889,-80.70055556,8/12/2025 10:15 AM,Reedy Creek at SR 2803,Rising,0.05,Southeast River Forecast Center,NC,North Carolina,no_flooding,1.88,ft,-999,kcfs,GSP,Greer
RFDN7,34.99861111,-79.21527778,8/12/2025 10:15 AM,Rockfish Creek near Raeford,Rising,0.05,Southeast River Forecast Center,NC,North Carolina,no_flooding,4.5,ft,-999,kcfs,RAH,Raleigh
RUSG1,34.39861111,-84.05666667,8/12/2025 10:15 AM,Russell Creek (GA) at 0.3 miles downstream of Head Lake near Dawsonville,No change,0,Southeast River Forecast Center,GA,Georgia,no_flooding,0.55,ft,-999,kcfs,FFC,Peachtree City
SFCG1,33.76322222,-84.2203611,8/12/2025 10:15 AM,Snapfinger Creek at Redan Road near Glen Haven,Rising,0.01,Southeast River Forecast Center,GA,Georgia,no_flooding,2.75,ft,0.0082,kcfs,FFC,Peachtree City
SFCN7,35.575,-78.4986,8/12/2025 10:15 AM,Swift Creek at SR1555 Nr Clayton,Rising,0.02,Southeast River Forecast Center,NC,North Carolina,no_flooding,1.86,ft,-999,kcfs,RAH,Raleigh
SPHN7,35.88209,-78.08953,8/12/2025 10:15 AM,Tar River at NC581 Nr Spring Hope,Rising,0.08,Southeast River Forecast Center,NC,North Carolina,no_flooding,5.99,ft,-999,kcfs,RAH,Raleigh
ARRN7,36.40444444,-80.56194444,8/12/2025 10:15 AM,Ararat River at Ararat,No change,0,Southeast River Forecast Center,NC,North Carolina,no_flooding,1.41,ft,0.322,kcfs,RNK,Blacksburg
CVLG1,34.16380556,-84.7277222,8/12/2025 10:15 AM,Etowah River at Allatoona Lake near Cartersville,No change,0,Southeast River Forecast Center,GA,Georgia,no_flooding,838.9,ft,-999,kcfs,FFC,Peachtree City
PSYG1,34.90583333,-83.72222222,8/12/2025 10:15 AM,Hiwassee River near Streak Hill Road near Hiawassee,Rising,0.01,Lower Mississippi River Forecast Center,GA,Georgia,no_flooding,2.04,ft,0.0532,kcfs,FFC,Peachtree City
ARTT1,36.5425219,-83.6300294,8/12/2025 10:15 AM,Powell River near Arthur,Falling,-0.01,Lower Mississippi River Forecast Center,TN,Tennessee,no_flooding,2.74,ft,0.368,kcfs,MRX,Morristown
DALN7,36.29888889,-80.43138889,8/12/2025 10:15 AM,Little Yadkin River near Dalton,No change,0,Southeast River Forecast Center,NC,North Carolina,no_flooding,0.57,ft,0.0117,kcfs,RNK,Blacksburg
LAWS1,34.94805556,-81.86888889,8/12/2025 10:15 AM,Lawsons Fork Creek at Spartanburg,Falling,-0.22,Southeast River Forecast Center,SC,South Carolina,no_flooding,7.22,ft,0.465,kcfs,GSP,Greer
WHMV2,36.800537,-81.991719,8/12/2025 10:15 AM,N Fork Holston River at White Mills 2N,Falling,-0.02,Lower Mississippi River Forecast Center,VA,Virginia,no_flooding,4.92,ft,-999,kcfs,MRX,Morristown
YESG1,33.8530556,-84.0783333,8/12/2025 10:15 AM,Yellow River near Snellville,No change,0,Southeast River Forecast Center,GA,Georgia,no_flooding,6.06,ft,0.121,kcfs,FFC,Peachtree City
KILN7,35.43416667,-81.03,8/12/2025 10:15 AM,Killian Creek near MARIPOSA,Falling,-0.03,Southeast River Forecast Center,NC,North Carolina,no_flooding,3.43,ft,0.0469,kcfs,GSP,Greer
LRZN7,35.822,-78.352,8/12/2025 10:15 AM,Little River (NC) near Zebulon,Falling,-0.03,Southeast River Forecast Center,NC,North Carolina,no_flooding,2.91,ft,-999,kcfs,RAH,Raleigh
LUCN7,35.691111,-78.10972,8/12/2025 10:15 AM,Contentnea Creek near Lucama,Rising,0.1,Southeast River Forecast Center,NC,North Carolina,no_flooding,4.52,ft,0.322,kcfs,RAH,Raleigh
MBHN7,36.14972222,-78.89666667,8/12/2025 10:15 AM,Mountain Creek at SR1617 Nr Bahama,Falling,-0.04,Southeast River Forecast Center,NC,North Carolina,no_flooding,4.51,ft,-999,kcfs,RAH,Raleigh
MNCG1,34.70305556,-84.53944444,8/12/2025 10:15 AM,Mountaintown Creek at GA 282 near Ellijay,No change,0,Southeast River Forecast Center,GA,Georgia,no_flooding,3.17,ft,0.103,kcfs,FFC,Peachtree City
SPDV2,36.8155,-81.1979,8/12/2025 10:15 AM,Cripple Creek near Speedwell,Falling,-0.01,Ohio River Forecast Center,VA,Virginia,no_flooding,4.3,ft,-999,kcfs,RNK,Blacksburg
KINN7,35.25777778,-77.58555556,8/12/2025 10:15 AM,Neuse River at Kinston,Rising,0.01,Southeast River Forecast Center,NC,North Carolina,no_flooding,11.18,ft,4.52,kcfs,MHX,Newport
MYVT1,35.785536,-83.884703,8/12/2025 10:15 AM,Little River (TN) near Maryville,Rising,0.04,Lower Mississippi River Forecast Center,TN,Tennessee,no_flooding,5.92,ft,0.282,kcfs,MRX,Morristown
BRSS1,34.88333333,-82.30138889,8/12/2025 10:15 AM,Brushy Creek near Old Spartanburg Rd,No change,0,Southeast River Forecast Center,SC,South Carolina,no_flooding,1.75,ft,0.0166,kcfs,GSP,Greer
CALG1,34.51888889,-84.95444444,8/12/2025 10:15 AM,Oostanaula River at Calhoun,Rising,0.03,Southeast River Forecast Center,GA,Georgia,no_flooding,3.58,ft,-999,kcfs,FFC,Peachtree City
CHAS1,34.17444444,-81.86416667,8/12/2025 10:15 AM,Saluda River at Chappells,Rising,0.06,Southeast River Forecast Center,SC,South Carolina,no_flooding,6.41,ft,2.6,kcfs,CAE,West Columbia
DOGG1,33.65388889,-84.82111111,8/12/2025 10:15 AM,Dog River at GA 5 near Fairplay,No change,0,Southeast River Forecast Center,GA,Georgia,no_flooding,3.35,ft,0.0133,kcfs,FFC,Peachtree City
NFBG1,33.84166667,-84.32194444,8/12/2025 10:15 AM,North Fork Peachtree Creek at Briarwood Road near Atlanta,Falling,-0.01,Southeast River Forecast Center,GA,Georgia,no_flooding,2.39,ft,-999,kcfs,FFC,Peachtree City
RSCG1,34.57722222,-84.94194444,8/12/2025 10:15 AM,Oostanaula River at Resaca,Rising,0.04,Southeast River Forecast Center,GA,Georgia,no_flooding,3,ft,0.98,kcfs,FFC,Peachtree City
SFYV2,36.647995,-82.749237,8/12/2025 10:15 AM,Clinch River near Speers Ferry,No change,0,Lower Mississippi River Forecast Center,VA,Virginia,no_flooding,3.15,ft,0.443,kcfs,MRX,Morristown
SWEG1,34.03222222,-84.08944444,8/12/2025 10:15 AM,Suwanee Creek at Suwanee,Falling,-0.04,Southeast River Forecast Center,GA,Georgia,no_flooding,1.03,ft,0.0815,kcfs,FFC,Peachtree City
TAZT1,36.425,-83.39833333,8/12/2025 10:15 AM,Clinch River above Tazewell,Falling,-0.01,Lower Mississippi River Forecast Center,TN,Tennessee,no_flooding,1.37,ft,0.565,kcfs,MRX,Morristown
WSHS1,34.39166667,-82.22361111,8/12/2025 10:15 AM,Saluda River near WARE SHOALS,Falling,-0.03,Southeast River Forecast Center,SC,South Carolina,no_flooding,3.71,ft,1.01,kcfs,GSP,Greer
CTRG1,34.6165833,-84.673111,8/12/2025 10:15 AM,Coosawattee River at Carters Lake near Carters,Rising,0.08,Southeast River Forecast Center,GA,Georgia,action,1074.07,ft,-999,kcfs,FFC,Peachtree City
DILN7,35.38444444,-83.29166667,8/12/2025 10:15 AM,Tuckasegee River at Barkers creek nr Dillsboro,Falling,-0.01,Lower Mississippi River Forecast Center,NC,North Carolina,no_flooding,3.86,ft,0.485,kcfs,GSP,Greer
GLDN7,35.3375,-77.9975,8/12/2025 10:15 AM,Neuse River near Goldsboro,Rising,0.04,Southeast River Forecast Center,NC,North Carolina,no_flooding,13.48,ft,6.09,kcfs,RAH,Raleigh
SWFN7,35.23083333,-77.11388889,8/12/2025 10:15 AM,Swift Creek above Streets Ferry,Rising,0.09,Southeast River Forecast Center,NC,North Carolina,no_flooding,2.02,ft,-999,kcfs,MHX,Newport
TARN7,35.89416667,-77.53305556,8/12/2025 10:15 AM,Tar River at Tarboro,Falling,-0.09,Southeast River Forecast Center,NC,North Carolina,no_flooding,6.28,ft,1.87,kcfs,RAH,Raleigh
WALG1,34.26333333,-84.59555556,8/12/2025 10:15 AM,Shoal Creek at GA 108 near Waleska,No change,0,Southeast River Forecast Center,GA,Georgia,no_flooding,2.25,ft,0.004,kcfs,FFC,Peachtree City
BSGV2,36.86888889,-82.77555556,8/12/2025 10:15 AM,Powell River at Big Stone Gap,Falling,-0.01,Lower Mississippi River Forecast Center,VA,Virginia,no_flooding,2.57,ft,0.111,kcfs,MRX,Morristown
TKRN7,35.28777778,-83.14388889,8/12/2025 10:15 AM,Tuckasegee River at sr1172 nr Cullowhee,Falling,-0.01,Lower Mississippi River Forecast Center,NC,North Carolina,no_flooding,5.65,ft,0.56,kcfs,GSP,Greer
BISV2,36.760609,-80.62234,8/12/2025 10:15 AM,Big Reed Island Creek at Silverleaf Road,Rising,0.01,Ohio River Forecast Center,VA,Virginia,no_flooding,2.9,ft,-999,kcfs,RNK,Blacksburg
CLYN7,35.64722222,-78.40611111,8/12/2025 10:15 AM,Neuse River near Clayton,Rising,0.28,Southeast River Forecast Center,NC,North Carolina,minor,11.3,ft,7.42,kcfs,RAH,Raleigh
CMMG1,34.16259917,-84.0754666,8/12/2025 10:15 AM,Chattahoochee River at Lake Sidney Lanier near Buford,No change,0,Southeast River Forecast Center,GA,Georgia,no_flooding,1069.74,ft,-999,kcfs,FFC,Peachtree City
CNNG1,34.24,-84.49472222,8/12/2025 10:15 AM,Etowah River at Canton,No change,0,Southeast River Forecast Center,GA,Georgia,no_flooding,1.75,ft,0.383,kcfs,FFC,Peachtree City
FKLV2,36.68027778,-76.91861111,8/12/2025 10:15 AM,Blackwater River (VA) near FRANKLIN,Falling,-0.09,Southeast River Forecast Center,VA,Virginia,no_flooding,0.71,ft,-999,kcfs,AKQ,Wakefield
LTLN7,36.14166667,-78.91944444,8/12/2025 10:15 AM,Little River (NC) near Orange Factory,Falling,-0.05,Southeast River Forecast Center,NC,North Carolina,no_flooding,2.09,ft,-999,kcfs,RAH,Raleigh
MAHG1,33.99527778,-84.69305556,8/12/2025 10:15 AM,Allatoona Creek at Stilesboro Road near Acworth,Falling,-0.01,Southeast River Forecast Center,GA,Georgia,no_flooding,5.01,ft,0.0031,kcfs,FFC,Peachtree City
SHOG1,33.69333333,-84.25388889,8/12/2025 10:15 AM,Shoal Creek at Columbia Drive near Atlanta,Falling,-0.01,Southeast River Forecast Center,GA,Georgia,no_flooding,3.7,ft,-999,kcfs,FFC,Peachtree City
SMFN7,35.51277778,-78.35,8/12/2025 10:15 AM,Neuse River at Smithfield,Rising,0.3,Southeast River Forecast Center,NC,North Carolina,action,14.13,ft,3.9,kcfs,RAH,Raleigh
CCPS1,33.69,-81.25416667,8/12/2025 10:15 AM,Cedar Creek near Thor ,No change,0,Southeast River Forecast Center,SC,South Carolina,no_flooding,2.39,ft,-999,kcfs,CAE,West Columbia
NCRG1,33.99722222,-84.20194444,8/12/2025 10:15 AM,Chattahoochee River at Highway 141 near Norcross,Falling,-0.31,Southeast River Forecast Center,GA,Georgia,no_flooding,3.44,ft,1.91,kcfs,FFC,Peachtree City
OOBT1,35.3276313,-84.7051057,8/12/2025 10:15 AM,Oostanaula Creek at Sanford 1SE,Falling,-0.01,Lower Mississippi River Forecast Center,TN,Tennessee,no_flooding,2.45,ft,0.061,kcfs,MRX,Morristown
PLLN7,35.01,-77.21889,8/12/2025 10:15 AM,Trent River at Pollocksville,Falling,-0.02,Southeast River Forecast Center,NC,North Carolina,no_flooding,1.82,ft,-999,kcfs,MHX,Newport
RBPS1,33.994722,-81.023889,8/12/2025 10:15 AM,Rocky  Branch (SC) at Pickens Street Columbia,No change,0,Southeast River Forecast Center,SC,South Carolina,no_flooding,2.69,ft,-999,kcfs,CAE,West Columbia
RWSG1,34.0175,-84.35333333,8/12/2025 10:15 AM,Big Creek below Hog Wallow at Roswell,Falling,-0.05,Southeast River Forecast Center,GA,Georgia,no_flooding,2.97,ft,0.12,kcfs,FFC,Peachtree City
IBFN7,35.32166667,-80.54083333,8/12/2025 10:15 AM,Rocky River NC near ROCKY RIVER/ ABV IRISH BUFFALO CK,Falling,-0.03,Southeast River Forecast Center,NC,North Carolina,no_flooding,3.37,ft,0.373,kcfs,GSP,Greer
LOWN7,35.285278,-81.101111,8/12/2025 10:15 AM,"SF Catawba River below George Poston Park, 1 N Lowell",Falling,-0.04,Southeast River Forecast Center,NC,North Carolina,no_flooding,4.55,ft,1.53,kcfs,GSP,Greer
SEBV2,36.770278,-77.166389,8/12/2025 10:15 AM,Nottoway River near Sebrell,Falling,-0.03,Southeast River Forecast Center,VA,Virginia,no_flooding,6.48,ft,0.81,kcfs,AKQ,Wakefield
TKSN7,35.4275,-83.446944,8/12/2025 10:15 AM,"Tuckasegee River below Everett St, in Bryson City",Rising,0.02,Lower Mississippi River Forecast Center,NC,North Carolina,no_flooding,2.56,ft,1.23,kcfs,GSP,Greer
BOCN7,35.9222,-79.0658,8/12/2025 10:15 AM,Bolin Creek at Village Drive,Falling,-0.01,Southeast River Forecast Center,NC,North Carolina,no_flooding,1.55,ft,-999,kcfs,RAH,Raleigh
DNGV2,36.831328,-82.46209,8/12/2025 10:15 AM,Clinch River at Dungannon,No change,0,Lower Mississippi River Forecast Center,VA,Virginia,no_flooding,3.32,ft,-999,kcfs,MRX,Morristown
HFXN7,36.33111,-77.58028,8/12/2025 10:15 AM,Roanoke River at Halifax,Falling,-0.52,Southeast River Forecast Center,NC,North Carolina,no_flooding,24.27,ft,-999,kcfs,RAH,Raleigh
PNHN7,36.31930349,-80.0500424,8/12/2025 10:15 AM,Dan River at Pine Hall,Falling,-0.01,Southeast River Forecast Center,NC,North Carolina,no_flooding,2.37,ft,0.342,kcfs,RNK,Blacksburg
SFPG1,33.81044444,-84.2479722,8/12/2025 10:15 AM,South Fork Peachtree Creek at Casa Drive at Clarkston,Falling,-0.01,Southeast River Forecast Center,GA,Georgia,no_flooding,3.14,ft,0.0016,kcfs,FFC,Peachtree City
DONG1,34.42555556,-84.21194444,8/12/2025 10:15 AM,Amicalola Creek near Dawsonville,No change,0,Southeast River Forecast Center,GA,Georgia,no_flooding,0.6,ft,0.0886,kcfs,FFC,Peachtree City
RUSG1,34.39861111,-84.05666667,8/12/2025 10:15 AM,Russell Creek (GA) at 0.3 miles downstream of Head Lake near Dawsonville,No change,0,Southeast River Forecast Center,GA,Georgia,no_flooding,0.55,ft,-999,kcfs,FFC,Peachtree City
SCLV2,36.815405,-82.616246,8/12/2025 10:15 AM,Stony Creek at Fort Blackmore 3NNW,Rising,0.01,Lower Mississippi River Forecast Center,VA,Virginia,no_flooding,6.12,ft,-999,kcfs,MRX,Morristown
SFCG1,33.76322222,-84.2203611,8/12/2025 10:15 AM,Snapfinger Creek at Redan Road near Glen Haven,Rising,0.01,Southeast River Forecast Center,GA,Georgia,no_flooding,2.75,ft,0.0082,kcfs,FFC,Peachtree City
SFCN7,35.575,-78.4986,8/12/2025 10:15 AM,Swift Creek at SR1555 Nr Clayton,Rising,0.02,Southeast River Forecast Center,NC,North Carolina,no_flooding,1.86,ft,-999,kcfs,RAH,Raleigh
SPHN7,35.88209,-78.08953,8/12/2025 10:15 AM,Tar River at NC581 Nr Spring Hope,Rising,0.08,Southeast River Forecast Center,NC,North Carolina,no_flooding,5.99,ft,-999,kcfs,RAH,Raleigh
RUSG1,34.39861111,-84.05666667,8/12/2025 10:15 AM,Russell Creek (GA) at 0.3 miles downstream of Head Lake near Dawsonville,No change,0,Southeast River Forecast Center,GA,Georgia,no_flooding,0.55,ft,-999,kcfs,FFC,Peachtree City
SCLV2,36.815405,-82.616246,8/12/2025 10:15 AM,Stony Creek at Fort Blackmore 3NNW,Rising,0.01,Lower Mississippi River Forecast Center,VA,Virginia,no_flooding,6.12,ft,-999,kcfs,MRX,Morristown
SFCG1,33.76322222,-84.2203611,8/12/2025 10:15 AM,Snapfinger Creek at Redan Road near Glen Haven,Rising,0.01,Southeast River Forecast Center,GA,Georgia,no_flooding,2.75,ft,0.0082,kcfs,FFC,Peachtree City
SFCN7,35.575,-78.4986,8/12/2025 10:15 AM,Swift Creek at SR1555 Nr Clayton,Rising,0.02,Southeast River Forecast Center,NC,North Carolina,no_flooding,1.86,ft,-999,kcfs,RAH,Raleigh
SPHN7,35.88209,-78.08953,8/12/2025 10:15 AM,Tar River at NC581 Nr Spring Hope,Rising,0.08,Southeast River Forecast Center,NC,North Carolina,no_flooding,5.99,ft,-999,kcfs,RAH,Raleigh
BISV2,36.760609,-80.62234,8/12/2025 10:15 AM,Big Reed Island Creek at Silverleaf Road,Rising,0.01,Ohio River Forecast Center,VA,Virginia,no_flooding,2.9,ft,-999,kcfs,RNK,Blacksburg
SHOG1,33.69333333,-84.25388889,8/12/2025 10:15 AM,Shoal Creek at Columbia Drive near Atlanta,Falling,-0.01,Southeast River Forecast Center,GA,Georgia,no_flooding,3.7,ft,-999,kcfs,FFC,Peachtree City
SMFN7,35.51277778,-78.35,8/12/2025 10:15 AM,Neuse River at Smithfield,Rising,0.3,Southeast River Forecast Center,NC,North Carolina,action,14.13,ft,3.9,kcfs,RAH,Raleigh
SWFN7,35.23083333,-77.11388889,8/12/2025 10:15 AM,Swift Creek above Streets Ferry,Rising,0.09,Southeast River Forecast Center,NC,North Carolina,no_flooding,2.02,ft,-999,kcfs,MHX,Newport
TARN7,35.89416667,-77.53305556,8/12/2025 10:15 AM,Tar River at Tarboro,Falling,-0.09,Southeast River Forecast Center,NC,North Carolina,no_flooding,6.28,ft,1.87,kcfs,RAH,Raleigh
WALG1,34.26333333,-84.59555556,8/12/2025 10:15 AM,Shoal Creek at GA 108 near Waleska,No change,0,Southeast River Forecast Center,GA,Georgia,no_flooding,2.25,ft,0.004,kcfs,FFC,Peachtree City
SEBV2,36.770278,-77.166389,8/12/2025 10:15 AM,Nottoway River near Sebrell,Falling,-0.03,Southeast River Forecast Center,VA,Virginia,no_flooding,6.48,ft,0.81,kcfs,AKQ,Wakefield
TKSN7,35.4275,-83.446944,8/12/2025 10:15 AM,"Tuckasegee River below Everett St, in Bryson City",Rising,0.02,Lower Mississippi River Forecast Center,NC,North Carolina,no_flooding,2.56,ft,1.23,kcfs,GSP,Greer
PSYG1,34.90583333,-83.72222222,8/12/2025 10:15 AM,Hiwassee River near Streak Hill Road near Hiawassee,Rising,0.01,Lower Mississippi River Forecast Center,GA,Georgia,no_flooding,2.04,ft,0.0532,kcfs,FFC,Peachtree City
WHMV2,36.800537,-81.991719,8/12/2025 10:15 AM,N Fork Holston River at White Mills 2N,Falling,-0.02,Lower Mississippi River Forecast Center,VA,Virginia,no_flooding,4.92,ft,-999,kcfs,MRX,Morristown
YESG1,33.8530556,-84.0783333,8/12/2025 10:15 AM,Yellow River near Snellville,No change,0,Southeast River Forecast Center,GA,Georgia,no_flooding,6.06,ft,0.121,kcfs,FFC,Peachtree City
TKRN7,35.28777778,-83.14388889,8/12/2025 10:15 AM,Tuckasegee River at sr1172 nr Cullowhee,Falling,-0.01,Lower Mississippi River Forecast Center,NC,North Carolina,no_flooding,5.65,ft,0.56,kcfs,GSP,Greer
SPDV2,36.8155,-81.1979,8/12/2025 10:15 AM,Cripple Creek near Speedwell,Falling,-0.01,Ohio River Forecast Center,VA,Virginia,no_flooding,4.3,ft,-999,kcfs,RNK,Blacksburg
PLLN7,35.01,-77.21889,8/12/2025 10:15 AM,Trent River at Pollocksville,Falling,-0.02,Southeast River Forecast Center,NC,North Carolina,no_flooding,1.82,ft,-999,kcfs,MHX,Newport
RBPS1,33.994722,-81.023889,8/12/2025 10:15 AM,Rocky  Branch (SC) at Pickens Street Columbia,No change,0,Southeast River Forecast Center,SC,South Carolina,no_flooding,2.69,ft,-999,kcfs,CAE,West Columbia
RWSG1,34.0175,-84.35333333,8/12/2025 10:15 AM,Big Creek below Hog Wallow at Roswell,Falling,-0.05,Southeast River Forecast Center,GA,Georgia,no_flooding,2.97,ft,0.12,kcfs,FFC,Peachtree City
RSCG1,34.57722222,-84.94194444,8/12/2025 10:15 AM,Oostanaula River at Resaca,Rising,0.04,Southeast River Forecast Center,GA,Georgia,no_flooding,3,ft,0.98,kcfs,FFC,Peachtree City
SFYV2,36.647995,-82.749237,8/12/2025 10:15 AM,Clinch River near Speers Ferry,No change,0,Lower Mississippi River Forecast Center,VA,Virginia,no_flooding,3.15,ft,0.443,kcfs,MRX,Morristown
SWEG1,34.03222222,-84.08944444,8/12/2025 10:15 AM,Suwanee Creek at Suwanee,Falling,-0.04,Southeast River Forecast Center,GA,Georgia,no_flooding,1.03,ft,0.0815,kcfs,FFC,Peachtree City
TAZT1,36.425,-83.39833333,8/12/2025 10:15 AM,Clinch River above Tazewell,Falling,-0.01,Lower Mississippi River Forecast Center,TN,Tennessee,no_flooding,1.37,ft,0.565,kcfs,MRX,Morristown
WSHS1,34.39166667,-82.22361111,8/12/2025 10:15 AM,Saluda River near WARE SHOALS,Falling,-0.03,Southeast River Forecast Center,SC,South Carolina,no_flooding,3.71,ft,1.01,kcfs,GSP,Greer
DNGV2,36.831328,-82.46209,8/12/2025 10:15 AM,Clinch River at Dungannon,No change,0,Lower Mississippi River Forecast Center,VA,Virginia,no_flooding,3.32,ft,-999,kcfs,MRX,Morristown
PNHN7,36.31930349,-80.0500424,8/12/2025 10:15 AM,Dan River at Pine Hall,Falling,-0.01,Southeast River Forecast Center,NC,North Carolina,no_flooding,2.37,ft,0.342,kcfs,RNK,Blacksburg
SFPG1,33.81044444,-84.2479722,8/12/2025 10:15 AM,South Fork Peachtree Creek at Casa Drive at Clarkston,Falling,-0.01,Southeast River Forecast Center,GA,Georgia,no_flooding,3.14,ft,0.0016,kcfs,FFC,Peachtree City
EMRN7,35.21944444,-83.37055556,8/12/2025 10:17 AM,Little Tennessee River at Lake Emory Dam,No change,0,Lower Mississippi River Forecast Center,NC,North Carolina,no_flooding,99.57,ft,-999,kcfs,GSP,Greer
GNLS1,34.84944444,-82.40972222,8/12/2025 10:18 AM,Reedy River at Hudson St.,Rising,0.01,Southeast River Forecast Center,SC,South Carolina,no_flooding,1.66,ft,-999,kcfs,GSP,Greer
GNLS1,34.84944444,-82.40972222,8/12/2025 10:18 AM,Reedy River at Hudson St.,Rising,0.01,Southeast River Forecast Center,SC,South Carolina,no_flooding,1.66,ft,-999,kcfs,GSP,Greer
LHNV2,36.906611,-76.095583,8/12/2025 10:18 AM,Lynnhaven River near Lynnhaven Inlet (IN MLLW),Rising,0.04,Middle Atlantic River Forecast Center,VA,Virginia,no_flooding,0.85,ft,-999,kcfs,AKQ,Wakefield
NLRV2,36.61811,-76.046302,8/12/2025 10:18 AM,North Landing River near Creeds,Rising,0.01,Southeast River Forecast Center,VA,Virginia,no_flooding,0.84,ft,-999,kcfs,AKQ,Wakefield
DUKN7,36.18333333,-75.75,8/12/2025 10:18 AM,Atlantic Coast at Duck (in MLLW),Rising,0.16,Southeast River Forecast Center,NC,North Carolina,no_flooding,1.35,ft,-999,kcfs,MHX,Newport
MROS1,33.655,-78.91833333,8/12/2025 10:18 AM,Atlantic Coast at Myrtle Beach Springmaid Pier (IN MLLW),Rising,0.38,Southeast River Forecast Center,SC,South Carolina,no_flooding,1.57,ft,-999,kcfs,ILM,Wilmington
HCGN7,35.20805556,-75.70305556,8/12/2025 10:18 AM,Pamlico Sound at Coast Guard Hatteras (in MLLW),Falling,-0.01,Southeast River Forecast Center,NC,North Carolina,no_flooding,0.83,ft,-999,kcfs,MHX,Newport
JMPN7,34.213404,-77.786688,8/12/2025 10:18 AM,Atlantic Coast at Johnnie Mercers Pier at Wrightsville Beach (MLLW),Rising,0.2,Southeast River Forecast Center,NC,North Carolina,no_flooding,1.57,ft,-999,kcfs,ILM,Wilmington
EZMV2,36.862,-76.3095,8/12/2025 10:18 AM,Elizabeth River at the Midtown Tunnel (in MLLW),Rising,0.02,Middle Atlantic River Forecast Center,VA,Virginia,no_flooding,0.64,ft,-999,kcfs,AKQ,Wakefield
BFTN7,34.718417,-76.673118,8/12/2025 10:18 AM,Atlantic Coast at Beaufort Marine Lab (in MLLW),Rising,0.15,Southeast River Forecast Center,NC,North Carolina,no_flooding,0.97,ft,-999,kcfs,MHX,Newport
NLRV2,36.61811,-76.046302,8/12/2025 10:18 AM,North Landing River near Creeds,Rising,0.01,Southeast River Forecast Center,VA,Virginia,no_flooding,0.84,ft,-999,kcfs,AKQ,Wakefield
MROS1,33.655,-78.91833333,8/12/2025 10:18 AM,Atlantic Coast at Myrtle Beach Springmaid Pier (IN MLLW),Rising,0.38,Southeast River Forecast Center,SC,South Carolina,no_flooding,1.57,ft,-999,kcfs,ILM,Wilmington
HCGN7,35.20805556,-75.70305556,8/12/2025 10:18 AM,Pamlico Sound at Coast Guard Hatteras (in MLLW),Falling,-0.01,Southeast River Forecast Center,NC,North Carolina,no_flooding,0.83,ft,-999,kcfs,MHX,Newport
JMPN7,34.213404,-77.786688,8/12/2025 10:18 AM,Atlantic Coast at Johnnie Mercers Pier at Wrightsville Beach (MLLW),Rising,0.2,Southeast River Forecast Center,NC,North Carolina,no_flooding,1.57,ft,-999,kcfs,ILM,Wilmington
GNLS1,34.84944444,-82.40972222,8/12/2025 10:18 AM,Reedy River at Hudson St.,Rising,0.01,Southeast River Forecast Center,SC,South Carolina,no_flooding,1.66,ft,-999,kcfs,GSP,Greer
LHNV2,36.906611,-76.095583,8/12/2025 10:18 AM,Lynnhaven River near Lynnhaven Inlet (IN MLLW),Rising,0.04,Middle Atlantic River Forecast Center,VA,Virginia,no_flooding,0.85,ft,-999,kcfs,AKQ,Wakefield
AYDN7,35.4565,-77.4854,8/12/2025 10:20 AM,Little Contentnea Creek near Ayden,Rising,0.03,Southeast River Forecast Center,NC,North Carolina,no_flooding,11.57,ft,-999,kcfs,MHX,Newport
ELZN7,34.62666667,-78.57833333,8/12/2025 10:20 AM,Cape Fear River at Elizabethtown,Rising,0.01,Southeast River Forecast Center,NC,North Carolina,no_flooding,17.27,ft,10.5,kcfs,ILM,Wilmington
SFBN7,36.2764,-81.5521,8/12/2025 10:20 AM,South Fork New River at SR 1100 near Brownwood,Falling,-0.01,Ohio River Forecast Center,NC,North Carolina,no_flooding,4.1,ft,-999,kcfs,RNK,Blacksburg
SPBN7,35.5546,-77.75134,8/12/2025 10:20 AM,Contentnea Creek at Speights Bridge,Rising,0.01,Southeast River Forecast Center,NC,North Carolina,no_flooding,13.85,ft,-999,kcfs,MHX,Newport
TRTN7,35.065,-77.35111111,8/12/2025 10:20 AM,Trent River at Trenton,No change,0,Southeast River Forecast Center,NC,North Carolina,no_flooding,9.09,ft,0.523,kcfs,MHX,Newport
LPNT1,35.86516,-83.50703,8/12/2025 10:20 AM,Little Pigeon River at Cherokee Hills (New Riverside),No change,0,Lower Mississippi River Forecast Center,TN,Tennessee,no_flooding,0.23,ft,-999,kcfs,MRX,Morristown
SHPN7,35.5066,-77.7259,8/12/2025 10:20 AM,Contentnea Creek at Sheppard Ferry,Rising,0.1,Southeast River Forecast Center,NC,North Carolina,no_flooding,15.8,ft,-999,kcfs,MHX,Newport
SLGN7,36.4532,-76.0692,8/12/2025 10:20 AM,Currituck Sound near Buckskin Creek at NC 168 near Sligo,Falling,-0.01,Southeast River Forecast Center,NC,North Carolina,no_flooding,0.73,ft,-999,kcfs,AKQ,Wakefield
RCLN7,34.907,-77.539,8/12/2025 10:20 AM,Mill Swamp at Richlands,No change,0,Southeast River Forecast Center,NC,North Carolina,no_flooding,4.66,ft,-999,kcfs,MHX,Newport
RMLN7,35.910822,-75.669072,8/12/2025 10:20 AM,Shallowbag Bay at Manteo (in MLLW),Rising,0.02,Southeast River Forecast Center,NC,North Carolina,no_flooding,0.64,ft,-999,kcfs,MHX,Newport
LBRN7,34.63361111,-79.03777778,8/12/2025 10:20 AM,Lumber River at Lumberton,No change,0,Southeast River Forecast Center,NC,North Carolina,no_flooding,9.91,ft,-999,kcfs,ILM,Wilmington
MCWN7,36.141417,-81.175987,8/12/2025 10:20 AM,Moravian Creek at Wilkesboro,No change,0,Arkansas-Red Basin RFC,NC,North Carolina,no_flooding,8.32,ft,-999,kcfs,RNK,Blacksburg
RFCN7,34.7405,-77.9814,8/12/2025 10:20 AM,Little Rockfish Creek at Wallace,Rising,0.01,Southeast River Forecast Center,NC,North Carolina,no_flooding,1.48,ft,-999,kcfs,MHX,Newport
BERN7,35.1028,-77.0366,8/12/2025 10:20 AM,Trent River at New Bern (in MLLW),Rising,0.04,Southeast River Forecast Center,NC,North Carolina,no_flooding,0.99,ft,-999,kcfs,MHX,Newport
KITN7,36.06071,-75.699941,8/12/2025 10:20 AM,Albemarle Sound at Kitty Hawk (in MLLW),Rising,0.01,Southeast River Forecast Center,NC,North Carolina,no_flooding,0.73,ft,-999,kcfs,MHX,Newport
BIPN7,35.43518,-76.3998,8/12/2025 10:20 AM,Pamlico Sound at Bell Island Pier (in MLLW),Rising,0.06,Southeast River Forecast Center,NC,North Carolina,no_flooding,1.01,ft,-999,kcfs,MHX,Newport
RBDN7,35.0693,-77.1346,8/12/2025 10:20 AM,Trent River near River Bend (in MLLW),Rising,0.14,Southeast River Forecast Center,NC,North Carolina,no_flooding,1.08,ft,-999,kcfs,MHX,Newport
BEUN7,34.9368,-77.8596,8/12/2025 10:20 AM,N.E. Cape Fear River near Beulaville,No change,0,Southeast River Forecast Center,NC,North Carolina,no_flooding,14.72,ft,-999,kcfs,MHX,Newport
GVLN7,35.6005,-77.3682,8/12/2025 10:20 AM,Green Mill Run at 14th St in Greenville,Falling,-0.07,Southeast River Forecast Center,NC,North Carolina,no_flooding,1.4,ft,-999,kcfs,MHX,Newport
SEDN7,35.7873,-78.76389,8/12/2025 10:20 AM,Walnut Creek (NC) below Maynard St in Cary,Falling,-0.01,Southeast River Forecast Center,NC,North Carolina,no_flooding,1.77,ft,-999,kcfs,RAH,Raleigh
CRMN7,35.707513,-82.032933,8/12/2025 10:20 AM,Catawba River at N Main St (US 221 Business) 2 NW Marion,No change,0,Southeast River Forecast Center,NC,North Carolina,no_flooding,13.43,ft,-999,kcfs,GSP,Greer
PKCN7,35.6443,-77.3456,8/12/2025 10:20 AM,Parker Creek above Greenville,No change,0,Southeast River Forecast Center,NC,North Carolina,no_flooding,5.64,ft,-999,kcfs,MHX,Newport
SNHN7,35.4568,-77.67,8/12/2025 10:20 AM,Contentnea Creek at Snow Hill,Rising,0.02,Southeast River Forecast Center,NC,North Carolina,no_flooding,13.8,ft,-999,kcfs,MHX,Newport
STNN7,35.5861,-77.8115,8/12/2025 10:20 AM,Contentnea Creek near Stantonsburg,Rising,0.01,Southeast River Forecast Center,NC,North Carolina,no_flooding,13.83,ft,-999,kcfs,MHX,Newport
VAAN7,35.2969,-77.1491,8/12/2025 10:20 AM,Swift Creek at Vanceboro,Falling,-0.01,Southeast River Forecast Center,NC,North Carolina,no_flooding,5.66,ft,-999,kcfs,MHX,Newport
FESN7,35.2676,-75.5218,8/12/2025 10:20 AM,Cape Creek at Fessenden Center in Buxton (in MLLW),Falling,-0.1,Southeast River Forecast Center,NC,North Carolina,no_flooding,1.09,ft,-999,kcfs,MHX,Newport
MLLN7,35.1773,-77.0539,8/12/2025 10:20 AM,Mills Branch above Bridgeton,Falling,-0.01,Southeast River Forecast Center,NC,North Carolina,no_flooding,7.05,ft,-999,kcfs,MHX,Newport
SCGN7,35.376,-77.96,8/12/2025 10:20 AM,Stony Creek at Bus US 70,Falling,-0.03,Southeast River Forecast Center,NC,North Carolina,no_flooding,6.76,ft,-999,kcfs,RAH,Raleigh
ARLN7,36.510885,-80.592032,8/12/2025 10:20 AM,Ararat River at Mt Airy,Falling,-0.01,Southeast River Forecast Center,NC,North Carolina,no_flooding,12.93,ft,-999,kcfs,RNK,Blacksburg
JMLN7,35.657,-77.4076,8/12/2025 10:20 AM,Johnsons Mill Run near Greenville,No change,0,Southeast River Forecast Center,NC,North Carolina,no_flooding,6.15,ft,-999,kcfs,MHX,Newport
NSFN7,36.220754,-81.640069,8/12/2025 10:20 AM,South Fork New River at US Hwy 221,Falling,-0.01,Arkansas-Red Basin RFC,NC,North Carolina,no_flooding,6.91,ft,-999,kcfs,RNK,Blacksburg
UPCN7,35.78792,-78.770444,8/12/2025 10:20 AM,Walnut Creek (NC) at Clay St,No change,0,Southeast River Forecast Center,NC,North Carolina,no_flooding,0.26,ft,-999,kcfs,RAH,Raleigh
RCLN7,34.907,-77.539,8/12/2025 10:20 AM,Mill Swamp at Richlands,No change,0,Southeast River Forecast Center,NC,North Carolina,no_flooding,4.66,ft,-999,kcfs,MHX,Newport
RMLN7,35.910822,-75.669072,8/12/2025 10:20 AM,Shallowbag Bay at Manteo (in MLLW),Rising,0.02,Southeast River Forecast Center,NC,North Carolina,no_flooding,0.64,ft,-999,kcfs,MHX,Newport
GRMN7,35.57388889,-77.17583333,8/12/2025 10:20 AM,Tar River at Grimesland,Rising,0.12,Southeast River Forecast Center,NC,North Carolina,no_flooding,1.2,ft,-999,kcfs,MHX,Newport
NBUN7,36.09777778,-79.78194444,8/12/2025 10:20 AM,North Buffalo Creek at Church St in Greensboro,Falling,-0.04,Southeast River Forecast Center,NC,North Carolina,no_flooding,2.67,ft,0.0314,kcfs,RAH,Raleigh
SFBN7,36.2764,-81.5521,8/12/2025 10:20 AM,South Fork New River at SR 1100 near Brownwood,Falling,-0.01,Ohio River Forecast Center,NC,North Carolina,no_flooding,4.1,ft,-999,kcfs,RNK,Blacksburg
SPBN7,35.5546,-77.75134,8/12/2025 10:20 AM,Contentnea Creek at Speights Bridge,Rising,0.01,Southeast River Forecast Center,NC,North Carolina,no_flooding,13.85,ft,-999,kcfs,MHX,Newport
TRTN7,35.065,-77.35111111,8/12/2025 10:20 AM,Trent River at Trenton,No change,0,Southeast River Forecast Center,NC,North Carolina,no_flooding,9.09,ft,0.523,kcfs,MHX,Newport
BKJN7,35.77295,-78.7369528,8/12/2025 10:20 AM,Walnut Creek (NC) at Buck Jones Road,Falling,-0.02,Southeast River Forecast Center,NC,North Carolina,no_flooding,1.4,ft,0.01,kcfs,RAH,Raleigh
SEDN7,35.7873,-78.76389,8/12/2025 10:20 AM,Walnut Creek (NC) below Maynard St in Cary,Falling,-0.01,Southeast River Forecast Center,NC,North Carolina,no_flooding,1.77,ft,-999,kcfs,RAH,Raleigh
APSN7,35.71861111,-78.7525,8/12/2025 10:20 AM,Swift Creek near Apex,Falling,-0.07,Southeast River Forecast Center,NC,North Carolina,no_flooding,3.22,ft,-999,kcfs,RAH,Raleigh
UPCN7,35.78792,-78.770444,8/12/2025 10:20 AM,Walnut Creek (NC) at Clay St,No change,0,Southeast River Forecast Center,NC,North Carolina,no_flooding,0.26,ft,-999,kcfs,RAH,Raleigh
HBSN7,36.05916667,-78.97805556,8/12/2025 10:20 AM,Eno River near Huckleberry Springs,Falling,-0.11,Southeast River Forecast Center,NC,North Carolina,no_flooding,4.6,ft,-999,kcfs,RAH,Raleigh
GBYN7,35.64527778,-77.42305556,8/12/2025 10:20 AM,Tar River at Rock Springs,Falling,-0.13,Southeast River Forecast Center,NC,North Carolina,no_flooding,9.26,ft,-999,kcfs,MHX,Newport
LCRN7,35.98222222,-78.82444444,8/12/2025 10:20 AM,Little Lick Creek at Oak Grove,Falling,-0.03,Southeast River Forecast Center,NC,North Carolina,no_flooding,1.75,ft,-999,kcfs,RAH,Raleigh
LPNT1,35.86516,-83.50703,8/12/2025 10:20 AM,Little Pigeon River at Cherokee Hills (New Riverside),No change,0,Lower Mississippi River Forecast Center,TN,Tennessee,no_flooding,0.23,ft,-999,kcfs,MRX,Morristown
SHPN7,35.5066,-77.7259,8/12/2025 10:20 AM,Contentnea Creek at Sheppard Ferry,Rising,0.1,Southeast River Forecast Center,NC,North Carolina,no_flooding,15.8,ft,-999,kcfs,MHX,Newport
SLGN7,36.4532,-76.0692,8/12/2025 10:20 AM,Currituck Sound near Buckskin Creek at NC 168 near Sligo,Falling,-0.01,Southeast River Forecast Center,NC,North Carolina,no_flooding,0.73,ft,-999,kcfs,AKQ,Wakefield
CKCN7,35.41416667,-80.75194444,8/12/2025 10:20 AM,Clarke Creek NC near HARRISBURG,No change,0,Southeast River Forecast Center,NC,North Carolina,no_flooding,4.17,ft,0.104,kcfs,GSP,Greer
RBDN7,35.0693,-77.1346,8/12/2025 10:20 AM,Trent River near River Bend (in MLLW),Rising,0.14,Southeast River Forecast Center,NC,North Carolina,no_flooding,1.08,ft,-999,kcfs,MHX,Newport
NBWN7,36.07916667,-79.81333333,8/12/2025 10:20 AM,North Buffalo Creek at Westover Terrace,Falling,-0.02,Southeast River Forecast Center,NC,North Carolina,no_flooding,0.88,ft,-999,kcfs,RAH,Raleigh
SNHN7,35.4568,-77.67,8/12/2025 10:20 AM,Contentnea Creek at Snow Hill,Rising,0.02,Southeast River Forecast Center,NC,North Carolina,no_flooding,13.8,ft,-999,kcfs,MHX,Newport
STNN7,35.5861,-77.8115,8/12/2025 10:20 AM,Contentnea Creek near Stantonsburg,Rising,0.01,Southeast River Forecast Center,NC,North Carolina,no_flooding,13.83,ft,-999,kcfs,MHX,Newport
VAAN7,35.2969,-77.1491,8/12/2025 10:20 AM,Swift Creek at Vanceboro,Falling,-0.01,Southeast River Forecast Center,NC,North Carolina,no_flooding,5.66,ft,-999,kcfs,MHX,Newport
IVNV2,36.83472222,-80.95277778,8/12/2025 10:20 AM,New River at Ivanhoe,Falling,-0.02,Ohio River Forecast Center,VA,Virginia,no_flooding,2.96,ft,1.62,kcfs,RNK,Blacksburg
LBRN7,34.63361111,-79.03777778,8/12/2025 10:20 AM,Lumber River at Lumberton,No change,0,Southeast River Forecast Center,NC,North Carolina,no_flooding,9.91,ft,-999,kcfs,ILM,Wilmington
RFCN7,34.7405,-77.9814,8/12/2025 10:20 AM,Little Rockfish Creek at Wallace,Rising,0.01,Southeast River Forecast Center,NC,North Carolina,no_flooding,1.48,ft,-999,kcfs,MHX,Newport
SCGN7,35.376,-77.96,8/12/2025 10:20 AM,Stony Creek at Bus US 70,Falling,-0.03,Southeast River Forecast Center,NC,North Carolina,no_flooding,6.76,ft,-999,kcfs,RAH,Raleigh
CCBN7,35.0644,-78.8905,8/12/2025 10:20 AM,Cross Creek NC at Blue Street at Fayetteville,Falling,-0.06,Southeast River Forecast Center,NC,North Carolina,no_flooding,5.15,ft,-999,kcfs,RAH,Raleigh
ENON7,36.07222222,-78.90777778,8/12/2025 10:20 AM,Eno River at Durham,Falling,-0.17,Southeast River Forecast Center,NC,North Carolina,no_flooding,5.28,ft,1.2,kcfs,RAH,Raleigh
WSNN7,35.74222222,-77.95222222,8/12/2025 10:20 AM,Hominy Swamp at Forest Hills Rd near Wilson,Falling,-0.07,Southeast River Forecast Center,NC,North Carolina,no_flooding,2.44,ft,-999,kcfs,RAH,Raleigh
TFMN7,35.9511,-78.9269,8/12/2025 10:20 AM,Third Fork Creek at ML King Pkwy in Durham,Falling,-0.03,Southeast River Forecast Center,NC,North Carolina,no_flooding,1.24,ft,-999,kcfs,RAH,Raleigh
APSN7,35.71861111,-78.7525,8/12/2025 10:20 AM,Swift Creek near Apex,Falling,-0.07,Southeast River Forecast Center,NC,North Carolina,no_flooding,3.22,ft,-999,kcfs,RAH,Raleigh
TRAN7,35.56305556,-77.08611111,8/12/2025 10:20 AM,Tranters Creek above Washington,Rising,0.15,Southeast River Forecast Center,NC,North Carolina,no_flooding,1.11,ft,-999,kcfs,MHX,Newport
HBSN7,36.05916667,-78.97805556,8/12/2025 10:20 AM,Eno River near Huckleberry Springs,Falling,-0.11,Southeast River Forecast Center,NC,North Carolina,no_flooding,4.6,ft,-999,kcfs,RAH,Raleigh
GBYN7,35.64527778,-77.42305556,8/12/2025 10:20 AM,Tar River at Rock Springs,Falling,-0.13,Southeast River Forecast Center,NC,North Carolina,no_flooding,9.26,ft,-999,kcfs,MHX,Newport
LCRN7,35.98222222,-78.82444444,8/12/2025 10:20 AM,Little Lick Creek at Oak Grove,Falling,-0.03,Southeast River Forecast Center,NC,North Carolina,no_flooding,1.75,ft,-999,kcfs,RAH,Raleigh
LPNT1,35.86516,-83.50703,8/12/2025 10:20 AM,Little Pigeon River at Cherokee Hills (New Riverside),No change,0,Lower Mississippi River Forecast Center,TN,Tennessee,no_flooding,0.23,ft,-999,kcfs,MRX,Morristown
IVNV2,36.83472222,-80.95277778,8/12/2025 10:20 AM,New River at Ivanhoe,Falling,-0.02,Ohio River Forecast Center,VA,Virginia,no_flooding,2.96,ft,1.62,kcfs,RNK,Blacksburg
LBRN7,34.63361111,-79.03777778,8/12/2025 10:20 AM,Lumber River at Lumberton,No change,0,Southeast River Forecast Center,NC,North Carolina,no_flooding,9.91,ft,-999,kcfs,ILM,Wilmington
ENON7,36.07222222,-78.90777778,8/12/2025 10:20 AM,Eno River at Durham,Falling,-0.17,Southeast River Forecast Center,NC,North Carolina,no_flooding,5.28,ft,1.2,kcfs,RAH,Raleigh
GRMN7,35.57388889,-77.17583333,8/12/2025 10:20 AM,Tar River at Grimesland,Rising,0.12,Southeast River Forecast Center,NC,North Carolina,no_flooding,1.2,ft,-999,kcfs,MHX,Newport
NBUN7,36.09777778,-79.78194444,8/12/2025 10:20 AM,North Buffalo Creek at Church St in Greensboro,Falling,-0.04,Southeast River Forecast Center,NC,North Carolina,no_flooding,2.67,ft,0.0314,kcfs,RAH,Raleigh
RYAN7,36.03111,-79.79611,8/12/2025 10:20 AM,Ryan Creek below US220 at Greensboro,No change,0,Southeast River Forecast Center,NC,North Carolina,no_flooding,1.17,ft,0.0263,kcfs,RAH,Raleigh
TRTN7,35.065,-77.35111111,8/12/2025 10:20 AM,Trent River at Trenton,No change,0,Southeast River Forecast Center,NC,North Carolina,no_flooding,9.09,ft,0.523,kcfs,MHX,Newport
CKCN7,35.41416667,-80.75194444,8/12/2025 10:20 AM,Clarke Creek NC near HARRISBURG,No change,0,Southeast River Forecast Center,NC,North Carolina,no_flooding,4.17,ft,0.104,kcfs,GSP,Greer
PMBN7,34.68,-79.23583333,8/12/2025 10:20 AM,Lumber River near Pembroke,Falling,-0.01,Southeast River Forecast Center,NC,North Carolina,no_flooding,6.67,ft,-999,kcfs,ILM,Wilmington
STON7,35.96833333,-77.84972222,8/12/2025 10:20 AM,Stony Creek near Rocky Mount,Rising,0.06,Southeast River Forecast Center,NC,North Carolina,no_flooding,4.22,ft,-999,kcfs,RAH,Raleigh
NBWN7,36.07916667,-79.81333333,8/12/2025 10:20 AM,North Buffalo Creek at Westover Terrace,Falling,-0.02,Southeast River Forecast Center,NC,North Carolina,no_flooding,0.88,ft,-999,kcfs,RAH,Raleigh
WAWN7,35.756939,-78.64067,8/12/2025 10:20 AM,Walnut Creek (NC) at S. Wilmington St.,Falling,-0.02,Southeast River Forecast Center,NC,North Carolina,no_flooding,2.36,ft,0.173,kcfs,RAH,Raleigh
WLRG1,34.08222222,-83.85472222,8/12/2025 10:20 AM,Wheeler Creek at Bill Cheek Road near Auburn,No change,0,Southeast River Forecast Center,GA,Georgia,no_flooding,1.3,ft,0,kcfs,FFC,Peachtree City
APSN7,35.71861111,-78.7525,8/12/2025 10:20 AM,Swift Creek near Apex,Falling,-0.07,Southeast River Forecast Center,NC,North Carolina,no_flooding,3.22,ft,-999,kcfs,RAH,Raleigh
GBYN7,35.64527778,-77.42305556,8/12/2025 10:20 AM,Tar River at Rock Springs,Falling,-0.13,Southeast River Forecast Center,NC,North Carolina,no_flooding,9.26,ft,-999,kcfs,MHX,Newport
LPNT1,35.86516,-83.50703,8/12/2025 10:20 AM,Little Pigeon River at Cherokee Hills (New Riverside),No change,0,Lower Mississippi River Forecast Center,TN,Tennessee,no_flooding,0.23,ft,-999,kcfs,MRX,Morristown
ENON7,36.07222222,-78.90777778,8/12/2025 10:20 AM,Eno River at Durham,Falling,-0.17,Southeast River Forecast Center,NC,North Carolina,no_flooding,5.28,ft,1.2,kcfs,RAH,Raleigh
WSNN7,35.74222222,-77.95222222,8/12/2025 10:20 AM,Hominy Swamp at Forest Hills Rd near Wilson,Falling,-0.07,Southeast River Forecast Center,NC,North Carolina,no_flooding,2.44,ft,-999,kcfs,RAH,Raleigh
GRMN7,35.57388889,-77.17583333,8/12/2025 10:20 AM,Tar River at Grimesland,Rising,0.12,Southeast River Forecast Center,NC,North Carolina,no_flooding,1.2,ft,-999,kcfs,MHX,Newport
TRTN7,35.065,-77.35111111,8/12/2025 10:20 AM,Trent River at Trenton,No change,0,Southeast River Forecast Center,NC,North Carolina,no_flooding,9.09,ft,0.523,kcfs,MHX,Newport
CKCN7,35.41416667,-80.75194444,8/12/2025 10:20 AM,Clarke Creek NC near HARRISBURG,No change,0,Southeast River Forecast Center,NC,North Carolina,no_flooding,4.17,ft,0.104,kcfs,GSP,Greer
PMBN7,34.68,-79.23583333,8/12/2025 10:20 AM,Lumber River near Pembroke,Falling,-0.01,Southeast River Forecast Center,NC,North Carolina,no_flooding,6.67,ft,-999,kcfs,ILM,Wilmington
STON7,35.96833333,-77.84972222,8/12/2025 10:20 AM,Stony Creek near Rocky Mount,Rising,0.06,Southeast River Forecast Center,NC,North Carolina,no_flooding,4.22,ft,-999,kcfs,RAH,Raleigh
WLRG1,34.08222222,-83.85472222,8/12/2025 10:20 AM,Wheeler Creek at Bill Cheek Road near Auburn,No change,0,Southeast River Forecast Center,GA,Georgia,no_flooding,1.3,ft,0,kcfs,FFC,Peachtree City
TRAN7,35.56305556,-77.08611111,8/12/2025 10:20 AM,Tranters Creek above Washington,Rising,0.15,Southeast River Forecast Center,NC,North Carolina,no_flooding,1.11,ft,-999,kcfs,MHX,Newport
GBYN7,35.64527778,-77.42305556,8/12/2025 10:20 AM,Tar River at Rock Springs,Falling,-0.13,Southeast River Forecast Center,NC,North Carolina,no_flooding,9.26,ft,-999,kcfs,MHX,Newport
WSNN7,35.74222222,-77.95222222,8/12/2025 10:20 AM,Hominy Swamp at Forest Hills Rd near Wilson,Falling,-0.07,Southeast River Forecast Center,NC,North Carolina,no_flooding,2.44,ft,-999,kcfs,RAH,Raleigh
WLRG1,34.08222222,-83.85472222,8/12/2025 10:20 AM,Wheeler Creek at Bill Cheek Road near Auburn,No change,0,Southeast River Forecast Center,GA,Georgia,no_flooding,1.3,ft,0,kcfs,FFC,Peachtree City
PMBN7,34.68,-79.23583333,8/12/2025 10:20 AM,Lumber River near Pembroke,Falling,-0.01,Southeast River Forecast Center,NC,North Carolina,no_flooding,6.67,ft,-999,kcfs,ILM,Wilmington
STON7,35.96833333,-77.84972222,8/12/2025 10:20 AM,Stony Creek near Rocky Mount,Rising,0.06,Southeast River Forecast Center,NC,North Carolina,no_flooding,4.22,ft,-999,kcfs,RAH,Raleigh
TRAN7,35.56305556,-77.08611111,8/12/2025 10:20 AM,Tranters Creek above Washington,Rising,0.15,Southeast River Forecast Center,NC,North Carolina,no_flooding,1.11,ft,-999,kcfs,MHX,Newport
GRMN7,35.57388889,-77.17583333,8/12/2025 10:20 AM,Tar River at Grimesland,Rising,0.12,Southeast River Forecast Center,NC,North Carolina,no_flooding,1.2,ft,-999,kcfs,MHX,Newport
TRTN7,35.065,-77.35111111,8/12/2025 10:20 AM,Trent River at Trenton,No change,0,Southeast River Forecast Center,NC,North Carolina,no_flooding,9.09,ft,0.523,kcfs,MHX,Newport
WSNN7,35.74222222,-77.95222222,8/12/2025 10:20 AM,Hominy Swamp at Forest Hills Rd near Wilson,Falling,-0.07,Southeast River Forecast Center,NC,North Carolina,no_flooding,2.44,ft,-999,kcfs,RAH,Raleigh
WLRG1,34.08222222,-83.85472222,8/12/2025 10:20 AM,Wheeler Creek at Bill Cheek Road near Auburn,No change,0,Southeast River Forecast Center,GA,Georgia,no_flooding,1.3,ft,0,kcfs,FFC,Peachtree City
TRAN7,35.56305556,-77.08611111,8/12/2025 10:20 AM,Tranters Creek above Washington,Rising,0.15,Southeast River Forecast Center,NC,North Carolina,no_flooding,1.11,ft,-999,kcfs,MHX,Newport
PMBN7,34.68,-79.23583333,8/12/2025 10:20 AM,Lumber River near Pembroke,Falling,-0.01,Southeast River Forecast Center,NC,North Carolina,no_flooding,6.67,ft,-999,kcfs,ILM,Wilmington
STON7,35.96833333,-77.84972222,8/12/2025 10:20 AM,Stony Creek near Rocky Mount,Rising,0.06,Southeast River Forecast Center,NC,North Carolina,no_flooding,4.22,ft,-999,kcfs,RAH,Raleigh
TRTN7,35.065,-77.35111111,8/12/2025 10:20 AM,Trent River at Trenton,No change,0,Southeast River Forecast Center,NC,North Carolina,no_flooding,9.09,ft,0.523,kcfs,MHX,Newport
ELZV2,36.8436,-76.3647,8/12/2025 10:24 AM,Elizabeth River near Pinehurst in Portsmouth (IN MLLW),Rising,0.05,Middle Atlantic River Forecast Center,VA,Virginia,no_flooding,0.61,ft,-999,kcfs,AKQ,Wakefield
NMDV2,36.73916667,-76.58277778,8/12/2025 10:24 AM,Nansemond River at Suffolk (IN MLLW),Falling,-0.12,Middle Atlantic River Forecast Center,VA,Virginia,no_flooding,0.7,ft,-999,kcfs,AKQ,Wakefield
CTIN7,35.01833333,-76.31444444,8/12/2025 10:24 AM,Pamlico Sound at Cedar Island (in MLLW),Rising,0.01,Southeast River Forecast Center,NC,North Carolina,no_flooding,0.62,ft,-999,kcfs,MHX,Newport
BGCV2,36.679806,-75.984,8/12/2025 10:24 AM,Beggars Bridge Creek near Dawley Corners,No change,0,Southeast River Forecast Center,VA,Virginia,no_flooding,0.5,ft,-999,kcfs,AKQ,Wakefield
BLHN7,35.53722222,-76.62277778,8/12/2025 10:24 AM,Pungo River at Belhaven (in MLLW),Falling,-0.07,Southeast River Forecast Center,NC,North Carolina,no_flooding,1.1,ft,-999,kcfs,MHX,Newport
ORLN7,35.02444444,-76.69194444,8/12/2025 10:24 AM,Neuse River at Oriental (in MLLW),Falling,-0.04,Southeast River Forecast Center,NC,North Carolina,no_flooding,0.89,ft,-999,kcfs,MHX,Newport
CTIN7,35.01833333,-76.31444444,8/12/2025 10:24 AM,Pamlico Sound at Cedar Island (in MLLW),Rising,0.01,Southeast River Forecast Center,NC,North Carolina,no_flooding,0.62,ft,-999,kcfs,MHX,Newport
ORLN7,35.02444444,-76.69194444,8/12/2025 10:24 AM,Neuse River at Oriental (in MLLW),Falling,-0.04,Southeast River Forecast Center,NC,North Carolina,no_flooding,0.89,ft,-999,kcfs,MHX,Newport
ROFN7,35.595547,-75.470031,8/12/2025 10:24 AM,Pamlico Sound at Rodanthe Ferry Terminal (in MLLW),Falling,-0.05,Southeast River Forecast Center,NC,North Carolina,no_flooding,1.16,ft,-999,kcfs,MHX,Newport
NMDV2,36.73916667,-76.58277778,8/12/2025 10:24 AM,Nansemond River at Suffolk (IN MLLW),Falling,-0.12,Middle Atlantic River Forecast Center,VA,Virginia,no_flooding,0.7,ft,-999,kcfs,AKQ,Wakefield
BLHN7,35.53722222,-76.62277778,8/12/2025 10:24 AM,Pungo River at Belhaven (in MLLW),Falling,-0.07,Southeast River Forecast Center,NC,North Carolina,no_flooding,1.1,ft,-999,kcfs,MHX,Newport
ORLN7,35.02444444,-76.69194444,8/12/2025 10:24 AM,Neuse River at Oriental (in MLLW),Falling,-0.04,Southeast River Forecast Center,NC,North Carolina,no_flooding,0.89,ft,-999,kcfs,MHX,Newport
ROFN7,35.595547,-75.470031,8/12/2025 10:24 AM,Pamlico Sound at Rodanthe Ferry Terminal (in MLLW),Falling,-0.05,Southeast River Forecast Center,NC,North Carolina,no_flooding,1.16,ft,-999,kcfs,MHX,Newport
CTIN7,35.01833333,-76.31444444,8/12/2025 10:24 AM,Pamlico Sound at Cedar Island (in MLLW),Rising,0.01,Southeast River Forecast Center,NC,North Carolina,no_flooding,0.62,ft,-999,kcfs,MHX,Newport
BLHN7,35.53722222,-76.62277778,8/12/2025 10:24 AM,Pungo River at Belhaven (in MLLW),Falling,-0.07,Southeast River Forecast Center,NC,North Carolina,no_flooding,1.1,ft,-999,kcfs,MHX,Newport
ORLN7,35.02444444,-76.69194444,8/12/2025 10:24 AM,Neuse River at Oriental (in MLLW),Falling,-0.04,Southeast River Forecast Center,NC,North Carolina,no_flooding,0.89,ft,-999,kcfs,MHX,Newport
ROFN7,35.595547,-75.470031,8/12/2025 10:24 AM,Pamlico Sound at Rodanthe Ferry Terminal (in MLLW),Falling,-0.05,Southeast River Forecast Center,NC,North Carolina,no_flooding,1.16,ft,-999,kcfs,MHX,Newport
CTIN7,35.01833333,-76.31444444,8/12/2025 10:24 AM,Pamlico Sound at Cedar Island (in MLLW),Rising,0.01,Southeast River Forecast Center,NC,North Carolina,no_flooding,0.62,ft,-999,kcfs,MHX,Newport
BLHN7,35.53722222,-76.62277778,8/12/2025 10:24 AM,Pungo River at Belhaven (in MLLW),Falling,-0.07,Southeast River Forecast Center,NC,North Carolina,no_flooding,1.1,ft,-999,kcfs,MHX,Newport
ROFN7,35.595547,-75.470031,8/12/2025 10:24 AM,Pamlico Sound at Rodanthe Ferry Terminal (in MLLW),Falling,-0.05,Southeast River Forecast Center,NC,North Carolina,no_flooding,1.16,ft,-999,kcfs,MHX,Newport
COLN7,35.9175,-76.25444444,8/12/2025 10:25 AM,Scuppernong River at Columbia (in MLLW),Falling,-0.04,Southeast River Forecast Center,NC,North Carolina,action,2.25,ft,-999,kcfs,MHX,Newport
DLYT1,35.7912,-83.5356,8/12/2025 10:25 AM,Middle Creek at Pigeon Forge (Dollywood),Rising,0.01,Lower Mississippi River Forecast Center,TN,Tennessee,no_flooding,0.58,ft,-999,kcfs,MRX,Morristown
JCKN7,34.751175,-77.43425,8/12/2025 10:25 AM,New River at Jacksonville (in MLLW),Falling,-0.08,Southeast River Forecast Center,NC,North Carolina,no_flooding,0.65,ft,-999,kcfs,MHX,Newport
MDHN7,35.40694444,-80.89055556,8/12/2025 10:25 AM,McDowell Creek near HUNTERSVILLE,Falling,-0.05,Southeast River Forecast Center,NC,North Carolina,no_flooding,1.87,ft,0.0194,kcfs,GSP,Greer
OCAN7,35.11527778,-75.98722222,8/12/2025 10:25 AM,Pamlico Sound at Ocracoke (in MLLW),Rising,0.11,Southeast River Forecast Center,NC,North Carolina,no_flooding,0.77,ft,-999,kcfs,MHX,Newport
EWPN7,36.05638889,-76.61055556,8/12/2025 10:25 AM,Chowan River near Waterfront Park at Edenton,Rising,0.05,Southeast River Forecast Center,NC,North Carolina,no_flooding,0.88,ft,-999,kcfs,AKQ,Wakefield
GIST1,35.8707,-83.5967,8/12/2025 10:25 AM,Gists Creek 2W Sevierville,Rising,0.01,Lower Mississippi River Forecast Center,TN,Tennessee,no_flooding,0.94,ft,-999,kcfs,MRX,Morristown
HJBT1,35.71361111,-83.5125,8/12/2025 10:25 AM,West Prong Little Pigeon River at Gatlinburg (Aquarium Bridge),Falling,-0.01,Lower Mississippi River Forecast Center,TN,Tennessee,no_flooding,1.03,ft,-999,kcfs,MRX,Morristown
HSWN7,35.7198,-77.9201,8/12/2025 10:25 AM,Hominy Swamp at Wilson,Falling,-0.09,Southeast River Forecast Center,NC,North Carolina,no_flooding,4.19,ft,-999,kcfs,RAH,Raleigh
BASV2,36.77,-80.00111111,8/12/2025 10:25 AM,Smith River at Bassett,No change,0,Southeast River Forecast Center,VA,Virginia,no_flooding,2.08,ft,0.269,kcfs,RNK,Blacksburg
COLN7,35.9175,-76.25444444,8/12/2025 10:25 AM,Scuppernong River at Columbia (in MLLW),Falling,-0.04,Southeast River Forecast Center,NC,North Carolina,action,2.25,ft,-999,kcfs,MHX,Newport
JCKN7,34.751175,-77.43425,8/12/2025 10:25 AM,New River at Jacksonville (in MLLW),Falling,-0.08,Southeast River Forecast Center,NC,North Carolina,no_flooding,0.65,ft,-999,kcfs,MHX,Newport
MDHN7,35.40694444,-80.89055556,8/12/2025 10:25 AM,McDowell Creek near HUNTERSVILLE,Falling,-0.05,Southeast River Forecast Center,NC,North Carolina,no_flooding,1.87,ft,0.0194,kcfs,GSP,Greer
OCAN7,35.11527778,-75.98722222,8/12/2025 10:25 AM,Pamlico Sound at Ocracoke (in MLLW),Rising,0.11,Southeast River Forecast Center,NC,North Carolina,no_flooding,0.77,ft,-999,kcfs,MHX,Newport
EWPN7,36.05638889,-76.61055556,8/12/2025 10:25 AM,Chowan River near Waterfront Park at Edenton,Rising,0.05,Southeast River Forecast Center,NC,North Carolina,no_flooding,0.88,ft,-999,kcfs,AKQ,Wakefield
GIST1,35.8707,-83.5967,8/12/2025 10:25 AM,Gists Creek 2W Sevierville,Rising,0.01,Lower Mississippi River Forecast Center,TN,Tennessee,no_flooding,0.94,ft,-999,kcfs,MRX,Morristown
HJBT1,35.71361111,-83.5125,8/12/2025 10:25 AM,West Prong Little Pigeon River at Gatlinburg (Aquarium Bridge),Falling,-0.01,Lower Mississippi River Forecast Center,TN,Tennessee,no_flooding,1.03,ft,-999,kcfs,MRX,Morristown
HSWN7,35.7198,-77.9201,8/12/2025 10:25 AM,Hominy Swamp at Wilson,Falling,-0.09,Southeast River Forecast Center,NC,North Carolina,no_flooding,4.19,ft,-999,kcfs,RAH,Raleigh
STYN7,35.9782,-77.9725,8/12/2025 10:25 AM,Stony Creek at Nashville,Rising,0.12,Southeast River Forecast Center,NC,North Carolina,no_flooding,2.31,ft,-999,kcfs,RAH,Raleigh
RAMT1,35.7031,-83.3566,8/12/2025 10:25 AM,Mid. Prong Little Pigeon River 4SSE Pittman Center (Ramsey Prong),Falling,-0.01,Lower Mississippi River Forecast Center,TN,Tennessee,no_flooding,0.96,ft,-999,kcfs,MRX,Morristown
EWPN7,36.05638889,-76.61055556,8/12/2025 10:25 AM,Chowan River near Waterfront Park at Edenton,Rising,0.05,Southeast River Forecast Center,NC,North Carolina,no_flooding,0.88,ft,-999,kcfs,AKQ,Wakefield
HSWN7,35.7198,-77.9201,8/12/2025 10:25 AM,Hominy Swamp at Wilson,Falling,-0.09,Southeast River Forecast Center,NC,North Carolina,no_flooding,4.19,ft,-999,kcfs,RAH,Raleigh
STYN7,35.9782,-77.9725,8/12/2025 10:25 AM,Stony Creek at Nashville,Rising,0.12,Southeast River Forecast Center,NC,North Carolina,no_flooding,2.31,ft,-999,kcfs,RAH,Raleigh
COLN7,35.9175,-76.25444444,8/12/2025 10:25 AM,Scuppernong River at Columbia (in MLLW),Falling,-0.04,Southeast River Forecast Center,NC,North Carolina,action,2.25,ft,-999,kcfs,MHX,Newport
RAMT1,35.7031,-83.3566,8/12/2025 10:25 AM,Mid. Prong Little Pigeon River 4SSE Pittman Center (Ramsey Prong),Falling,-0.01,Lower Mississippi River Forecast Center,TN,Tennessee,no_flooding,0.96,ft,-999,kcfs,MRX,Morristown
JCKN7,34.751175,-77.43425,8/12/2025 10:25 AM,New River at Jacksonville (in MLLW),Falling,-0.08,Southeast River Forecast Center,NC,North Carolina,no_flooding,0.65,ft,-999,kcfs,MHX,Newport
MDHN7,35.40694444,-80.89055556,8/12/2025 10:25 AM,McDowell Creek near HUNTERSVILLE,Falling,-0.05,Southeast River Forecast Center,NC,North Carolina,no_flooding,1.87,ft,0.0194,kcfs,GSP,Greer
OCAN7,35.11527778,-75.98722222,8/12/2025 10:25 AM,Pamlico Sound at Ocracoke (in MLLW),Rising,0.11,Southeast River Forecast Center,NC,North Carolina,no_flooding,0.77,ft,-999,kcfs,MHX,Newport
EWPN7,36.05638889,-76.61055556,8/12/2025 10:25 AM,Chowan River near Waterfront Park at Edenton,Rising,0.05,Southeast River Forecast Center,NC,North Carolina,no_flooding,0.88,ft,-999,kcfs,AKQ,Wakefield
HSWN7,35.7198,-77.9201,8/12/2025 10:25 AM,Hominy Swamp at Wilson,Falling,-0.09,Southeast River Forecast Center,NC,North Carolina,no_flooding,4.19,ft,-999,kcfs,RAH,Raleigh
COLN7,35.9175,-76.25444444,8/12/2025 10:25 AM,Scuppernong River at Columbia (in MLLW),Falling,-0.04,Southeast River Forecast Center,NC,North Carolina,action,2.25,ft,-999,kcfs,MHX,Newport
STYN7,35.9782,-77.9725,8/12/2025 10:25 AM,Stony Creek at Nashville,Rising,0.12,Southeast River Forecast Center,NC,North Carolina,no_flooding,2.31,ft,-999,kcfs,RAH,Raleigh
RAMT1,35.7031,-83.3566,8/12/2025 10:25 AM,Mid. Prong Little Pigeon River 4SSE Pittman Center (Ramsey Prong),Falling,-0.01,Lower Mississippi River Forecast Center,TN,Tennessee,no_flooding,0.96,ft,-999,kcfs,MRX,Morristown
JCKN7,34.751175,-77.43425,8/12/2025 10:25 AM,New River at Jacksonville (in MLLW),Falling,-0.08,Southeast River Forecast Center,NC,North Carolina,no_flooding,0.65,ft,-999,kcfs,MHX,Newport
MDHN7,35.40694444,-80.89055556,8/12/2025 10:25 AM,McDowell Creek near HUNTERSVILLE,Falling,-0.05,Southeast River Forecast Center,NC,North Carolina,no_flooding,1.87,ft,0.0194,kcfs,GSP,Greer
OCAN7,35.11527778,-75.98722222,8/12/2025 10:25 AM,Pamlico Sound at Ocracoke (in MLLW),Rising,0.11,Southeast River Forecast Center,NC,North Carolina,no_flooding,0.77,ft,-999,kcfs,MHX,Newport
RAMT1,35.7031,-83.3566,8/12/2025 10:25 AM,Mid. Prong Little Pigeon River 4SSE Pittman Center (Ramsey Prong),Falling,-0.01,Lower Mississippi River Forecast Center,TN,Tennessee,no_flooding,0.96,ft,-999,kcfs,MRX,Morristown
STYN7,35.9782,-77.9725,8/12/2025 10:25 AM,Stony Creek at Nashville,Rising,0.12,Southeast River Forecast Center,NC,North Carolina,no_flooding,2.31,ft,-999,kcfs,RAH,Raleigh
KERV2,36.59833333,-78.29916667,8/12/2025 10:26 AM,Roanoke River at John H. Kerr Dam,Rising,0.01,Southeast River Forecast Center,VA,Virginia,no_flooding,300.95,ft,-999,kcfs,AKQ,Wakefield
KERV2,36.59833333,-78.29916667,8/12/2025 10:26 AM,Roanoke River at John H. Kerr Dam,Rising,0.01,Southeast River Forecast Center,VA,Virginia,no_flooding,300.95,ft,-999,kcfs,AKQ,Wakefield
LLLN7,35.40611111,-78.81333333,8/12/2025 10:28 AM,Cape Fear River at Lillington,Falling,-0.02,Southeast River Forecast Center,NC,North Carolina,no_flooding,7.2,ft,9.3,kcfs,RAH,Raleigh
LLLN7,35.40611111,-78.81333333,8/12/2025 10:28 AM,Cape Fear River at Lillington,Falling,-0.02,Southeast River Forecast Center,NC,North Carolina,no_flooding,7.2,ft,9.3,kcfs,RAH,Raleigh
LLLN7,35.40611111,-78.81333333,8/12/2025 10:28 AM,Cape Fear River at Lillington,Falling,-0.02,Southeast River Forecast Center,NC,North Carolina,no_flooding,7.2,ft,9.3,kcfs,RAH,Raleigh
LLLN7,35.40611111,-78.81333333,8/12/2025 10:28 AM,Cape Fear River at Lillington,Falling,-0.02,Southeast River Forecast Center,NC,North Carolina,no_flooding,7.2,ft,9.3,kcfs,RAH,Raleigh
BLBV2,36.741903,-80.002438,8/12/2025 10:30 AM,Blackberry Creek near Bassett,Rising,0.01,Southeast River Forecast Center,VA,Virginia,no_flooding,3.16,ft,-999,kcfs,RNK,Blacksburg
DFCV2,36.58672,-79.37891,8/12/2025 10:30 AM,Fall Creek at River Street in Danville,Rising,0.01,Southeast River Forecast Center,VA,Virginia,no_flooding,1.39,ft,-999,kcfs,RNK,Blacksburg
ECRN7,36.01944444,-78.89472222,8/12/2025 10:30 AM,Ellerbe Creek (NC) at Club Blvd in Durham,Falling,-0.03,Southeast River Forecast Center,NC,North Carolina,no_flooding,0.55,ft,-999,kcfs,RAH,Raleigh
GTNN7,35.37011,-77.445956,8/12/2025 10:30 AM,Contentnea Creek at Grifton,Rising,0.04,Southeast River Forecast Center,NC,North Carolina,no_flooding,10.76,ft,-999,kcfs,MHX,Newport
HWBN7,36.136069,-79.426323,8/12/2025 10:30 AM,Haw River at NC-62,Falling,-0.01,Southeast River Forecast Center,NC,North Carolina,no_flooding,2.18,ft,-999,kcfs,RAH,Raleigh
JFON7,35.59055556,-81.56694444,8/12/2025 10:30 AM,Jacob Fork below Old NC 18 in Shoups Ford,Falling,-0.05,Southeast River Forecast Center,NC,North Carolina,no_flooding,3.59,ft,0.334,kcfs,GSP,Greer
LSMN7,35.20361111,-80.83694444,8/12/2025 10:30 AM,Little Sugar Creek (NC) at Medical Center Dr,Falling,-0.36,Southeast River Forecast Center,NC,North Carolina,no_flooding,3.91,ft,0.163,kcfs,GSP,Greer
MCCN7,35.11833333,-80.80666667,8/12/2025 10:30 AM,McAlpine Creek at Colony Rd,Rising,0.23,Southeast River Forecast Center,NC,North Carolina,no_flooding,3.36,ft,-999,kcfs,GSP,Greer
MCDN7,35.38972222,-80.92111111,8/12/2025 10:30 AM,McDowell Creek at Beatties Ford Rd.,No change,0,Southeast River Forecast Center,NC,North Carolina,no_flooding,4.34,ft,0.0778,kcfs,GSP,Greer
MCFN7,36.0475,-80.3665,8/12/2025 10:30 AM,Muddy Creek (NC) above Muddy Creek at I-40 nr Clemmons,Falling,-0.09,Southeast River Forecast Center,NC,North Carolina,no_flooding,3.46,ft,-999,kcfs,RAH,Raleigh
MOCG1,33.94666667,-83.42277778,8/12/2025 10:30 AM,Middle Oconee River at US 78 at Athens,Rising,0.02,Southeast River Forecast Center,GA,Georgia,no_flooding,1.64,ft,0.369,kcfs,FFC,Peachtree City
OWFN7,35.81583333,-78.62583333,8/12/2025 10:30 AM,Crabtree Creek at Old Wake Forest Road,Falling,-0.16,Southeast River Forecast Center,NC,North Carolina,no_flooding,5.99,ft,-999,kcfs,RAH,Raleigh
BBVK2,36.862222,-83.8875,8/12/2025 10:30 AM,Cumberland River at Barbourville,Rising,0.01,Ohio River Forecast Center,KY,Kentucky,no_flooding,1.72,ft,0.162,kcfs,JKL,Jackson
CTPN7,35.521944,-82.848056,8/12/2025 10:30 AM,"Pigeon River above Old River Rd (NC 215), 1 SW Canton",Rising,0.01,Lower Mississippi River Forecast Center,NC,North Carolina,no_flooding,2.04,ft,0.346,kcfs,GSP,Greer
ELZN7,34.62666667,-78.57833333,8/12/2025 10:30 AM,Cape Fear River at Elizabethtown,No change,0,Southeast River Forecast Center,NC,North Carolina,no_flooding,17.27,ft,10.5,kcfs,ILM,Wilmington
IBRN7,35.21083333,-80.80083333,8/12/2025 10:30 AM,Briar Creek at Independence Blvd,Rising,0.53,Southeast River Forecast Center,NC,North Carolina,no_flooding,2.65,ft,-999,kcfs,GSP,Greer
LRTN7,35.263952,-79.359036,8/12/2025 10:30 AM,Little River (NC) at Niagara Carthage Rd,Rising,0.02,Southeast River Forecast Center,NC,North Carolina,no_flooding,3.97,ft,-999,kcfs,RAH,Raleigh
MCIN7,35.17583333,-80.71916667,8/12/2025 10:30 AM,McAlpine Creek at Idlewild,Rising,0.27,Southeast River Forecast Center,NC,North Carolina,no_flooding,3.63,ft,0.198,kcfs,GSP,Greer
MCMN7,35.14083333,-80.82,8/12/2025 10:30 AM,McMullen Creek at Sharon View,Rising,0.09,Southeast River Forecast Center,NC,North Carolina,no_flooding,1.3,ft,0.0163,kcfs,GSP,Greer
MCPN7,35.06638889,-80.86972222,8/12/2025 10:30 AM,McAlpine Creek at Waste Water Treatment Plant,Rising,0.12,Southeast River Forecast Center,NC,North Carolina,no_flooding,3.01,ft,0.167,kcfs,GSP,Greer
MDRN7,36.1186,-80.3498,8/12/2025 10:30 AM,Muddy Creek (NC) at Robinhood Rd,Falling,-0.04,Southeast River Forecast Center,NC,North Carolina,no_flooding,2.85,ft,-999,kcfs,RAH,Raleigh
BCBV2,36.63166667,-82.13388889,8/12/2025 10:30 AM,Beaver Creek (VA) at Bristol,No change,0,Lower Mississippi River Forecast Center,VA,Virginia,no_flooding,3.24,ft,-999,kcfs,MRX,Morristown
DMCV2,36.625567,-81.770457,8/12/2025 10:30 AM,Laurel Creek 1SE Damascus,No change,0,Lower Mississippi River Forecast Center,VA,Virginia,no_flooding,2.66,ft,0.622,kcfs,MRX,Morristown
INDN7,35.125,-80.60277778,8/12/2025 10:30 AM,Goose Creek at SR1525 nr Indian Trail,No change,0,Southeast River Forecast Center,NC,North Carolina,no_flooding,1.62,ft,0.009,kcfs,GSP,Greer
IRSN7,35.26194444,-80.83694444,8/12/2025 10:30 AM,Irwin Creek at Statesville Ave,Rising,0.01,Southeast River Forecast Center,NC,North Carolina,no_flooding,2.01,ft,0.0031,kcfs,GSP,Greer
MACN7,36.5402,-75.9723,8/12/2025 10:30 AM,Currituck Sound at Marsh Causeway @ NC 615,Rising,0.01,Southeast River Forecast Center,NC,North Carolina,no_flooding,0.68,ft,-999,kcfs,AKQ,Wakefield
MALN7,35.13777778,-80.7675,8/12/2025 10:30 AM,McAlpine Creek below Sardis Road,Rising,0.33,Southeast River Forecast Center,NC,North Carolina,no_flooding,2.95,ft,0.353,kcfs,GSP,Greer
NSPN7,35.916764,-78.97066,8/12/2025 10:30 AM,New Hope Creek at NC-54,Rising,0.03,Southeast River Forecast Center,NC,North Carolina,no_flooding,7.69,ft,-999,kcfs,RAH,Raleigh
PAWN7,35.24027778,-80.97444444,8/12/2025 10:30 AM,Paw Creek at Wilkinson Blvd,Falling,-0.02,Southeast River Forecast Center,NC,North Carolina,no_flooding,1.43,ft,-999,kcfs,GSP,Greer
ABBN7,35.80694444,-80.23472222,8/12/2025 10:30 AM,Abbotts Creek near Lexington,No change,0,Southeast River Forecast Center,NC,North Carolina,no_flooding,3.76,ft,0.08,kcfs,RAH,Raleigh
BCMN7,36.12805556,-79.6616667,8/12/2025 10:30 AM,North Buffalo Creek at SR2819 near McCleansville,Falling,-0.05,Southeast River Forecast Center,NC,North Carolina,no_flooding,2.29,ft,0.0875,kcfs,RAH,Raleigh
BMCV2,36.648295,-82.553548,8/12/2025 10:30 AM,Big Moccasin Creek at Gate City,Falling,-0.02,Lower Mississippi River Forecast Center,VA,Virginia,no_flooding,3.63,ft,-999,kcfs,MRX,Morristown
CDPN7,35.78512,-78.77405,8/12/2025 10:30 AM,Walnut Creek (NC) at Downstream Side of E Park,Falling,-0.01,Southeast River Forecast Center,NC,North Carolina,no_flooding,1.22,ft,-999,kcfs,RAH,Raleigh
DPGV2,36.56157,-79.37488,8/12/2025 10:30 AM,Pumpkin Creek at Goodyear Blvd in Danville,No change,0,Southeast River Forecast Center,VA,Virginia,no_flooding,2.11,ft,-999,kcfs,RNK,Blacksburg
EBNN7,35.84527778,-78.72472222,8/12/2025 10:30 AM,Crabtree Creek at Ebenezer Church Rd,Falling,-0.08,Southeast River Forecast Center,NC,North Carolina,no_flooding,8.1,ft,-999,kcfs,RAH,Raleigh
EBSN7,35.20333333,-80.77222222,8/12/2025 10:30 AM,Edwards Branch at Sheffield drive,No change,0,Southeast River Forecast Center,NC,North Carolina,no_flooding,1.17,ft,0.0029,kcfs,GSP,Greer
GBRN7,35.29944444,-80.94638889,8/12/2025 10:30 AM,Gum Branch at Gum Branch road,Falling,-0.01,Southeast River Forecast Center,NC,North Carolina,no_flooding,1.89,ft,0.0115,kcfs,GSP,Greer
HPNN7,36.13778,-79.86,8/12/2025 10:30 AM,Horsepen Creek at US22O Near Greensboro,Falling,-0.01,Southeast River Forecast Center,NC,North Carolina,no_flooding,2.05,ft,0.0155,kcfs,RAH,Raleigh
ISNN7,35.15861111,-80.71333333,8/12/2025 10:30 AM,Irvins Creek at Sam Newell Road,Rising,0.32,Southeast River Forecast Center,NC,North Carolina,no_flooding,2.46,ft,0.03,kcfs,GSP,Greer
JFRN7,36.39333333,-81.40694444,8/12/2025 10:30 AM,South Fork New River near Jefferson,No change,0,Ohio River Forecast Center,NC,North Carolina,no_flooding,2.2,ft,0.318,kcfs,RNK,Blacksburg
JOHN7,35.83361111,-81.71194444,8/12/2025 10:30 AM,Johns River at Arneys Store,Falling,-0.01,Southeast River Forecast Center,NC,North Carolina,no_flooding,3.28,ft,0.906,kcfs,GSP,Greer
OMBN7,35.0082,-78.3411,8/12/2025 10:30 AM,Williams Old Mill Branch at US 421,Falling,-0.16,Southeast River Forecast Center,NC,North Carolina,no_flooding,7.53,ft,-999,kcfs,RAH,Raleigh
PCRS1,35.10984144,-81.9595507,8/12/2025 10:30 AM,Pacolet River near Fingerville,Falling,-0.07,Southeast River Forecast Center,SC,South Carolina,no_flooding,10.98,ft,-999,kcfs,GSP,Greer
CAMN7,35.18666667,-80.73666667,8/12/2025 10:30 AM,Campbell Creek (NC) at Idlewild road,Falling,-0.03,Southeast River Forecast Center,NC,North Carolina,no_flooding,2.14,ft,0.068,kcfs,GSP,Greer
CEPN7,35.46166667,-82.86972222,8/12/2025 10:30 AM,East Fork Pigeon River above Canton,No change,0,Lower Mississippi River Forecast Center,NC,North Carolina,no_flooding,0.72,ft,0.142,kcfs,GSP,Greer
COFN7,35.14583333,-80.92694444,8/12/2025 10:30 AM,Coffee Creek at Highway 49,Rising,0.02,Southeast River Forecast Center,NC,North Carolina,no_flooding,2.87,ft,0.0105,kcfs,GSP,Greer
DFIV2,36.711381,-82.795715,8/12/2025 10:30 AM,North Fork Clinch River at Duffield,Falling,-0.01,Lower Mississippi River Forecast Center,VA,Virginia,no_flooding,3.31,ft,-999,kcfs,MRX,Morristown
DROV2,36.5784,-79.43138,8/12/2025 10:30 AM,Dan River at Robertson Bridge in Danville,Rising,0.02,Southeast River Forecast Center,VA,Virginia,no_flooding,4.52,ft,-999,kcfs,RNK,Blacksburg
HEPN7,35.635278,-82.990278,8/12/2025 10:30 AM,"Pigeon River below Jonathans Ck, 4 NW Crabtree",Rising,0.01,Lower Mississippi River Forecast Center,NC,North Carolina,no_flooding,2.64,ft,0.442,kcfs,GSP,Greer
BCLN7,35.17527778,-80.83083333,8/12/2025 10:30 AM,Briar Creek at Colony Road,Rising,0.16,Southeast River Forecast Center,NC,North Carolina,no_flooding,2.91,ft,0.0336,kcfs,GSP,Greer
BRMN7,35.7811,-78.77716,8/12/2025 10:30 AM,Walnut Creek (NC) at Byrum St in Cary,Falling,-0.01,Southeast River Forecast Center,NC,North Carolina,no_flooding,0.98,ft,-999,kcfs,RAH,Raleigh
BRPN7,35.1825,-80.82,8/12/2025 10:30 AM,Briar Creek at Providence road,Rising,0.09,Southeast River Forecast Center,NC,North Carolina,no_flooding,1.85,ft,-999,kcfs,GSP,Greer
BUCN7,35.55944444,-78.97361111,8/12/2025 10:30 AM,Buckhorn Creek (NC) near Corinth,No change,0,Southeast River Forecast Center,NC,North Carolina,no_flooding,2.11,ft,-999,kcfs,RAH,Raleigh
BVDV2,36.631536,-81.790337,8/12/2025 10:30 AM,Beaverdam Creek at Damascus,No change,0,Lower Mississippi River Forecast Center,VA,Virginia,no_flooding,4.03,ft,-999,kcfs,MRX,Morristown
BVKN7,35.72995,-78.894812,8/12/2025 10:30 AM,Beaver Creek (NC) at Kelly Rd,Falling,-0.01,Southeast River Forecast Center,NC,North Carolina,no_flooding,1.93,ft,-999,kcfs,RAH,Raleigh
BVRN7,35.17222222,-80.98333333,8/12/2025 10:30 AM,Beaverdam Creek above Windy Gap Rd,No change,0,Southeast River Forecast Center,NC,North Carolina,no_flooding,0.2,ft,-999,kcfs,GSP,Greer
DAVN7,35.27305556,-82.70583333,8/12/2025 10:30 AM,Davidson River near hwy 276 near Pisgah Forest,Rising,0.03,Lower Mississippi River Forecast Center,NC,North Carolina,no_flooding,1.43,ft,0.203,kcfs,GSP,Greer
DRIV2,36.5872,-79.38265,8/12/2025 10:30 AM,Dan River at Riverwalk Trail in Danville,No change,0,Southeast River Forecast Center,VA,Virginia,no_flooding,4.36,ft,-999,kcfs,RNK,Blacksburg
LRYN7,35.30055556,-80.97277778,8/12/2025 10:30 AM,Long Creek at Rhyne NC,Falling,-0.01,Southeast River Forecast Center,NC,North Carolina,no_flooding,1.94,ft,0.0184,kcfs,GSP,Greer
LSHN7,35.17916667,-80.84638889,8/12/2025 10:30 AM,Little Sugar Creek (NC) at Hillside Avenue,Falling,-0.1,Southeast River Forecast Center,NC,North Carolina,no_flooding,3.07,ft,-999,kcfs,GSP,Greer
MCLN7,35.33277778,-80.71583333,8/12/2025 10:30 AM,Mallard Creek below Stony Creek nr Harrisburg,No change,0,Southeast River Forecast Center,NC,North Carolina,no_flooding,3.02,ft,0.0147,kcfs,GSP,Greer
NRWN7,35.156944,-80.165556,8/12/2025 10:30 AM,Rocky River NC near Norwood,Falling,-0.08,Southeast River Forecast Center,NC,North Carolina,no_flooding,11.19,ft,7.89,kcfs,RAH,Raleigh
BRIN7,35.20611111,-80.80583333,8/12/2025 10:30 AM,Briar Creek below Edward's Branch,Rising,0.21,Southeast River Forecast Center,NC,North Carolina,no_flooding,2.59,ft,-999,kcfs,GSP,Greer
BVCN7,35.0738,-78.9767,8/12/2025 10:30 AM,Beaver Creek (NC) at Morganton Rd,Falling,-0.01,Southeast River Forecast Center,NC,North Carolina,no_flooding,9.01,ft,-999,kcfs,RAH,Raleigh
CRFN7,35.36138889,-80.8975,8/12/2025 10:30 AM,Gar Creek at SR 2074 NR CROFT #6531,No change,0,Southeast River Forecast Center,NC,North Carolina,no_flooding,1.15,ft,0,kcfs,GSP,Greer
DABV2,36.59727,-79.40405,8/12/2025 10:30 AM,Apple Branch at Goodyear Blvd in Danville,No change,0,Southeast River Forecast Center,VA,Virginia,no_flooding,2.83,ft,-999,kcfs,RNK,Blacksburg
DTAS1,34.53527778,-81.54833333,8/12/2025 10:30 AM,Tyger River near Delta,Rising,0.02,Southeast River Forecast Center,SC,South Carolina,no_flooding,8,ft,1.84,kcfs,GSP,Greer
FCLN7,35.0798,-78.8882,8/12/2025 10:30 AM,Cross Creek at Langdon St,Falling,-0.05,Southeast River Forecast Center,NC,North Carolina,no_flooding,3.93,ft,-999,kcfs,RAH,Raleigh
IRWN7,35.19777778,-80.90444444,8/12/2025 10:30 AM,Irwin Creek at WWTP,Rising,0.06,Southeast River Forecast Center,NC,North Carolina,no_flooding,1.37,ft,0.0532,kcfs,GSP,Greer
LHMN7,34.9722,-78.9453,8/12/2025 10:30 AM,Little Rockfish Creek at Lakeview Rd near Hope Mills,Rising,0.01,Southeast River Forecast Center,NC,North Carolina,no_flooding,3.15,ft,-999,kcfs,RAH,Raleigh
MRSN7,35.39805556,-82.595,8/12/2025 10:30 AM,Mills River near Mills River,No change,0,Lower Mississippi River Forecast Center,NC,North Carolina,no_flooding,2.3,ft,0.168,kcfs,GSP,Greer
MSHN7,35.81638889,-78.59361111,8/12/2025 10:30 AM,Marsh Creek (NC) at New Hope,Falling,-0.03,Southeast River Forecast Center,NC,North Carolina,no_flooding,3.83,ft,-999,kcfs,RAH,Raleigh
BCPT1,36.01833333,-84.05166667,8/12/2025 10:30 AM,Beaver Creek (TN) near Powell,No change,0,Lower Mississippi River Forecast Center,TN,Tennessee,no_flooding,4.19,ft,0.0266,kcfs,MRX,Morristown
BIPN7,35.43518,-76.3998,8/12/2025 10:30 AM,Pamlico Sound at Bell Island Pier (in MLLW),Rising,0.03,Southeast River Forecast Center,NC,North Carolina,no_flooding,1.04,ft,-999,kcfs,MHX,Newport
CPHT1,34.99138889,-84.37666667,8/12/2025 10:30 AM,Toccoa River (GA) / Ocoee River (TN) at Copperhill,Falling,-0.02,Lower Mississippi River Forecast Center,TN,Tennessee,no_flooding,2.64,ft,0.369,kcfs,MRX,Morristown
FMCN7,35.07694444,-80.8225,8/12/2025 10:30 AM,Fourmile Creek (NC) at Elm Lane,Rising,0.28,Southeast River Forecast Center,NC,North Carolina,no_flooding,5.62,ft,0.118,kcfs,GSP,Greer
GSRV2,36.935665,-82.486582,8/12/2025 10:30 AM,Guest River at Riverview,No change,0,Lower Mississippi River Forecast Center,VA,Virginia,no_flooding,3.42,ft,-999,kcfs,MRX,Morristown
HEWN7,35.305,-83.65222222,8/12/2025 10:30 AM,Nantahala River near Hewitt,No change,0,Lower Mississippi River Forecast Center,NC,North Carolina,no_flooding,1.28,ft,0.0921,kcfs,GSP,Greer
LLGN7,35.39611111,-82.9375,8/12/2025 10:30 AM,Pigeon River (NC) above (W Fork) Abv Lake Logan,Rising,0.01,Lower Mississippi River Forecast Center,NC,North Carolina,no_flooding,1.81,ft,0.181,kcfs,GSP,Greer
MTVV2,36.664183,-79.883794,8/12/2025 10:30 AM,Smith River at Martinsville Hydroelectic Dam,No change,0,Southeast River Forecast Center,VA,Virginia,no_flooding,696.19,ft,-999,kcfs,RNK,Blacksburg
AWRN7,35.13972222,-80.91111111,8/12/2025 10:30 AM,Sugar Creek NC at Arrowood Rd,Rising,0.11,Southeast River Forecast Center,NC,North Carolina,no_flooding,1.15,ft,-999,kcfs,GSP,Greer
COVN7,35.42333333,-82.11166667,8/12/2025 10:30 AM,Cove Creek at Highway 64,Falling,-0.05,Southeast River Forecast Center,NC,North Carolina,no_flooding,3.56,ft,0.395,kcfs,GSP,Greer
HIBT1,35.88416667,-83.83833333,8/12/2025 10:30 AM,Stock Creek at Knoxville 8SSE at Martin Mill Road,No change,0,Lower Mississippi River Forecast Center,TN,Tennessee,no_flooding,0.73,ft,0.0037,kcfs,MRX,Morristown
LSTN7,35.25027778,-80.80833333,8/12/2025 10:30 AM,Little Sugar Creek (NC) below 36th street,Falling,-0.12,Southeast River Forecast Center,NC,North Carolina,no_flooding,2.64,ft,-999,kcfs,GSP,Greer
ADRN7,35.821111,-78.6341667,8/12/2025 10:30 AM,Crabtree Creek at Anderson Drive,Falling,-0.13,Southeast River Forecast Center,NC,North Carolina,no_flooding,7.59,ft,-999,kcfs,RAH,Raleigh
ALIS1,35.065,-81.13833333,8/12/2025 10:30 AM,Allison Creek near York,Falling,-0.19,Southeast River Forecast Center,SC,South Carolina,no_flooding,5.96,ft,0.219,kcfs,GSP,Greer
GAPV2,36.865056,-82.771167,8/12/2025 10:30 AM,South Fork Powell River at Big Stone Gap,Rising,0.03,Lower Mississippi River Forecast Center,VA,Virginia,no_flooding,3.04,ft,-999,kcfs,MRX,Morristown
GATT1,35.699444,-83.527222,8/12/2025 10:30 AM,West Prong Little Pigeon River above Gatlinburg,No change,0,Lower Mississippi River Forecast Center,TN,Tennessee,no_flooding,3.17,ft,0.0572,kcfs,MRX,Morristown
LCSN7,34.7695,-79.4493,8/12/2025 10:30 AM,Leith Creek above East Church St,Rising,0.01,Southeast River Forecast Center,NC,North Carolina,no_flooding,5.21,ft,-999,kcfs,RAH,Raleigh
LHCN7,35.16444444,-80.85305556,8/12/2025 10:30 AM,Little Hope Creek at SENECA PLACE,Falling,-0.07,Southeast River Forecast Center,NC,North Carolina,no_flooding,3.99,ft,0.0454,kcfs,GSP,Greer
MSDG1,33.6925,-83.9966667,8/12/2025 10:30 AM,Yellow River near Milstead,Rising,0.01,Southeast River Forecast Center,GA,Georgia,no_flooding,5.6,ft,-999,kcfs,FFC,Peachtree City
NPRN7,34.9356,-79.7641,8/12/2025 10:30 AM,North Prong Falling Creek at Rockingham Rd,Rising,0.01,Southeast River Forecast Center,NC,North Carolina,no_flooding,1.75,ft,-999,kcfs,RAH,Raleigh
PIGN7,35.78722222,-78.65472222,8/12/2025 10:30 AM,Pigeon House Creek at Cameron Village,No change,0,Southeast River Forecast Center,NC,North Carolina,no_flooding,1.55,ft,-999,kcfs,RAH,Raleigh
CRBN7,35.81111111,-78.61194444,8/12/2025 10:30 AM,Crabtree Creek at Capitol Blvd (US Rt 1),Falling,-0.16,Southeast River Forecast Center,NC,North Carolina,no_flooding,5.55,ft,1.15,kcfs,RAH,Raleigh
CWPN7,35.46388889,-82.9,8/12/2025 10:30 AM,West Fork Pigeon River near Bethel,Rising,0.01,Lower Mississippi River Forecast Center,NC,North Carolina,no_flooding,0.92,ft,0.191,kcfs,GSP,Greer
IVYN7,35.76972222,-82.62083333,8/12/2025 10:30 AM,Ivy River near Marshall,Falling,-0.01,Lower Mississippi River Forecast Center,NC,North Carolina,no_flooding,2.36,ft,0.0792,kcfs,GSP,Greer
LMPN7,35.1922,-79.1838,8/12/2025 10:30 AM,Little River (NC) near Mount Pleasant,Rising,0.03,Southeast River Forecast Center,NC,North Carolina,no_flooding,4.14,ft,-999,kcfs,RAH,Raleigh
OKRN7,36.17277778,-79.95333333,8/12/2025 10:30 AM,Reedy Creek at NC2128 Nr Oak Ridge,No change,0,Southeast River Forecast Center,NC,North Carolina,no_flooding,4.18,ft,0.0436,kcfs,RAH,Raleigh
PINN7,35.08527778,-80.88222222,8/12/2025 10:30 AM,Little Sugar Creek (NC) at NC51 Pineville,No change,0,Southeast River Forecast Center,NC,North Carolina,no_flooding,2.17,ft,0.0797,kcfs,GSP,Greer
CHIN7,34.82888889,-77.83222222,8/12/2025 10:30 AM,N.E. Cape Fear River near Chinquapin,Rising,0.01,Southeast River Forecast Center,NC,North Carolina,no_flooding,10.85,ft,2.44,kcfs,MHX,Newport
EECG1,34.68416667,-84.45861111,8/12/2025 10:30 AM,Cartecay River near Ellijay,Rising,0.01,Southeast River Forecast Center,GA,Georgia,no_flooding,1.64,ft,0.147,kcfs,FFC,Peachtree City
FBNG1,33.65666667,-84.67361111,8/12/2025 10:30 AM,Chattahoochee River near Fairburn,No change,0,Southeast River Forecast Center,GA,Georgia,no_flooding,2.25,ft,2.86,kcfs,FFC,Peachtree City
HURG1,34.79,-84.24,8/12/2025 10:30 AM,Toccoa River near Dial,Rising,0.01,Lower Mississippi River Forecast Center,GA,Georgia,no_flooding,1.34,ft,0.27,kcfs,FFC,Peachtree City
IGCV2,36.895933,-82.026579,8/12/2025 10:30 AM,Big Cedar Creek 1E Lebanon,Rising,0.01,Lower Mississippi River Forecast Center,VA,Virginia,no_flooding,3.68,ft,-999,kcfs,MRX,Morristown
LSAN7,35.14805556,-80.85777778,8/12/2025 10:30 AM,Little Sugar Creek (NC) at Archdale Drive,Rising,0.15,Southeast River Forecast Center,NC,North Carolina,no_flooding,3.05,ft,0.0858,kcfs,GSP,Greer
MCBS1,34.51388889,-80.18333333,8/12/2025 10:30 AM,Black Creek (SC) near Mcbee,Rising,0.01,Southeast River Forecast Center,SC,South Carolina,no_flooding,7.14,ft,0.172,kcfs,CAE,West Columbia
PHFN7,35.8029,-78.6202,8/12/2025 10:30 AM,Pigeon House Creek at Fenton St,Falling,-0.01,Southeast River Forecast Center,NC,North Carolina,no_flooding,4.23,ft,-999,kcfs,RAH,Raleigh
ACDG1,34.03166667,-83.56333333,8/12/2025 10:30 AM,Middle Oconee River near Arcade,No change,0,Southeast River Forecast Center,GA,Georgia,no_flooding,3.69,ft,0.374,kcfs,FFC,Peachtree City
BLAN7,35.299167,-82.623889,8/12/2025 10:30 AM,"French Broad River at Grove Bridge Rd, in Blantyre",Falling,-0.02,Lower Mississippi River Forecast Center,NC,North Carolina,no_flooding,8.17,ft,1.01,kcfs,GSP,Greer
ECRN7,36.01944444,-78.89472222,8/12/2025 10:30 AM,Ellerbe Creek (NC) at Club Blvd in Durham,Falling,-0.03,Southeast River Forecast Center,NC,North Carolina,no_flooding,0.55,ft,-999,kcfs,RAH,Raleigh
GTNN7,35.37011,-77.445956,8/12/2025 10:30 AM,Contentnea Creek at Grifton,Rising,0.04,Southeast River Forecast Center,NC,North Carolina,no_flooding,10.76,ft,-999,kcfs,MHX,Newport
HWBN7,36.136069,-79.426323,8/12/2025 10:30 AM,Haw River at NC-62,Falling,-0.01,Southeast River Forecast Center,NC,North Carolina,no_flooding,2.18,ft,-999,kcfs,RAH,Raleigh
JFON7,35.59055556,-81.56694444,8/12/2025 10:30 AM,Jacob Fork below Old NC 18 in Shoups Ford,Falling,-0.05,Southeast River Forecast Center,NC,North Carolina,no_flooding,3.59,ft,0.334,kcfs,GSP,Greer
LSMN7,35.20361111,-80.83694444,8/12/2025 10:30 AM,Little Sugar Creek (NC) at Medical Center Dr,Falling,-0.36,Southeast River Forecast Center,NC,North Carolina,no_flooding,3.91,ft,0.163,kcfs,GSP,Greer
MCCN7,35.11833333,-80.80666667,8/12/2025 10:30 AM,McAlpine Creek at Colony Rd,Rising,0.23,Southeast River Forecast Center,NC,North Carolina,no_flooding,3.36,ft,-999,kcfs,GSP,Greer
MCDN7,35.38972222,-80.92111111,8/12/2025 10:30 AM,McDowell Creek at Beatties Ford Rd.,No change,0,Southeast River Forecast Center,NC,North Carolina,no_flooding,4.34,ft,0.0778,kcfs,GSP,Greer
MCFN7,36.0475,-80.3665,8/12/2025 10:30 AM,Muddy Creek (NC) above Muddy Creek at I-40 nr Clemmons,Falling,-0.09,Southeast River Forecast Center,NC,North Carolina,no_flooding,3.46,ft,-999,kcfs,RAH,Raleigh
MOCG1,33.94666667,-83.42277778,8/12/2025 10:30 AM,Middle Oconee River at US 78 at Athens,Rising,0.02,Southeast River Forecast Center,GA,Georgia,no_flooding,1.64,ft,0.369,kcfs,FFC,Peachtree City
OWFN7,35.81583333,-78.62583333,8/12/2025 10:30 AM,Crabtree Creek at Old Wake Forest Road,Falling,-0.16,Southeast River Forecast Center,NC,North Carolina,no_flooding,5.99,ft,-999,kcfs,RAH,Raleigh
RAIN7,35.1275,-83.61861111,8/12/2025 10:30 AM,Nantahala River near Rainbow Springs,Rising,0.01,Lower Mississippi River Forecast Center,NC,North Carolina,no_flooding,1.04,ft,0.104,kcfs,GSP,Greer
RVLT1,36.42611111,-82.95194444,8/12/2025 10:30 AM,Big Creek near Rogersville,No change,0,Lower Mississippi River Forecast Center,TN,Tennessee,no_flooding,1.46,ft,0.0055,kcfs,MRX,Morristown
SGWN7,36.239028,-81.822327,8/12/2025 10:30 AM,Watauga River near Sugar Grove,No change,0,Lower Mississippi River Forecast Center,NC,North Carolina,no_flooding,1.73,ft,0.0898,kcfs,RNK,Blacksburg
STYV2,36.9,-77.4,8/12/2025 10:30 AM,Nottoway River near Stony Creek,No change,0,Southeast River Forecast Center,VA,Virginia,no_flooding,3.02,ft,0.131,kcfs,AKQ,Wakefield
WHMS1,34.50916667,-81.59833333,8/12/2025 10:30 AM,Enoree River at Whitmire,Falling,-0.02,Southeast River Forecast Center,SC,South Carolina,no_flooding,17.82,ft,0.91,kcfs,CAE,West Columbia
BBGS1,35.124017,-81.587872,8/12/2025 10:30 AM,"Broad River at Shelby Hwy (SC 18), 4 W Blacksburg",Falling,-0.08,Southeast River Forecast Center,SC,South Carolina,no_flooding,10.68,ft,13.8,kcfs,GSP,Greer
BRSN7,36.12805556,-79.92388889,8/12/2025 10:30 AM,Brush Creek at Muirfield Rd in Greensboro,Falling,-0.01,Southeast River Forecast Center,NC,North Carolina,no_flooding,1.81,ft,-999,kcfs,RAH,Raleigh
INDN7,35.125,-80.60277778,8/12/2025 10:30 AM,Goose Creek at SR1525 nr Indian Trail,No change,0,Southeast River Forecast Center,NC,North Carolina,no_flooding,1.62,ft,0.009,kcfs,GSP,Greer
IRSN7,35.26194444,-80.83694444,8/12/2025 10:30 AM,Irwin Creek at Statesville Ave,Rising,0.01,Southeast River Forecast Center,NC,North Carolina,no_flooding,2.01,ft,0.0031,kcfs,GSP,Greer
MACN7,36.5402,-75.9723,8/12/2025 10:30 AM,Currituck Sound at Marsh Causeway @ NC 615,Rising,0.01,Southeast River Forecast Center,NC,North Carolina,no_flooding,0.68,ft,-999,kcfs,AKQ,Wakefield
MALN7,35.13777778,-80.7675,8/12/2025 10:30 AM,McAlpine Creek below Sardis Road,Rising,0.33,Southeast River Forecast Center,NC,North Carolina,no_flooding,2.95,ft,0.353,kcfs,GSP,Greer
NSPN7,35.916764,-78.97066,8/12/2025 10:30 AM,New Hope Creek at NC-54,Rising,0.03,Southeast River Forecast Center,NC,North Carolina,no_flooding,7.69,ft,-999,kcfs,RAH,Raleigh
PAWN7,35.24027778,-80.97444444,8/12/2025 10:30 AM,Paw Creek at Wilkinson Blvd,Falling,-0.02,Southeast River Forecast Center,NC,North Carolina,no_flooding,1.43,ft,-999,kcfs,GSP,Greer
PRSS1,34.87333333,-81.53166667,8/12/2025 10:30 AM,Pacolet River near Saratt,Rising,0.08,Southeast River Forecast Center,SC,South Carolina,no_flooding,12.17,ft,-999,kcfs,GSP,Greer
PRTN7,35.15,-83.37972222,8/12/2025 10:30 AM,Little Tennessee River near Prentiss,Rising,0.01,Lower Mississippi River Forecast Center,NC,North Carolina,no_flooding,1.74,ft,0.186,kcfs,GSP,Greer
SCKG1,34.91894444,-85.1257222,8/12/2025 10:30 AM,South Chickamauga Creek at Ringgold,No change,0,Lower Mississippi River Forecast Center,GA,Georgia,no_flooding,3.79,ft,-999,kcfs,FFC,Peachtree City
SEDN7,35.7873,-78.76389,8/12/2025 10:30 AM,Walnut Creek (NC) below Maynard St in Cary,No change,0,Southeast River Forecast Center,NC,North Carolina,no_flooding,1.77,ft,-999,kcfs,RAH,Raleigh
WALN7,35.75833333,-78.58277778,8/12/2025 10:30 AM,Walnut Creek (NC) at Sunnybrook Dr in Raleigh,Falling,-0.1,Southeast River Forecast Center,NC,North Carolina,no_flooding,8.35,ft,0.877,kcfs,RAH,Raleigh
ABBN7,35.80694444,-80.23472222,8/12/2025 10:30 AM,Abbotts Creek near Lexington,No change,0,Southeast River Forecast Center,NC,North Carolina,no_flooding,3.76,ft,0.08,kcfs,RAH,Raleigh
BCMN7,36.12805556,-79.6616667,8/12/2025 10:30 AM,North Buffalo Creek at SR2819 near McCleansville,Falling,-0.05,Southeast River Forecast Center,NC,North Carolina,no_flooding,2.29,ft,0.0875,kcfs,RAH,Raleigh
FREN7,34.095,-78.54833333,8/12/2025 10:30 AM,Waccamaw River at Freeland,Rising,0.01,Southeast River Forecast Center,NC,North Carolina,action,14.93,ft,4.04,kcfs,ILM,Wilmington
GBRN7,35.29944444,-80.94638889,8/12/2025 10:30 AM,Gum Branch at Gum Branch road,Falling,-0.01,Southeast River Forecast Center,NC,North Carolina,no_flooding,1.89,ft,0.0115,kcfs,GSP,Greer
HPNN7,36.13778,-79.86,8/12/2025 10:30 AM,Horsepen Creek at US22O Near Greensboro,Falling,-0.01,Southeast River Forecast Center,NC,North Carolina,no_flooding,2.05,ft,0.0155,kcfs,RAH,Raleigh
ISNN7,35.15861111,-80.71333333,8/12/2025 10:30 AM,Irvins Creek at Sam Newell Road,Rising,0.32,Southeast River Forecast Center,NC,North Carolina,no_flooding,2.46,ft,0.03,kcfs,GSP,Greer
JFRN7,36.39333333,-81.40694444,8/12/2025 10:30 AM,South Fork New River near Jefferson,No change,0,Ohio River Forecast Center,NC,North Carolina,no_flooding,2.2,ft,0.318,kcfs,RNK,Blacksburg
JOHN7,35.83361111,-81.71194444,8/12/2025 10:30 AM,Johns River at Arneys Store,Falling,-0.01,Southeast River Forecast Center,NC,North Carolina,no_flooding,3.28,ft,0.906,kcfs,GSP,Greer
OMBN7,35.0082,-78.3411,8/12/2025 10:30 AM,Williams Old Mill Branch at US 421,Falling,-0.16,Southeast River Forecast Center,NC,North Carolina,no_flooding,7.53,ft,-999,kcfs,RAH,Raleigh
PCRS1,35.10984144,-81.9595507,8/12/2025 10:30 AM,Pacolet River near Fingerville,Falling,-0.07,Southeast River Forecast Center,SC,South Carolina,no_flooding,10.98,ft,-999,kcfs,GSP,Greer
PROS1,34.16861111,-81.61055556,8/12/2025 10:30 AM,Bush River near Prosperity,Falling,-0.32,Southeast River Forecast Center,SC,South Carolina,no_flooding,8.24,ft,1.23,kcfs,CAE,West Columbia
SHLV2,36.76027778,-81.63138889,8/12/2025 10:30 AM,South Fork Holston River at Riverside nr Chilhowie,No change,0,Lower Mississippi River Forecast Center,VA,Virginia,no_flooding,1.9,ft,0.111,kcfs,RNK,Blacksburg
SIXN7,35.01027778,-80.82861111,8/12/2025 10:30 AM,Sixmile Creek (NC) near PINEVILLE #6512,Falling,-0.03,Southeast River Forecast Center,NC,North Carolina,no_flooding,3.58,ft,0.015,kcfs,GSP,Greer
STRN7,35.831389,-82.184167,8/12/2025 10:30 AM,"S Toe River below Whiteoak Ck, 2 SSE Celo",No change,0,Lower Mississippi River Forecast Center,NC,North Carolina,no_flooding,1.16,ft,0.173,kcfs,GSP,Greer
VNPG1,33.9019722,-84.4430278,8/12/2025 10:30 AM,Chattahoochee River at Powers Ferry + I-285 near Atlanta,Rising,0.24,Southeast River Forecast Center,GA,Georgia,no_flooding,4.53,ft,-999,kcfs,FFC,Peachtree City
ETWG1,34.16305556,-84.74111111,8/12/2025 10:30 AM,Etowah River at Allatoona Dam above Cartersville,No change,0,Southeast River Forecast Center,GA,Georgia,no_flooding,1.26,ft,0.32,kcfs,FFC,Peachtree City
HEPN7,35.635278,-82.990278,8/12/2025 10:30 AM,"Pigeon River below Jonathans Ck, 4 NW Crabtree",Rising,0.01,Lower Mississippi River Forecast Center,NC,North Carolina,no_flooding,2.64,ft,0.442,kcfs,GSP,Greer
SFTG1,33.7488611,-84.00844167,8/12/2025 10:30 AM,Swift Creek at Rock Chapel Road near Lithonia,No change,0,Southeast River Forecast Center,GA,Georgia,no_flooding,1.65,ft,-999,kcfs,FFC,Peachtree City
UPCN7,35.78792,-78.770444,8/12/2025 10:30 AM,Walnut Creek (NC) at Clay St,Falling,-0.01,Southeast River Forecast Center,NC,North Carolina,no_flooding,0.25,ft,-999,kcfs,RAH,Raleigh
ALTS1,34.24305556,-81.31972222,8/12/2025 10:30 AM,Broad River in NC/SC at Alston,Falling,-0.02,Southeast River Forecast Center,SC,South Carolina,no_flooding,4.49,ft,3.24,kcfs,CAE,West Columbia
BGWN7,34.59833333,-77.87527778,8/12/2025 10:30 AM,N.E. Cape Fear River near Burgaw,Rising,0.01,Southeast River Forecast Center,NC,North Carolina,action,7.45,ft,-999,kcfs,ILM,Wilmington
BUCN7,35.55944444,-78.97361111,8/12/2025 10:30 AM,Buckhorn Creek (NC) near Corinth,No change,0,Southeast River Forecast Center,NC,North Carolina,no_flooding,2.11,ft,-999,kcfs,RAH,Raleigh
DAVN7,35.27305556,-82.70583333,8/12/2025 10:30 AM,Davidson River near hwy 276 near Pisgah Forest,Rising,0.03,Lower Mississippi River Forecast Center,NC,North Carolina,no_flooding,1.43,ft,0.203,kcfs,GSP,Greer
LRYN7,35.30055556,-80.97277778,8/12/2025 10:30 AM,Long Creek at Rhyne NC,Falling,-0.01,Southeast River Forecast Center,NC,North Carolina,no_flooding,1.94,ft,0.0184,kcfs,GSP,Greer
LSHN7,35.17916667,-80.84638889,8/12/2025 10:30 AM,Little Sugar Creek (NC) at Hillside Avenue,Falling,-0.1,Southeast River Forecast Center,NC,North Carolina,no_flooding,3.07,ft,-999,kcfs,GSP,Greer
MCLN7,35.33277778,-80.71583333,8/12/2025 10:30 AM,Mallard Creek below Stony Creek nr Harrisburg,No change,0,Southeast River Forecast Center,NC,North Carolina,no_flooding,3.02,ft,0.0147,kcfs,GSP,Greer
NRWN7,35.156944,-80.165556,8/12/2025 10:30 AM,Rocky River NC near Norwood,Falling,-0.08,Southeast River Forecast Center,NC,North Carolina,no_flooding,11.19,ft,7.89,kcfs,RAH,Raleigh
CARN7,35.15776944,-83.4243694,8/12/2025 10:30 AM,Cartoogechaye Creek near Franklin,Rising,0.01,Lower Mississippi River Forecast Center,NC,North Carolina,no_flooding,0.43,ft,-999,kcfs,GSP,Greer
EGHN7,35.5089,-75.9969,8/12/2025 10:30 AM,Far Creek at Engelhard (in MLLW),Rising,0.28,Southeast River Forecast Center,NC,North Carolina,no_flooding,1.69,ft,-999,kcfs,MHX,Newport
IRWN7,35.19777778,-80.90444444,8/12/2025 10:30 AM,Irwin Creek at WWTP,Rising,0.06,Southeast River Forecast Center,NC,North Carolina,no_flooding,1.37,ft,0.0532,kcfs,GSP,Greer
LHMN7,34.9722,-78.9453,8/12/2025 10:30 AM,Little Rockfish Creek at Lakeview Rd near Hope Mills,Rising,0.01,Southeast River Forecast Center,NC,North Carolina,no_flooding,3.15,ft,-999,kcfs,RAH,Raleigh
MRSN7,35.39805556,-82.595,8/12/2025 10:30 AM,Mills River near Mills River,No change,0,Lower Mississippi River Forecast Center,NC,North Carolina,no_flooding,2.3,ft,0.168,kcfs,GSP,Greer
MSHN7,35.81638889,-78.59361111,8/12/2025 10:30 AM,Marsh Creek (NC) at New Hope,Falling,-0.03,Southeast River Forecast Center,NC,North Carolina,no_flooding,3.83,ft,-999,kcfs,RAH,Raleigh
RCDG1,34.078972,-84.854444,8/12/2025 10:30 AM,Richland Creek at Old Dallas Road near Dallas,No change,0,Southeast River Forecast Center,GA,Georgia,no_flooding,0.92,ft,-999,kcfs,FFC,Peachtree City
RLHN7,35.8375,-78.67388889,8/12/2025 10:30 AM,Crabtree Creek at Glenwood Ave,Falling,-0.05,Southeast River Forecast Center,NC,North Carolina,no_flooding,9.54,ft,1.01,kcfs,RAH,Raleigh
SBHN7,36.03777778,-79.80027778,8/12/2025 10:30 AM,South Buffalo Creek at US220 Nr Greensboro,Falling,-0.01,Southeast River Forecast Center,NC,North Carolina,no_flooding,2.34,ft,0.0061,kcfs,RAH,Raleigh
SEVT1,35.87833333,-83.57777778,8/12/2025 10:30 AM,Little Pigeon River above Sevierville,Rising,0.02,Lower Mississippi River Forecast Center,TN,Tennessee,no_flooding,1.99,ft,0.474,kcfs,MRX,Morristown
ALIN7,35.7215,-76.1934,8/12/2025 10:30 AM,North Fork Alligator River at Gum Neck (in MLLW),Falling,-0.05,Southeast River Forecast Center,NC,North Carolina,no_flooding,1.45,ft,-999,kcfs,MHX,Newport
ALIS1,35.065,-81.13833333,8/12/2025 10:30 AM,Allison Creek near York,Falling,-0.19,Southeast River Forecast Center,SC,South Carolina,no_flooding,5.96,ft,0.219,kcfs,GSP,Greer
ALSV2,36.9375,-80.74583333,8/12/2025 10:30 AM,New River at Allisonia,Rising,0.03,Ohio River Forecast Center,VA,Virginia,no_flooding,1.83,ft,2.19,kcfs,RNK,Blacksburg
AVLN7,35.608889,-82.578056,8/12/2025 10:30 AM,"French Broad River at Pearson Bridge Rd, 2 NW Asheville",Falling,-0.01,Lower Mississippi River Forecast Center,NC,North Carolina,no_flooding,1.86,ft,1.39,kcfs,GSP,Greer
BELG1,33.97416667,-82.77,8/12/2025 10:30 AM,Broad River (GA) at Washington Hwy (GA 17) 3 S Fortsonia,Rising,0.04,Southeast River Forecast Center,GA,Georgia,no_flooding,6.32,ft,1.5,kcfs,GSP,Greer
CCRN7,35.80694444,-79.5275,8/12/2025 10:30 AM,Rocky River NC at SR1300 near Crutchfield,Rising,0.01,Southeast River Forecast Center,NC,North Carolina,no_flooding,2.07,ft,-999,kcfs,RAH,Raleigh
FLCN7,35.429167,-82.5525,8/12/2025 10:30 AM,"French Broad River at Old Fanning Bridge Rd, 3 W Fletcher",Rising,0.03,Lower Mississippi River Forecast Center,NC,North Carolina,no_flooding,5.54,ft,1.6,kcfs,GSP,Greer
GAPV2,36.865056,-82.771167,8/12/2025 10:30 AM,South Fork Powell River at Big Stone Gap,Rising,0.03,Lower Mississippi River Forecast Center,VA,Virginia,no_flooding,3.04,ft,-999,kcfs,MRX,Morristown
GATT1,35.699444,-83.527222,8/12/2025 10:30 AM,West Prong Little Pigeon River above Gatlinburg,No change,0,Lower Mississippi River Forecast Center,TN,Tennessee,no_flooding,3.17,ft,0.0572,kcfs,MRX,Morristown
LCSN7,34.7695,-79.4493,8/12/2025 10:30 AM,Leith Creek above East Church St,Rising,0.01,Southeast River Forecast Center,NC,North Carolina,no_flooding,5.21,ft,-999,kcfs,RAH,Raleigh
LHCN7,35.16444444,-80.85305556,8/12/2025 10:30 AM,Little Hope Creek at SENECA PLACE,Falling,-0.07,Southeast River Forecast Center,NC,North Carolina,no_flooding,3.99,ft,0.0454,kcfs,GSP,Greer
MSDG1,33.6925,-83.9966667,8/12/2025 10:30 AM,Yellow River near Milstead,Rising,0.01,Southeast River Forecast Center,GA,Georgia,no_flooding,5.6,ft,-999,kcfs,FFC,Peachtree City
NPRN7,34.9356,-79.7641,8/12/2025 10:30 AM,North Prong Falling Creek at Rockingham Rd,Rising,0.01,Southeast River Forecast Center,NC,North Carolina,no_flooding,1.75,ft,-999,kcfs,RAH,Raleigh
PIGN7,35.78722222,-78.65472222,8/12/2025 10:30 AM,Pigeon House Creek at Cameron Village,No change,0,Southeast River Forecast Center,NC,North Carolina,no_flooding,1.55,ft,-999,kcfs,RAH,Raleigh
TRLN7,35.76833333,-78.69111111,8/12/2025 10:30 AM,Walnut Creek (NC) at Trailwood Drive,Falling,-0.03,Southeast River Forecast Center,NC,North Carolina,no_flooding,5.71,ft,0.067,kcfs,RAH,Raleigh
ALKV2,36.67944444,-78.32694444,8/12/2025 10:30 AM,Allen Creek at BOYDTON-ALLEN CREEK,Falling,-0.22,Southeast River Forecast Center,VA,Virginia,no_flooding,5.55,ft,0.067,kcfs,AKQ,Wakefield
CHIN7,34.82888889,-77.83222222,8/12/2025 10:30 AM,N.E. Cape Fear River near Chinquapin,Rising,0.01,Southeast River Forecast Center,NC,North Carolina,no_flooding,10.85,ft,2.44,kcfs,MHX,Newport
CSRN7,35.49305556,-81.68222222,8/12/2025 10:30 AM,First Broad River near Casar,Falling,-0.07,Southeast River Forecast Center,NC,North Carolina,no_flooding,2.38,ft,0.318,kcfs,GSP,Greer
EECG1,34.68416667,-84.45861111,8/12/2025 10:30 AM,Cartecay River near Ellijay,Rising,0.01,Southeast River Forecast Center,GA,Georgia,no_flooding,1.64,ft,0.147,kcfs,FFC,Peachtree City
FBNG1,33.65666667,-84.67361111,8/12/2025 10:30 AM,Chattahoochee River near Fairburn,No change,0,Southeast River Forecast Center,GA,Georgia,no_flooding,2.25,ft,2.86,kcfs,FFC,Peachtree City
FISS1,34.975,-81.18,8/12/2025 10:30 AM,Fishing Creek at Highway 5 below York,No change,0,Southeast River Forecast Center,SC,South Carolina,no_flooding,2.95,ft,-999,kcfs,GSP,Greer
HURG1,34.79,-84.24,8/12/2025 10:30 AM,Toccoa River near Dial,Rising,0.01,Lower Mississippi River Forecast Center,GA,Georgia,no_flooding,1.34,ft,0.27,kcfs,FFC,Peachtree City
IGCV2,36.895933,-82.026579,8/12/2025 10:30 AM,Big Cedar Creek 1E Lebanon,Rising,0.01,Lower Mississippi River Forecast Center,VA,Virginia,no_flooding,3.68,ft,-999,kcfs,MRX,Morristown
LSAN7,35.14805556,-80.85777778,8/12/2025 10:30 AM,Little Sugar Creek (NC) at Archdale Drive,Rising,0.15,Southeast River Forecast Center,NC,North Carolina,no_flooding,3.05,ft,0.0858,kcfs,GSP,Greer
MCBS1,34.51388889,-80.18333333,8/12/2025 10:30 AM,Black Creek (SC) near Mcbee,Rising,0.01,Southeast River Forecast Center,SC,South Carolina,no_flooding,7.14,ft,0.172,kcfs,CAE,West Columbia
PHFN7,35.8029,-78.6202,8/12/2025 10:30 AM,Pigeon House Creek at Fenton St,Falling,-0.01,Southeast River Forecast Center,NC,North Carolina,no_flooding,4.23,ft,-999,kcfs,RAH,Raleigh
PNVN7,35.09083333,-80.89944444,8/12/2025 10:30 AM,Sugar Creek NC at NC 51 nr Pineville,Falling,-0.01,Southeast River Forecast Center,NC,North Carolina,no_flooding,1.7,ft,0.0698,kcfs,GSP,Greer
RLCG1,34.1325,-84.07,8/12/2025 10:30 AM,Richland Creek at Suwanee Dam Road near Buford,No change,0,Southeast River Forecast Center,GA,Georgia,no_flooding,0.47,ft,0.0032,kcfs,FFC,Peachtree City
STCG1,33.82611111,-84.16527778,8/12/2025 10:30 AM,Stone Mountain Creek at Silver Hill Road near Stone Mountain,Rising,0.01,Southeast River Forecast Center,GA,Georgia,no_flooding,1.98,ft,-999,kcfs,FFC,Peachtree City
BBVK2,36.862222,-83.8875,8/12/2025 10:30 AM,Cumberland River at Barbourville,Rising,0.01,Ohio River Forecast Center,KY,Kentucky,no_flooding,1.72,ft,0.162,kcfs,JKL,Jackson
CHFS1,35.07,-81.54972222,8/12/2025 10:30 AM,Broad River in NC/SC near CHEROKEE FALLS,Falling,-0.1,Southeast River Forecast Center,SC,South Carolina,no_flooding,30.75,ft,-999,kcfs,GSP,Greer
ELLN7,35.94555556,-81.23694444,8/12/2025 10:30 AM,Lower Little River near Ellendale,Rising,0.01,Southeast River Forecast Center,NC,North Carolina,no_flooding,1.1,ft,0.0335,kcfs,GSP,Greer
IBRN7,35.21083333,-80.80083333,8/12/2025 10:30 AM,Briar Creek at Independence Blvd,Rising,0.53,Southeast River Forecast Center,NC,North Carolina,no_flooding,2.65,ft,-999,kcfs,GSP,Greer
LRTN7,35.263952,-79.359036,8/12/2025 10:30 AM,Little River (NC) at Niagara Carthage Rd,Rising,0.02,Southeast River Forecast Center,NC,North Carolina,no_flooding,3.97,ft,-999,kcfs,RAH,Raleigh
MCIN7,35.17583333,-80.71916667,8/12/2025 10:30 AM,McAlpine Creek at Idlewild,Rising,0.27,Southeast River Forecast Center,NC,North Carolina,no_flooding,3.63,ft,0.198,kcfs,GSP,Greer
MCMN7,35.14083333,-80.82,8/12/2025 10:30 AM,McMullen Creek at Sharon View,Rising,0.09,Southeast River Forecast Center,NC,North Carolina,no_flooding,1.3,ft,0.0163,kcfs,GSP,Greer
MCPN7,35.06638889,-80.86972222,8/12/2025 10:30 AM,McAlpine Creek at Waste Water Treatment Plant,Rising,0.12,Southeast River Forecast Center,NC,North Carolina,no_flooding,3.01,ft,0.167,kcfs,GSP,Greer
MDRN7,36.1186,-80.3498,8/12/2025 10:30 AM,Muddy Creek (NC) at Robinhood Rd,Falling,-0.04,Southeast River Forecast Center,NC,North Carolina,no_flooding,2.85,ft,-999,kcfs,RAH,Raleigh
PNTN7,35.51111111,-78.16055556,8/12/2025 10:30 AM,Little River (North Carolina) near Princeton,Rising,0.14,Southeast River Forecast Center,NC,North Carolina,no_flooding,4.41,ft,0.73,kcfs,RAH,Raleigh
SBPN7,36.04972222,-79.85611111,8/12/2025 10:30 AM,South Buffalo Creek near Pomona,Falling,-0.02,Southeast River Forecast Center,NC,North Carolina,no_flooding,1.22,ft,0.0194,kcfs,RAH,Raleigh
WKSN7,36.1525,-81.14555556,8/12/2025 10:30 AM,Yadkin River at Wilkesboro,Falling,-0.01,Southeast River Forecast Center,NC,North Carolina,no_flooding,2.48,ft,0.689,kcfs,RNK,Blacksburg
WSWG1,34.05638889,-84.10916667,8/12/2025 10:30 AM,Chattahoochee River at 0.76 mile upstream McGinnis Ferry near Suwanee,Falling,-0.11,Southeast River Forecast Center,GA,Georgia,no_flooding,1.96,ft,-999,kcfs,FFC,Peachtree City
AHSN7,36.28027778,-76.99944444,8/12/2025 10:30 AM,Ahoskie Creek at Ahoskie,Falling,-0.01,Southeast River Forecast Center,NC,North Carolina,no_flooding,1.71,ft,0.007,kcfs,AKQ,Wakefield
BCPT1,36.01833333,-84.05166667,8/12/2025 10:30 AM,Beaver Creek (TN) near Powell,No change,0,Lower Mississippi River Forecast Center,TN,Tennessee,no_flooding,4.19,ft,0.0266,kcfs,MRX,Morristown
CPHT1,34.99138889,-84.37666667,8/12/2025 10:30 AM,Toccoa River (GA) / Ocoee River (TN) at Copperhill,Falling,-0.02,Lower Mississippi River Forecast Center,TN,Tennessee,no_flooding,2.64,ft,0.369,kcfs,MRX,Morristown
EPOV2,36.69,-77.54083333,8/12/2025 10:30 AM,Meherrin River at Emporia,Falling,-0.05,Southeast River Forecast Center,VA,Virginia,no_flooding,4.01,ft,0.32,kcfs,AKQ,Wakefield
GSRV2,36.935665,-82.486582,8/12/2025 10:30 AM,Guest River at Riverview,No change,0,Lower Mississippi River Forecast Center,VA,Virginia,no_flooding,3.42,ft,-999,kcfs,MRX,Morristown
HEWN7,35.305,-83.65222222,8/12/2025 10:30 AM,Nantahala River near Hewitt,No change,0,Lower Mississippi River Forecast Center,NC,North Carolina,no_flooding,1.28,ft,0.0921,kcfs,GSP,Greer
LLGN7,35.39611111,-82.9375,8/12/2025 10:30 AM,Pigeon River (NC) above (W Fork) Abv Lake Logan,Rising,0.01,Lower Mississippi River Forecast Center,NC,North Carolina,no_flooding,1.81,ft,0.181,kcfs,GSP,Greer
MTVV2,36.664183,-79.883794,8/12/2025 10:30 AM,Smith River at Martinsville Hydroelectic Dam,No change,0,Southeast River Forecast Center,VA,Virginia,no_flooding,696.19,ft,-999,kcfs,RNK,Blacksburg
RBWS1,33.9875,-81.0275,8/12/2025 10:30 AM,Rocky  Branch (SC) at Whaley Street,No change,0,Southeast River Forecast Center,SC,South Carolina,no_flooding,1.32,ft,-999,kcfs,CAE,West Columbia
SLCN7,35.73514,-79.42307,8/12/2025 10:30 AM,Rocky River  at Siler City,Falling,-0.02,Southeast River Forecast Center,NC,North Carolina,no_flooding,2.51,ft,-999,kcfs,RAH,Raleigh
TMVN7,35.13888889,-83.98055556,8/12/2025 10:30 AM,Valley River at Tomotla,Falling,-0.02,Lower Mississippi River Forecast Center,NC,North Carolina,no_flooding,2.12,ft,0.124,kcfs,MRX,Morristown
WDCG1,33.82166667,-84.43888889,8/12/2025 10:30 AM,Woodall Creek at Defoors Ferry Road at Atlanta,No change,0,Southeast River Forecast Center,GA,Georgia,no_flooding,0.48,ft,0,kcfs,FFC,Peachtree City
CATG1,34.60361111,-84.69555556,8/12/2025 10:30 AM,Coosawattee River at Carters,No change,0,Southeast River Forecast Center,GA,Georgia,no_flooding,4.75,ft,0.581,kcfs,FFC,Peachtree City
COBG1,33.70941667,-84.2391667,8/12/2025 10:30 AM,Cobbs Creek at Rainbow Drive near Decatur,Rising,0.01,Southeast River Forecast Center,GA,Georgia,no_flooding,1.68,ft,0.521,kcfs,FFC,Peachtree City
COVN7,35.42333333,-82.11166667,8/12/2025 10:30 AM,Cove Creek at Highway 64,Falling,-0.05,Southeast River Forecast Center,NC,North Carolina,no_flooding,3.56,ft,0.395,kcfs,GSP,Greer
HIBT1,35.88416667,-83.83833333,8/12/2025 10:30 AM,Stock Creek at Knoxville 8SSE at Martin Mill Road,No change,0,Lower Mississippi River Forecast Center,TN,Tennessee,no_flooding,0.73,ft,0.0037,kcfs,MRX,Morristown
LSTN7,35.25027778,-80.80833333,8/12/2025 10:30 AM,Little Sugar Creek (NC) below 36th street,Falling,-0.12,Southeast River Forecast Center,NC,North Carolina,no_flooding,2.64,ft,-999,kcfs,GSP,Greer
RKMG1,33.9974722,-85.0536944,8/12/2025 10:30 AM,Euharlee Creek at US 287 at Rockmart,Falling,-0.01,Southeast River Forecast Center,GA,Georgia,no_flooding,1.99,ft,0.0114,kcfs,FFC,Peachtree City
SFHG1,33.69666667,-84.19861111,8/12/2025 10:30 AM,Snapfinger Creek at Thompson Mill Road near Lithonia,Falling,-0.01,Southeast River Forecast Center,GA,Georgia,no_flooding,3.53,ft,-999,kcfs,FFC,Peachtree City
EMBT1,36.17824965,-82.4551657,8/12/2025 10:30 AM,Nolichucky River at Embreeville,Rising,0.02,Lower Mississippi River Forecast Center,TN,Tennessee,no_flooding,1.53,ft,0.7,kcfs,MRX,Morristown
IVYN7,35.76972222,-82.62083333,8/12/2025 10:30 AM,Ivy River near Marshall,Falling,-0.01,Lower Mississippi River Forecast Center,NC,North Carolina,no_flooding,2.36,ft,0.0792,kcfs,GSP,Greer
LMPN7,35.1922,-79.1838,8/12/2025 10:30 AM,Little River (NC) near Mount Pleasant,Rising,0.03,Southeast River Forecast Center,NC,North Carolina,no_flooding,4.14,ft,-999,kcfs,RAH,Raleigh
OKRN7,36.17277778,-79.95333333,8/12/2025 10:30 AM,Reedy Creek at NC2128 Nr Oak Ridge,No change,0,Southeast River Forecast Center,NC,North Carolina,no_flooding,4.18,ft,0.0436,kcfs,RAH,Raleigh
PINN7,35.08527778,-80.88222222,8/12/2025 10:30 AM,Little Sugar Creek (NC) at NC51 Pineville,No change,0,Southeast River Forecast Center,NC,North Carolina,no_flooding,2.17,ft,0.0797,kcfs,GSP,Greer
PVLK2,36.76388889,-83.69277778,8/12/2025 10:30 AM,Cumberland River at Pineville,Falling,-0.01,Ohio River Forecast Center,KY,Kentucky,no_flooding,976.79,ft,0.275,kcfs,JKL,Jackson
SBCN7,36.06,-79.72555556,8/12/2025 10:30 AM,South Buffalo Creek at McConnell Rd Nr Greensboro,Rising,0.35,Southeast River Forecast Center,NC,North Carolina,no_flooding,2.02,ft,-999,kcfs,RAH,Raleigh
SCGN7,35.376,-77.96,8/12/2025 10:30 AM,Stony Creek at Bus US 70,Falling,-0.01,Southeast River Forecast Center,NC,North Carolina,no_flooding,6.75,ft,-999,kcfs,RAH,Raleigh
SILS1,34.20944444,-81.76333333,8/12/2025 10:30 AM,Little River near Silver Street,Rising,0.04,Southeast River Forecast Center,SC,South Carolina,no_flooding,5.56,ft,0.355,kcfs,CAE,West Columbia
WRLN7,35.76025,-78.600081,8/12/2025 10:30 AM,Walnut Creek (NC) at Rose Ln in Raleigh,Falling,-0.1,Southeast River Forecast Center,NC,North Carolina,no_flooding,8.51,ft,-999,kcfs,RAH,Raleigh
ABBN7,35.80694444,-80.23472222,8/12/2025 10:30 AM,Abbotts Creek near Lexington,No change,0,Southeast River Forecast Center,NC,North Carolina,no_flooding,3.76,ft,0.08,kcfs,RAH,Raleigh
BCMN7,36.12805556,-79.6616667,8/12/2025 10:30 AM,North Buffalo Creek at SR2819 near McCleansville,Falling,-0.05,Southeast River Forecast Center,NC,North Carolina,no_flooding,2.29,ft,0.0875,kcfs,RAH,Raleigh
FREN7,34.095,-78.54833333,8/12/2025 10:30 AM,Waccamaw River at Freeland,Rising,0.01,Southeast River Forecast Center,NC,North Carolina,action,14.93,ft,4.04,kcfs,ILM,Wilmington
FTBN7,35.31388889,-77.30277778,8/12/2025 10:30 AM,Neuse River at Fort Barnwell,Rising,0.01,Southeast River Forecast Center,NC,North Carolina,no_flooding,7.82,ft,4.99,kcfs,MHX,Newport
JFRN7,36.39333333,-81.40694444,8/12/2025 10:30 AM,South Fork New River near Jefferson,No change,0,Ohio River Forecast Center,NC,North Carolina,no_flooding,2.2,ft,0.318,kcfs,RNK,Blacksburg
MFHV2,36.71305556,-81.81888889,8/12/2025 10:30 AM,Middle Fork Holston River near Meadowview 4SE,Rising,0.01,Lower Mississippi River Forecast Center,VA,Virginia,no_flooding,2.12,ft,0.0998,kcfs,MRX,Morristown
PCRS1,35.10984144,-81.9595507,8/12/2025 10:30 AM,Pacolet River near Fingerville,Falling,-0.07,Southeast River Forecast Center,SC,South Carolina,no_flooding,10.98,ft,-999,kcfs,GSP,Greer
PROS1,34.16861111,-81.61055556,8/12/2025 10:30 AM,Bush River near Prosperity,Falling,-0.32,Southeast River Forecast Center,SC,South Carolina,no_flooding,8.24,ft,1.23,kcfs,CAE,West Columbia
SHLV2,36.76027778,-81.63138889,8/12/2025 10:30 AM,South Fork Holston River at Riverside nr Chilhowie,No change,0,Lower Mississippi River Forecast Center,VA,Virginia,no_flooding,1.9,ft,0.111,kcfs,RNK,Blacksburg
SIXN7,35.01027778,-80.82861111,8/12/2025 10:30 AM,Sixmile Creek (NC) near PINEVILLE #6512,Falling,-0.03,Southeast River Forecast Center,NC,North Carolina,no_flooding,3.58,ft,0.015,kcfs,GSP,Greer
STRN7,35.831389,-82.184167,8/12/2025 10:30 AM,"S Toe River below Whiteoak Ck, 2 SSE Celo",No change,0,Lower Mississippi River Forecast Center,NC,North Carolina,no_flooding,1.16,ft,0.173,kcfs,GSP,Greer
TRVN7,36.19472222,-78.58333333,8/12/2025 10:30 AM,Tar River near Tar River,Falling,-0.06,Southeast River Forecast Center,NC,North Carolina,no_flooding,5.44,ft,1.14,kcfs,RAH,Raleigh
VNPG1,33.9019722,-84.4430278,8/12/2025 10:30 AM,Chattahoochee River at Powers Ferry + I-285 near Atlanta,Rising,0.24,Southeast River Forecast Center,GA,Georgia,no_flooding,4.53,ft,-999,kcfs,FFC,Peachtree City
CARN7,35.15776944,-83.4243694,8/12/2025 10:30 AM,Cartoogechaye Creek near Franklin,Rising,0.01,Lower Mississippi River Forecast Center,NC,North Carolina,no_flooding,0.43,ft,-999,kcfs,GSP,Greer
EGHN7,35.5089,-75.9969,8/12/2025 10:30 AM,Far Creek at Engelhard (in MLLW),Rising,0.28,Southeast River Forecast Center,NC,North Carolina,no_flooding,1.69,ft,-999,kcfs,MHX,Newport
LCRN7,35.98222222,-78.82444444,8/12/2025 10:30 AM,Little Lick Creek at Oak Grove,Falling,-0.01,Southeast River Forecast Center,NC,North Carolina,no_flooding,1.74,ft,-999,kcfs,RAH,Raleigh
MRSN7,35.39805556,-82.595,8/12/2025 10:30 AM,Mills River near Mills River,No change,0,Lower Mississippi River Forecast Center,NC,North Carolina,no_flooding,2.3,ft,0.168,kcfs,GSP,Greer
NOSG1,33.85925,-84.65275,8/12/2025 10:30 AM,Noses Creek at Powder Springs Road near Powder Springs,Falling,-0.05,Southeast River Forecast Center,GA,Georgia,no_flooding,2.31,ft,0.0276,kcfs,FFC,Peachtree City
RCDG1,34.078972,-84.854444,8/12/2025 10:30 AM,Richland Creek at Old Dallas Road near Dallas,No change,0,Southeast River Forecast Center,GA,Georgia,no_flooding,0.92,ft,-999,kcfs,FFC,Peachtree City
SEVT1,35.87833333,-83.57777778,8/12/2025 10:30 AM,Little Pigeon River above Sevierville,Rising,0.02,Lower Mississippi River Forecast Center,TN,Tennessee,no_flooding,1.99,ft,0.474,kcfs,MRX,Morristown
ALIN7,35.7215,-76.1934,8/12/2025 10:30 AM,North Fork Alligator River at Gum Neck (in MLLW),Falling,-0.05,Southeast River Forecast Center,NC,North Carolina,no_flooding,1.45,ft,-999,kcfs,MHX,Newport
ALIS1,35.065,-81.13833333,8/12/2025 10:30 AM,Allison Creek near York,Falling,-0.19,Southeast River Forecast Center,SC,South Carolina,no_flooding,5.96,ft,0.219,kcfs,GSP,Greer
ALSV2,36.9375,-80.74583333,8/12/2025 10:30 AM,New River at Allisonia,Rising,0.03,Ohio River Forecast Center,VA,Virginia,no_flooding,1.83,ft,2.19,kcfs,RNK,Blacksburg
AVLN7,35.608889,-82.578056,8/12/2025 10:30 AM,"French Broad River at Pearson Bridge Rd, 2 NW Asheville",Falling,-0.01,Lower Mississippi River Forecast Center,NC,North Carolina,no_flooding,1.86,ft,1.39,kcfs,GSP,Greer
BELG1,33.97416667,-82.77,8/12/2025 10:30 AM,Broad River (GA) at Washington Hwy (GA 17) 3 S Fortsonia,Rising,0.04,Southeast River Forecast Center,GA,Georgia,no_flooding,6.32,ft,1.5,kcfs,GSP,Greer
CCRN7,35.80694444,-79.5275,8/12/2025 10:30 AM,Rocky River NC at SR1300 near Crutchfield,Rising,0.01,Southeast River Forecast Center,NC,North Carolina,no_flooding,2.07,ft,-999,kcfs,RAH,Raleigh
FLCN7,35.429167,-82.5525,8/12/2025 10:30 AM,"French Broad River at Old Fanning Bridge Rd, 3 W Fletcher",Rising,0.03,Lower Mississippi River Forecast Center,NC,North Carolina,no_flooding,5.54,ft,1.6,kcfs,GSP,Greer
HUNN7,36.00055556,-80.74555556,8/12/2025 10:30 AM,Hunting Creek below E Houstonville Rd. 3 NNE Harmony,Falling,-0.03,Southeast River Forecast Center,NC,North Carolina,no_flooding,1.21,ft,0.219,kcfs,GSP,Greer
MSDG1,33.6925,-83.9966667,8/12/2025 10:30 AM,Yellow River near Milstead,Rising,0.01,Southeast River Forecast Center,GA,Georgia,no_flooding,5.6,ft,-999,kcfs,FFC,Peachtree City
NEUN7,35.94,-78.57555556,8/12/2025 10:30 AM,Neuse River above Neuse River Below Falls Dam,Falling,-0.03,Southeast River Forecast Center,NC,North Carolina,no_flooding,3.19,ft,2.28,kcfs,RAH,Raleigh
ALKV2,36.67944444,-78.32694444,8/12/2025 10:30 AM,Allen Creek at BOYDTON-ALLEN CREEK,Falling,-0.22,Southeast River Forecast Center,VA,Virginia,no_flooding,5.55,ft,0.067,kcfs,AKQ,Wakefield
CHIN7,34.82888889,-77.83222222,8/12/2025 10:30 AM,N.E. Cape Fear River near Chinquapin,Rising,0.01,Southeast River Forecast Center,NC,North Carolina,no_flooding,10.85,ft,2.44,kcfs,MHX,Newport
CSRN7,35.49305556,-81.68222222,8/12/2025 10:30 AM,First Broad River near Casar,Falling,-0.07,Southeast River Forecast Center,NC,North Carolina,no_flooding,2.38,ft,0.318,kcfs,GSP,Greer
EECG1,34.68416667,-84.45861111,8/12/2025 10:30 AM,Cartecay River near Ellijay,Rising,0.01,Southeast River Forecast Center,GA,Georgia,no_flooding,1.64,ft,0.147,kcfs,FFC,Peachtree City
FBNG1,33.65666667,-84.67361111,8/12/2025 10:30 AM,Chattahoochee River near Fairburn,No change,0,Southeast River Forecast Center,GA,Georgia,no_flooding,2.25,ft,2.86,kcfs,FFC,Peachtree City
FISS1,34.975,-81.18,8/12/2025 10:30 AM,Fishing Creek at Highway 5 below York,No change,0,Southeast River Forecast Center,SC,South Carolina,no_flooding,2.95,ft,-999,kcfs,GSP,Greer
HURG1,34.79,-84.24,8/12/2025 10:30 AM,Toccoa River near Dial,Rising,0.01,Lower Mississippi River Forecast Center,GA,Georgia,no_flooding,1.34,ft,0.27,kcfs,FFC,Peachtree City
RLCG1,34.1325,-84.07,8/12/2025 10:30 AM,Richland Creek at Suwanee Dam Road near Buford,No change,0,Southeast River Forecast Center,GA,Georgia,no_flooding,0.47,ft,0.0032,kcfs,FFC,Peachtree City
STCG1,33.82611111,-84.16527778,8/12/2025 10:30 AM,Stone Mountain Creek at Silver Hill Road near Stone Mountain,Rising,0.01,Southeast River Forecast Center,GA,Georgia,no_flooding,1.98,ft,-999,kcfs,FFC,Peachtree City
ACDG1,34.03166667,-83.56333333,8/12/2025 10:30 AM,Middle Oconee River near Arcade,No change,0,Southeast River Forecast Center,GA,Georgia,no_flooding,3.69,ft,0.374,kcfs,FFC,Peachtree City
BLAN7,35.299167,-82.623889,8/12/2025 10:30 AM,"French Broad River at Grove Bridge Rd, in Blantyre",Falling,-0.02,Lower Mississippi River Forecast Center,NC,North Carolina,no_flooding,8.17,ft,1.01,kcfs,GSP,Greer
ECRN7,36.01944444,-78.89472222,8/12/2025 10:30 AM,Ellerbe Creek (NC) at Club Blvd in Durham,Falling,-0.03,Southeast River Forecast Center,NC,North Carolina,no_flooding,0.55,ft,-999,kcfs,RAH,Raleigh
GAXV2,36.64722222,-80.97916667,8/12/2025 10:30 AM,New River at Galax,No change,0,Ohio River Forecast Center,VA,Virginia,no_flooding,1.5,ft,1.46,kcfs,RNK,Blacksburg
GIBN7,36.17306,-79.61417,8/12/2025 10:30 AM,Reedy Creek near Gibsonville,Rising,0.01,Southeast River Forecast Center,NC,North Carolina,no_flooding,1.05,ft,0.0282,kcfs,RAH,Raleigh
GTNN7,35.37011,-77.445956,8/12/2025 10:30 AM,Contentnea Creek at Grifton,Rising,0.04,Southeast River Forecast Center,NC,North Carolina,no_flooding,10.76,ft,-999,kcfs,MHX,Newport
JFON7,35.59055556,-81.56694444,8/12/2025 10:30 AM,Jacob Fork below Old NC 18 in Shoups Ford,Falling,-0.05,Southeast River Forecast Center,NC,North Carolina,no_flooding,3.59,ft,0.334,kcfs,GSP,Greer
MCTS1,33.75333333,-81.60194444,8/12/2025 10:30 AM,McTier Creek near Monetta,No change,0,Southeast River Forecast Center,SC,South Carolina,no_flooding,3.36,ft,0.0371,kcfs,CAE,West Columbia
MNMN7,35.335,-82.463611,8/12/2025 10:30 AM,Mud Creek (NC) at N Main St 1 N Hendersonville,Rising,0.02,Lower Mississippi River Forecast Center,NC,North Carolina,no_flooding,6.01,ft,-999,kcfs,GSP,Greer
MOCG1,33.94666667,-83.42277778,8/12/2025 10:30 AM,Middle Oconee River at US 78 at Athens,Rising,0.02,Southeast River Forecast Center,GA,Georgia,no_flooding,1.64,ft,0.369,kcfs,FFC,Peachtree City
RAIN7,35.1275,-83.61861111,8/12/2025 10:30 AM,Nantahala River near Rainbow Springs,Rising,0.01,Lower Mississippi River Forecast Center,NC,North Carolina,no_flooding,1.04,ft,0.104,kcfs,GSP,Greer
RVLT1,36.42611111,-82.95194444,8/12/2025 10:30 AM,Big Creek near Rogersville,No change,0,Lower Mississippi River Forecast Center,TN,Tennessee,no_flooding,1.46,ft,0.0055,kcfs,MRX,Morristown
SGWN7,36.239028,-81.822327,8/12/2025 10:30 AM,Watauga River near Sugar Grove,No change,0,Lower Mississippi River Forecast Center,NC,North Carolina,no_flooding,1.73,ft,0.0898,kcfs,RNK,Blacksburg
STYV2,36.9,-77.4,8/12/2025 10:30 AM,Nottoway River near Stony Creek,No change,0,Southeast River Forecast Center,VA,Virginia,no_flooding,3.02,ft,0.131,kcfs,AKQ,Wakefield
BBVK2,36.862222,-83.8875,8/12/2025 10:30 AM,Cumberland River at Barbourville,Rising,0.01,Ohio River Forecast Center,KY,Kentucky,no_flooding,1.72,ft,0.162,kcfs,JKL,Jackson
CHFS1,35.07,-81.54972222,8/12/2025 10:30 AM,Broad River in NC/SC near CHEROKEE FALLS,Falling,-0.1,Southeast River Forecast Center,SC,South Carolina,no_flooding,30.75,ft,-999,kcfs,GSP,Greer
ELLN7,35.94555556,-81.23694444,8/12/2025 10:30 AM,Lower Little River near Ellendale,Rising,0.01,Southeast River Forecast Center,NC,North Carolina,no_flooding,1.1,ft,0.0335,kcfs,GSP,Greer
PNTN7,35.51111111,-78.16055556,8/12/2025 10:30 AM,Little River (North Carolina) near Princeton,Rising,0.14,Southeast River Forecast Center,NC,North Carolina,no_flooding,4.41,ft,0.73,kcfs,RAH,Raleigh
WSWG1,34.05638889,-84.10916667,8/12/2025 10:30 AM,Chattahoochee River at 0.76 mile upstream McGinnis Ferry near Suwanee,Falling,-0.11,Southeast River Forecast Center,GA,Georgia,no_flooding,1.96,ft,-999,kcfs,FFC,Peachtree City
AHSN7,36.28027778,-76.99944444,8/12/2025 10:30 AM,Ahoskie Creek at Ahoskie,Falling,-0.01,Southeast River Forecast Center,NC,North Carolina,no_flooding,1.71,ft,0.007,kcfs,AKQ,Wakefield
BCPT1,36.01833333,-84.05166667,8/12/2025 10:30 AM,Beaver Creek (TN) near Powell,No change,0,Lower Mississippi River Forecast Center,TN,Tennessee,no_flooding,4.19,ft,0.0266,kcfs,MRX,Morristown
CPHT1,34.99138889,-84.37666667,8/12/2025 10:30 AM,Toccoa River (GA) / Ocoee River (TN) at Copperhill,Falling,-0.02,Lower Mississippi River Forecast Center,TN,Tennessee,no_flooding,2.64,ft,0.369,kcfs,MRX,Morristown
EPOV2,36.69,-77.54083333,8/12/2025 10:30 AM,Meherrin River at Emporia,Falling,-0.05,Southeast River Forecast Center,VA,Virginia,no_flooding,4.01,ft,0.32,kcfs,AKQ,Wakefield
HEWN7,35.305,-83.65222222,8/12/2025 10:30 AM,Nantahala River near Hewitt,No change,0,Lower Mississippi River Forecast Center,NC,North Carolina,no_flooding,1.28,ft,0.0921,kcfs,GSP,Greer
MONN7,35.62722222,-79.11611111,8/12/2025 10:30 AM,Deep River near Moncure,Rising,0.01,Southeast River Forecast Center,NC,North Carolina,no_flooding,3.08,ft,1.72,kcfs,RAH,Raleigh
RBWS1,33.9875,-81.0275,8/12/2025 10:30 AM,Rocky  Branch (SC) at Whaley Street,No change,0,Southeast River Forecast Center,SC,South Carolina,no_flooding,1.32,ft,-999,kcfs,CAE,West Columbia
SLCN7,35.73514,-79.42307,8/12/2025 10:30 AM,Rocky River  at Siler City,Falling,-0.02,Southeast River Forecast Center,NC,North Carolina,no_flooding,2.51,ft,-999,kcfs,RAH,Raleigh
TMVN7,35.13888889,-83.98055556,8/12/2025 10:30 AM,Valley River at Tomotla,Falling,-0.02,Lower Mississippi River Forecast Center,NC,North Carolina,no_flooding,2.12,ft,0.124,kcfs,MRX,Morristown
WDCG1,33.82166667,-84.43888889,8/12/2025 10:30 AM,Woodall Creek at Defoors Ferry Road at Atlanta,No change,0,Southeast River Forecast Center,GA,Georgia,no_flooding,0.48,ft,0,kcfs,FFC,Peachtree City
BBGS1,35.124017,-81.587872,8/12/2025 10:30 AM,"Broad River at Shelby Hwy (SC 18), 4 W Blacksburg",Falling,-0.08,Southeast River Forecast Center,SC,South Carolina,no_flooding,10.68,ft,13.8,kcfs,GSP,Greer
BRSN7,36.12805556,-79.92388889,8/12/2025 10:30 AM,Brush Creek at Muirfield Rd in Greensboro,Falling,-0.01,Southeast River Forecast Center,NC,North Carolina,no_flooding,1.81,ft,-999,kcfs,RAH,Raleigh
INDN7,35.125,-80.60277778,8/12/2025 10:30 AM,Goose Creek at SR1525 nr Indian Trail,No change,0,Southeast River Forecast Center,NC,North Carolina,no_flooding,1.62,ft,0.009,kcfs,GSP,Greer
MGFG1,33.96833333,-84.38277778,8/12/2025 10:30 AM,Chattahoochee River below Morgan Falls Dam near Roswell,Falling,-0.2,Southeast River Forecast Center,GA,Georgia,no_flooding,811.67,ft,1.4,kcfs,FFC,Peachtree City
NCDG1,33.89777778,-84.34555556,8/12/2025 10:30 AM,Nancy Creek at Johnson Ferry Road near Chamblee,Falling,-0.01,Southeast River Forecast Center,GA,Georgia,no_flooding,3.68,ft,0.004,kcfs,FFC,Peachtree City
PRSS1,34.87333333,-81.53166667,8/12/2025 10:30 AM,Pacolet River near Saratt,Rising,0.08,Southeast River Forecast Center,SC,South Carolina,no_flooding,12.17,ft,-999,kcfs,GSP,Greer
PRTN7,35.15,-83.37972222,8/12/2025 10:30 AM,Little Tennessee River near Prentiss,Rising,0.01,Lower Mississippi River Forecast Center,NC,North Carolina,no_flooding,1.74,ft,0.186,kcfs,GSP,Greer
SCKG1,34.91894444,-85.1257222,8/12/2025 10:30 AM,South Chickamauga Creek at Ringgold,No change,0,Lower Mississippi River Forecast Center,GA,Georgia,no_flooding,3.79,ft,-999,kcfs,FFC,Peachtree City
CATG1,34.60361111,-84.69555556,8/12/2025 10:30 AM,Coosawattee River at Carters,No change,0,Southeast River Forecast Center,GA,Georgia,no_flooding,4.75,ft,0.581,kcfs,FFC,Peachtree City
COBG1,33.70941667,-84.2391667,8/12/2025 10:30 AM,Cobbs Creek at Rainbow Drive near Decatur,Rising,0.01,Southeast River Forecast Center,GA,Georgia,no_flooding,1.68,ft,0.521,kcfs,FFC,Peachtree City
COVN7,35.42333333,-82.11166667,8/12/2025 10:30 AM,Cove Creek at Highway 64,Falling,-0.05,Southeast River Forecast Center,NC,North Carolina,no_flooding,3.56,ft,0.395,kcfs,GSP,Greer
HIBT1,35.88416667,-83.83833333,8/12/2025 10:30 AM,Stock Creek at Knoxville 8SSE at Martin Mill Road,No change,0,Lower Mississippi River Forecast Center,TN,Tennessee,no_flooding,0.73,ft,0.0037,kcfs,MRX,Morristown
NDYG1,34.05638889,-84.53555556,8/12/2025 10:30 AM,Noonday Creek at Hawkins Store Road near Blackwells,Falling,-0.03,Southeast River Forecast Center,GA,Georgia,no_flooding,0.96,ft,-999,kcfs,FFC,Peachtree City
NHPN7,35.65444444,-79.06833333,8/12/2025 10:30 AM,Haw River at Jordan Lake,No change,0,Southeast River Forecast Center,NC,North Carolina,no_flooding,217.68,ft,-999,kcfs,RAH,Raleigh
NOOG1,34.06833333,-84.53555556,8/12/2025 10:30 AM,Noonday Creek at Shallowford River near Woodstock,Falling,-0.03,Southeast River Forecast Center,GA,Georgia,no_flooding,1.65,ft,0.0279,kcfs,FFC,Peachtree City
RKMG1,33.9974722,-85.0536944,8/12/2025 10:30 AM,Euharlee Creek at US 287 at Rockmart,Falling,-0.01,Southeast River Forecast Center,GA,Georgia,no_flooding,1.99,ft,0.0114,kcfs,FFC,Peachtree City
SFHG1,33.69666667,-84.19861111,8/12/2025 10:30 AM,Snapfinger Creek at Thompson Mill Road near Lithonia,Falling,-0.01,Southeast River Forecast Center,GA,Georgia,no_flooding,3.53,ft,-999,kcfs,FFC,Peachtree City
EMBT1,36.17824965,-82.4551657,8/12/2025 10:30 AM,Nolichucky River at Embreeville,Rising,0.02,Lower Mississippi River Forecast Center,TN,Tennessee,no_flooding,1.53,ft,0.7,kcfs,MRX,Morristown
IVYN7,35.76972222,-82.62083333,8/12/2025 10:30 AM,Ivy River near Marshall,Falling,-0.01,Lower Mississippi River Forecast Center,NC,North Carolina,no_flooding,2.36,ft,0.0792,kcfs,GSP,Greer
LCBG1,33.67944444,-83.82972222,8/12/2025 10:30 AM,Little Cornish Creek at County Road 95 near Oxford,Rising,0.01,Southeast River Forecast Center,GA,Georgia,no_flooding,0.65,ft,-999,kcfs,FFC,Peachtree City
LMPN7,35.1922,-79.1838,8/12/2025 10:30 AM,Little River (NC) near Mount Pleasant,Rising,0.03,Southeast River Forecast Center,NC,North Carolina,no_flooding,4.14,ft,-999,kcfs,RAH,Raleigh
PVLK2,36.76388889,-83.69277778,8/12/2025 10:30 AM,Cumberland River at Pineville,Falling,-0.01,Ohio River Forecast Center,KY,Kentucky,no_flooding,976.79,ft,0.275,kcfs,JKL,Jackson
SBCN7,36.06,-79.72555556,8/12/2025 10:30 AM,South Buffalo Creek at McConnell Rd Nr Greensboro,Rising,0.35,Southeast River Forecast Center,NC,North Carolina,no_flooding,2.02,ft,-999,kcfs,RAH,Raleigh
SILS1,34.20944444,-81.76333333,8/12/2025 10:30 AM,Little River near Silver Street,Rising,0.04,Southeast River Forecast Center,SC,South Carolina,no_flooding,5.56,ft,0.355,kcfs,CAE,West Columbia
ETWG1,34.16305556,-84.74111111,8/12/2025 10:30 AM,Etowah River at Allatoona Dam above Cartersville,No change,0,Southeast River Forecast Center,GA,Georgia,no_flooding,1.26,ft,0.32,kcfs,FFC,Peachtree City
HEPN7,35.635278,-82.990278,8/12/2025 10:30 AM,"Pigeon River below Jonathans Ck, 4 NW Crabtree",Rising,0.01,Lower Mississippi River Forecast Center,NC,North Carolina,no_flooding,2.64,ft,0.442,kcfs,GSP,Greer
HIPN7,36.03722222,-79.94555556,8/12/2025 10:30 AM,East Fork of Deep River near High Point,Falling,-0.01,Southeast River Forecast Center,NC,North Carolina,no_flooding,2.22,ft,0.0012,kcfs,RAH,Raleigh
HMLN7,35.9475,-77.2025,8/12/2025 10:30 AM,Roanoke River at Hamilton,Rising,0.06,Southeast River Forecast Center,NC,North Carolina,no_flooding,4.54,ft,-999,kcfs,MHX,Newport
LAVG1,33.94972222,-83.94833333,8/12/2025 10:30 AM,Shoal Creek at Paper Mill Rd near Lawrenceville,No change,0,Southeast River Forecast Center,GA,Georgia,no_flooding,1.28,ft,-999,kcfs,FFC,Peachtree City
LSMG1,33.83041667,-84.13933333,8/12/2025 10:30 AM,Little Stone Mountain Creek at Old Stone Mountain Road near Stone Mountain,No change,0,Southeast River Forecast Center,GA,Georgia,no_flooding,2.36,ft,-999,kcfs,FFC,Peachtree City
LSRS1,34.04444444,-81.69722222,8/12/2025 10:30 AM,Little Saluda River near Saluda,Rising,0.14,Southeast River Forecast Center,SC,South Carolina,no_flooding,11.85,ft,-999,kcfs,CAE,West Columbia
MYRG1,33.66694444,-83.93805556,8/12/2025 10:30 AM,Yellow River at Gees Mill Road near Milstead,Falling,-0.02,Southeast River Forecast Center,GA,Georgia,no_flooding,2.2,ft,0.253,kcfs,FFC,Peachtree City
SFTG1,33.7488611,-84.00844167,8/12/2025 10:30 AM,Swift Creek at Rock Chapel Road near Lithonia,No change,0,Southeast River Forecast Center,GA,Georgia,no_flooding,1.65,ft,-999,kcfs,FFC,Peachtree City
ALTS1,34.24305556,-81.31972222,8/12/2025 10:30 AM,Broad River in NC/SC at Alston,Falling,-0.02,Southeast River Forecast Center,SC,South Carolina,no_flooding,4.49,ft,3.24,kcfs,CAE,West Columbia
BGWN7,34.59833333,-77.87527778,8/12/2025 10:30 AM,N.E. Cape Fear River near Burgaw,Rising,0.01,Southeast River Forecast Center,NC,North Carolina,action,7.45,ft,-999,kcfs,ILM,Wilmington
BUCN7,35.55944444,-78.97361111,8/12/2025 10:30 AM,Buckhorn Creek (NC) near Corinth,No change,0,Southeast River Forecast Center,NC,North Carolina,no_flooding,2.11,ft,-999,kcfs,RAH,Raleigh
DAVN7,35.27305556,-82.70583333,8/12/2025 10:30 AM,Davidson River near hwy 276 near Pisgah Forest,Rising,0.03,Lower Mississippi River Forecast Center,NC,North Carolina,no_flooding,1.43,ft,0.203,kcfs,GSP,Greer
HNRN7,35.68444444,-81.40333333,8/12/2025 10:30 AM,South Fork Catawba River near HENRY FORK,Falling,-0.06,Southeast River Forecast Center,NC,North Carolina,no_flooding,2.69,ft,0.458,kcfs,GSP,Greer
IRMS1,34.05194444,-81.22083333,8/12/2025 10:30 AM,Saluda River at Lake Murray Dam near Irmo,No change,0,Southeast River Forecast Center,SC,South Carolina,no_flooding,358.7,ft,-999,kcfs,CAE,West Columbia
NUDN7,35.94111111,-78.58333333,8/12/2025 10:30 AM,Neuse River at Falls Lake,No change,0,Southeast River Forecast Center,NC,North Carolina,no_flooding,253.7,ft,-999,kcfs,RAH,Raleigh
ALKV2,36.67944444,-78.32694444,8/12/2025 10:30 AM,Allen Creek at BOYDTON-ALLEN CREEK,Falling,-0.22,Southeast River Forecast Center,VA,Virginia,no_flooding,5.55,ft,0.067,kcfs,AKQ,Wakefield
CHIN7,34.82888889,-77.83222222,8/12/2025 10:30 AM,N.E. Cape Fear River near Chinquapin,Rising,0.01,Southeast River Forecast Center,NC,North Carolina,no_flooding,10.85,ft,2.44,kcfs,MHX,Newport
CSRN7,35.49305556,-81.68222222,8/12/2025 10:30 AM,First Broad River near Casar,Falling,-0.07,Southeast River Forecast Center,NC,North Carolina,no_flooding,2.38,ft,0.318,kcfs,GSP,Greer
EECG1,34.68416667,-84.45861111,8/12/2025 10:30 AM,Cartecay River near Ellijay,Rising,0.01,Southeast River Forecast Center,GA,Georgia,no_flooding,1.64,ft,0.147,kcfs,FFC,Peachtree City
FBNG1,33.65666667,-84.67361111,8/12/2025 10:30 AM,Chattahoochee River near Fairburn,No change,0,Southeast River Forecast Center,GA,Georgia,no_flooding,2.25,ft,2.86,kcfs,FFC,Peachtree City
HURG1,34.79,-84.24,8/12/2025 10:30 AM,Toccoa River near Dial,Rising,0.01,Lower Mississippi River Forecast Center,GA,Georgia,no_flooding,1.34,ft,0.27,kcfs,FFC,Peachtree City
RLCG1,34.1325,-84.07,8/12/2025 10:30 AM,Richland Creek at Suwanee Dam Road near Buford,No change,0,Southeast River Forecast Center,GA,Georgia,no_flooding,0.47,ft,0.0032,kcfs,FFC,Peachtree City
STCG1,33.82611111,-84.16527778,8/12/2025 10:30 AM,Stone Mountain Creek at Silver Hill Road near Stone Mountain,Rising,0.01,Southeast River Forecast Center,GA,Georgia,no_flooding,1.98,ft,-999,kcfs,FFC,Peachtree City
CARN7,35.15776944,-83.4243694,8/12/2025 10:30 AM,Cartoogechaye Creek near Franklin,Rising,0.01,Lower Mississippi River Forecast Center,NC,North Carolina,no_flooding,0.43,ft,-999,kcfs,GSP,Greer
EGHN7,35.5089,-75.9969,8/12/2025 10:30 AM,Far Creek at Engelhard (in MLLW),Rising,0.28,Southeast River Forecast Center,NC,North Carolina,no_flooding,1.69,ft,-999,kcfs,MHX,Newport
MRSN7,35.39805556,-82.595,8/12/2025 10:30 AM,Mills River near Mills River,No change,0,Lower Mississippi River Forecast Center,NC,North Carolina,no_flooding,2.3,ft,0.168,kcfs,GSP,Greer
NOSG1,33.85925,-84.65275,8/12/2025 10:30 AM,Noses Creek at Powder Springs Road near Powder Springs,Falling,-0.05,Southeast River Forecast Center,GA,Georgia,no_flooding,2.31,ft,0.0276,kcfs,FFC,Peachtree City
RCDG1,34.078972,-84.854444,8/12/2025 10:30 AM,Richland Creek at Old Dallas Road near Dallas,No change,0,Southeast River Forecast Center,GA,Georgia,no_flooding,0.92,ft,-999,kcfs,FFC,Peachtree City
SEVT1,35.87833333,-83.57777778,8/12/2025 10:30 AM,Little Pigeon River above Sevierville,Rising,0.02,Lower Mississippi River Forecast Center,TN,Tennessee,no_flooding,1.99,ft,0.474,kcfs,MRX,Morristown
ABBN7,35.80694444,-80.23472222,8/12/2025 10:30 AM,Abbotts Creek near Lexington,No change,0,Southeast River Forecast Center,NC,North Carolina,no_flooding,3.76,ft,0.08,kcfs,RAH,Raleigh
BCMN7,36.12805556,-79.6616667,8/12/2025 10:30 AM,North Buffalo Creek at SR2819 near McCleansville,Falling,-0.05,Southeast River Forecast Center,NC,North Carolina,no_flooding,2.29,ft,0.0875,kcfs,RAH,Raleigh
FREN7,34.095,-78.54833333,8/12/2025 10:30 AM,Waccamaw River at Freeland,Rising,0.01,Southeast River Forecast Center,NC,North Carolina,action,14.93,ft,4.04,kcfs,ILM,Wilmington
FTBN7,35.31388889,-77.30277778,8/12/2025 10:30 AM,Neuse River at Fort Barnwell,Rising,0.01,Southeast River Forecast Center,NC,North Carolina,no_flooding,7.82,ft,4.99,kcfs,MHX,Newport
JFRN7,36.39333333,-81.40694444,8/12/2025 10:30 AM,South Fork New River near Jefferson,No change,0,Ohio River Forecast Center,NC,North Carolina,no_flooding,2.2,ft,0.318,kcfs,RNK,Blacksburg
MFHV2,36.71305556,-81.81888889,8/12/2025 10:30 AM,Middle Fork Holston River near Meadowview 4SE,Rising,0.01,Lower Mississippi River Forecast Center,VA,Virginia,no_flooding,2.12,ft,0.0998,kcfs,MRX,Morristown
PCRS1,35.10984144,-81.9595507,8/12/2025 10:30 AM,Pacolet River near Fingerville,Falling,-0.07,Southeast River Forecast Center,SC,South Carolina,no_flooding,10.98,ft,-999,kcfs,GSP,Greer
PROS1,34.16861111,-81.61055556,8/12/2025 10:30 AM,Bush River near Prosperity,Falling,-0.32,Southeast River Forecast Center,SC,South Carolina,no_flooding,8.24,ft,1.23,kcfs,CAE,West Columbia
SHLV2,36.76027778,-81.63138889,8/12/2025 10:30 AM,South Fork Holston River at Riverside nr Chilhowie,No change,0,Lower Mississippi River Forecast Center,VA,Virginia,no_flooding,1.9,ft,0.111,kcfs,RNK,Blacksburg
SIXN7,35.01027778,-80.82861111,8/12/2025 10:30 AM,Sixmile Creek (NC) near PINEVILLE #6512,Falling,-0.03,Southeast River Forecast Center,NC,North Carolina,no_flooding,3.58,ft,0.015,kcfs,GSP,Greer
STRN7,35.831389,-82.184167,8/12/2025 10:30 AM,"S Toe River below Whiteoak Ck, 2 SSE Celo",No change,0,Lower Mississippi River Forecast Center,NC,North Carolina,no_flooding,1.16,ft,0.173,kcfs,GSP,Greer
TRVN7,36.19472222,-78.58333333,8/12/2025 10:30 AM,Tar River near Tar River,Falling,-0.06,Southeast River Forecast Center,NC,North Carolina,no_flooding,5.44,ft,1.14,kcfs,RAH,Raleigh
VNPG1,33.9019722,-84.4430278,8/12/2025 10:30 AM,Chattahoochee River at Powers Ferry + I-285 near Atlanta,Rising,0.24,Southeast River Forecast Center,GA,Georgia,no_flooding,4.53,ft,-999,kcfs,FFC,Peachtree City
ACDG1,34.03166667,-83.56333333,8/12/2025 10:30 AM,Middle Oconee River near Arcade,No change,0,Southeast River Forecast Center,GA,Georgia,no_flooding,3.69,ft,0.374,kcfs,FFC,Peachtree City
BLAN7,35.299167,-82.623889,8/12/2025 10:30 AM,"French Broad River at Grove Bridge Rd, in Blantyre",Falling,-0.02,Lower Mississippi River Forecast Center,NC,North Carolina,no_flooding,8.17,ft,1.01,kcfs,GSP,Greer
ECRN7,36.01944444,-78.89472222,8/12/2025 10:30 AM,Ellerbe Creek (NC) at Club Blvd in Durham,Falling,-0.03,Southeast River Forecast Center,NC,North Carolina,no_flooding,0.55,ft,-999,kcfs,RAH,Raleigh
GAXV2,36.64722222,-80.97916667,8/12/2025 10:30 AM,New River at Galax,No change,0,Ohio River Forecast Center,VA,Virginia,no_flooding,1.5,ft,1.46,kcfs,RNK,Blacksburg
GIBN7,36.17306,-79.61417,8/12/2025 10:30 AM,Reedy Creek near Gibsonville,Rising,0.01,Southeast River Forecast Center,NC,North Carolina,no_flooding,1.05,ft,0.0282,kcfs,RAH,Raleigh
GTNN7,35.37011,-77.445956,8/12/2025 10:30 AM,Contentnea Creek at Grifton,Rising,0.04,Southeast River Forecast Center,NC,North Carolina,no_flooding,10.76,ft,-999,kcfs,MHX,Newport
JFON7,35.59055556,-81.56694444,8/12/2025 10:30 AM,Jacob Fork below Old NC 18 in Shoups Ford,Falling,-0.05,Southeast River Forecast Center,NC,North Carolina,no_flooding,3.59,ft,0.334,kcfs,GSP,Greer
MCTS1,33.75333333,-81.60194444,8/12/2025 10:30 AM,McTier Creek near Monetta,No change,0,Southeast River Forecast Center,SC,South Carolina,no_flooding,3.36,ft,0.0371,kcfs,CAE,West Columbia
MNMN7,35.335,-82.463611,8/12/2025 10:30 AM,Mud Creek (NC) at N Main St 1 N Hendersonville,Rising,0.02,Lower Mississippi River Forecast Center,NC,North Carolina,no_flooding,6.01,ft,-999,kcfs,GSP,Greer
MOCG1,33.94666667,-83.42277778,8/12/2025 10:30 AM,Middle Oconee River at US 78 at Athens,Rising,0.02,Southeast River Forecast Center,GA,Georgia,no_flooding,1.64,ft,0.369,kcfs,FFC,Peachtree City
RAIN7,35.1275,-83.61861111,8/12/2025 10:30 AM,Nantahala River near Rainbow Springs,Rising,0.01,Lower Mississippi River Forecast Center,NC,North Carolina,no_flooding,1.04,ft,0.104,kcfs,GSP,Greer
RVLT1,36.42611111,-82.95194444,8/12/2025 10:30 AM,Big Creek near Rogersville,No change,0,Lower Mississippi River Forecast Center,TN,Tennessee,no_flooding,1.46,ft,0.0055,kcfs,MRX,Morristown
SGWN7,36.239028,-81.822327,8/12/2025 10:30 AM,Watauga River near Sugar Grove,No change,0,Lower Mississippi River Forecast Center,NC,North Carolina,no_flooding,1.73,ft,0.0898,kcfs,RNK,Blacksburg
STYV2,36.9,-77.4,8/12/2025 10:30 AM,Nottoway River near Stony Creek,No change,0,Southeast River Forecast Center,VA,Virginia,no_flooding,3.02,ft,0.131,kcfs,AKQ,Wakefield
ALIN7,35.7215,-76.1934,8/12/2025 10:30 AM,North Fork Alligator River at Gum Neck (in MLLW),Falling,-0.05,Southeast River Forecast Center,NC,North Carolina,no_flooding,1.45,ft,-999,kcfs,MHX,Newport
ALIS1,35.065,-81.13833333,8/12/2025 10:30 AM,Allison Creek near York,Falling,-0.19,Southeast River Forecast Center,SC,South Carolina,no_flooding,5.96,ft,0.219,kcfs,GSP,Greer
ALSV2,36.9375,-80.74583333,8/12/2025 10:30 AM,New River at Allisonia,Rising,0.03,Ohio River Forecast Center,VA,Virginia,no_flooding,1.83,ft,2.19,kcfs,RNK,Blacksburg
AVLN7,35.608889,-82.578056,8/12/2025 10:30 AM,"French Broad River at Pearson Bridge Rd, 2 NW Asheville",Falling,-0.01,Lower Mississippi River Forecast Center,NC,North Carolina,no_flooding,1.86,ft,1.39,kcfs,GSP,Greer
BELG1,33.97416667,-82.77,8/12/2025 10:30 AM,Broad River (GA) at Washington Hwy (GA 17) 3 S Fortsonia,Rising,0.04,Southeast River Forecast Center,GA,Georgia,no_flooding,6.32,ft,1.5,kcfs,GSP,Greer
CCRN7,35.80694444,-79.5275,8/12/2025 10:30 AM,Rocky River NC at SR1300 near Crutchfield,Rising,0.01,Southeast River Forecast Center,NC,North Carolina,no_flooding,2.07,ft,-999,kcfs,RAH,Raleigh
FLCN7,35.429167,-82.5525,8/12/2025 10:30 AM,"French Broad River at Old Fanning Bridge Rd, 3 W Fletcher",Rising,0.03,Lower Mississippi River Forecast Center,NC,North Carolina,no_flooding,5.54,ft,1.6,kcfs,GSP,Greer
HUNN7,36.00055556,-80.74555556,8/12/2025 10:30 AM,Hunting Creek below E Houstonville Rd. 3 NNE Harmony,Falling,-0.03,Southeast River Forecast Center,NC,North Carolina,no_flooding,1.21,ft,0.219,kcfs,GSP,Greer
MSDG1,33.6925,-83.9966667,8/12/2025 10:30 AM,Yellow River near Milstead,Rising,0.01,Southeast River Forecast Center,GA,Georgia,no_flooding,5.6,ft,-999,kcfs,FFC,Peachtree City
EMBT1,36.17824965,-82.4551657,8/12/2025 10:30 AM,Nolichucky River at Embreeville,Rising,0.02,Lower Mississippi River Forecast Center,TN,Tennessee,no_flooding,1.53,ft,0.7,kcfs,MRX,Morristown
IVYN7,35.76972222,-82.62083333,8/12/2025 10:30 AM,Ivy River near Marshall,Falling,-0.01,Lower Mississippi River Forecast Center,NC,North Carolina,no_flooding,2.36,ft,0.0792,kcfs,GSP,Greer
LCBG1,33.67944444,-83.82972222,8/12/2025 10:30 AM,Little Cornish Creek at County Road 95 near Oxford,Rising,0.01,Southeast River Forecast Center,GA,Georgia,no_flooding,0.65,ft,-999,kcfs,FFC,Peachtree City
LMPN7,35.1922,-79.1838,8/12/2025 10:30 AM,Little River (NC) near Mount Pleasant,Rising,0.03,Southeast River Forecast Center,NC,North Carolina,no_flooding,4.14,ft,-999,kcfs,RAH,Raleigh
PVLK2,36.76388889,-83.69277778,8/12/2025 10:30 AM,Cumberland River at Pineville,Falling,-0.01,Ohio River Forecast Center,KY,Kentucky,no_flooding,976.79,ft,0.275,kcfs,JKL,Jackson
SBCN7,36.06,-79.72555556,8/12/2025 10:30 AM,South Buffalo Creek at McConnell Rd Nr Greensboro,Rising,0.35,Southeast River Forecast Center,NC,North Carolina,no_flooding,2.02,ft,-999,kcfs,RAH,Raleigh
SILS1,34.20944444,-81.76333333,8/12/2025 10:30 AM,Little River near Silver Street,Rising,0.04,Southeast River Forecast Center,SC,South Carolina,no_flooding,5.56,ft,0.355,kcfs,CAE,West Columbia
AHSN7,36.28027778,-76.99944444,8/12/2025 10:30 AM,Ahoskie Creek at Ahoskie,Falling,-0.01,Southeast River Forecast Center,NC,North Carolina,no_flooding,1.71,ft,0.007,kcfs,AKQ,Wakefield
BCPT1,36.01833333,-84.05166667,8/12/2025 10:30 AM,Beaver Creek (TN) near Powell,No change,0,Lower Mississippi River Forecast Center,TN,Tennessee,no_flooding,4.19,ft,0.0266,kcfs,MRX,Morristown
CPHT1,34.99138889,-84.37666667,8/12/2025 10:30 AM,Toccoa River (GA) / Ocoee River (TN) at Copperhill,Falling,-0.02,Lower Mississippi River Forecast Center,TN,Tennessee,no_flooding,2.64,ft,0.369,kcfs,MRX,Morristown
EPOV2,36.69,-77.54083333,8/12/2025 10:30 AM,Meherrin River at Emporia,Falling,-0.05,Southeast River Forecast Center,VA,Virginia,no_flooding,4.01,ft,0.32,kcfs,AKQ,Wakefield
HEWN7,35.305,-83.65222222,8/12/2025 10:30 AM,Nantahala River near Hewitt,No change,0,Lower Mississippi River Forecast Center,NC,North Carolina,no_flooding,1.28,ft,0.0921,kcfs,GSP,Greer
RBWS1,33.9875,-81.0275,8/12/2025 10:30 AM,Rocky  Branch (SC) at Whaley Street,No change,0,Southeast River Forecast Center,SC,South Carolina,no_flooding,1.32,ft,-999,kcfs,CAE,West Columbia
SLCN7,35.73514,-79.42307,8/12/2025 10:30 AM,Rocky River  at Siler City,Falling,-0.02,Southeast River Forecast Center,NC,North Carolina,no_flooding,2.51,ft,-999,kcfs,RAH,Raleigh
TMVN7,35.13888889,-83.98055556,8/12/2025 10:30 AM,Valley River at Tomotla,Falling,-0.02,Lower Mississippi River Forecast Center,NC,North Carolina,no_flooding,2.12,ft,0.124,kcfs,MRX,Morristown
WDCG1,33.82166667,-84.43888889,8/12/2025 10:30 AM,Woodall Creek at Defoors Ferry Road at Atlanta,No change,0,Southeast River Forecast Center,GA,Georgia,no_flooding,0.48,ft,0,kcfs,FFC,Peachtree City
BRSN7,36.12805556,-79.92388889,8/12/2025 10:30 AM,Brush Creek at Muirfield Rd in Greensboro,Falling,-0.01,Southeast River Forecast Center,NC,North Carolina,no_flooding,1.81,ft,-999,kcfs,RAH,Raleigh
INDN7,35.125,-80.60277778,8/12/2025 10:30 AM,Goose Creek at SR1525 nr Indian Trail,No change,0,Southeast River Forecast Center,NC,North Carolina,no_flooding,1.62,ft,0.009,kcfs,GSP,Greer
NCDG1,33.89777778,-84.34555556,8/12/2025 10:30 AM,Nancy Creek at Johnson Ferry Road near Chamblee,Falling,-0.01,Southeast River Forecast Center,GA,Georgia,no_flooding,3.68,ft,0.004,kcfs,FFC,Peachtree City
PRTN7,35.15,-83.37972222,8/12/2025 10:30 AM,Little Tennessee River near Prentiss,Rising,0.01,Lower Mississippi River Forecast Center,NC,North Carolina,no_flooding,1.74,ft,0.186,kcfs,GSP,Greer
SCKG1,34.91894444,-85.1257222,8/12/2025 10:30 AM,South Chickamauga Creek at Ringgold,No change,0,Lower Mississippi River Forecast Center,GA,Georgia,no_flooding,3.79,ft,-999,kcfs,FFC,Peachtree City
COBG1,33.70941667,-84.2391667,8/12/2025 10:30 AM,Cobbs Creek at Rainbow Drive near Decatur,Rising,0.01,Southeast River Forecast Center,GA,Georgia,no_flooding,1.68,ft,0.521,kcfs,FFC,Peachtree City
COVN7,35.42333333,-82.11166667,8/12/2025 10:30 AM,Cove Creek at Highway 64,Falling,-0.05,Southeast River Forecast Center,NC,North Carolina,no_flooding,3.56,ft,0.395,kcfs,GSP,Greer
HIBT1,35.88416667,-83.83833333,8/12/2025 10:30 AM,Stock Creek at Knoxville 8SSE at Martin Mill Road,No change,0,Lower Mississippi River Forecast Center,TN,Tennessee,no_flooding,0.73,ft,0.0037,kcfs,MRX,Morristown
NBCN7,36.12027778,-79.70833333,8/12/2025 10:30 AM,North Buffalo Creek at Greensboro,Rising,0.03,Southeast River Forecast Center,NC,North Carolina,no_flooding,1.85,ft,0.0118,kcfs,RAH,Raleigh
NDYG1,34.05638889,-84.53555556,8/12/2025 10:30 AM,Noonday Creek at Hawkins Store Road near Blackwells,Falling,-0.03,Southeast River Forecast Center,GA,Georgia,no_flooding,0.96,ft,-999,kcfs,FFC,Peachtree City
NOOG1,34.06833333,-84.53555556,8/12/2025 10:30 AM,Noonday Creek at Shallowford River near Woodstock,Falling,-0.03,Southeast River Forecast Center,GA,Georgia,no_flooding,1.65,ft,0.0279,kcfs,FFC,Peachtree City
RKMG1,33.9974722,-85.0536944,8/12/2025 10:30 AM,Euharlee Creek at US 287 at Rockmart,Falling,-0.01,Southeast River Forecast Center,GA,Georgia,no_flooding,1.99,ft,0.0114,kcfs,FFC,Peachtree City
SFHG1,33.69666667,-84.19861111,8/12/2025 10:30 AM,Snapfinger Creek at Thompson Mill Road near Lithonia,Falling,-0.01,Southeast River Forecast Center,GA,Georgia,no_flooding,3.53,ft,-999,kcfs,FFC,Peachtree City
HEPN7,35.635278,-82.990278,8/12/2025 10:30 AM,"Pigeon River below Jonathans Ck, 4 NW Crabtree",Rising,0.01,Lower Mississippi River Forecast Center,NC,North Carolina,no_flooding,2.64,ft,0.442,kcfs,GSP,Greer
HIPN7,36.03722222,-79.94555556,8/12/2025 10:30 AM,East Fork of Deep River near High Point,Falling,-0.01,Southeast River Forecast Center,NC,North Carolina,no_flooding,2.22,ft,0.0012,kcfs,RAH,Raleigh
HMLN7,35.9475,-77.2025,8/12/2025 10:30 AM,Roanoke River at Hamilton,Rising,0.06,Southeast River Forecast Center,NC,North Carolina,no_flooding,4.54,ft,-999,kcfs,MHX,Newport
LAVG1,33.94972222,-83.94833333,8/12/2025 10:30 AM,Shoal Creek at Paper Mill Rd near Lawrenceville,No change,0,Southeast River Forecast Center,GA,Georgia,no_flooding,1.28,ft,-999,kcfs,FFC,Peachtree City
LSMG1,33.83041667,-84.13933333,8/12/2025 10:30 AM,Little Stone Mountain Creek at Old Stone Mountain Road near Stone Mountain,No change,0,Southeast River Forecast Center,GA,Georgia,no_flooding,2.36,ft,-999,kcfs,FFC,Peachtree City
MYRG1,33.66694444,-83.93805556,8/12/2025 10:30 AM,Yellow River at Gees Mill Road near Milstead,Falling,-0.02,Southeast River Forecast Center,GA,Georgia,no_flooding,2.2,ft,0.253,kcfs,FFC,Peachtree City
SFTG1,33.7488611,-84.00844167,8/12/2025 10:30 AM,Swift Creek at Rock Chapel Road near Lithonia,No change,0,Southeast River Forecast Center,GA,Georgia,no_flooding,1.65,ft,-999,kcfs,FFC,Peachtree City
BBVK2,36.862222,-83.8875,8/12/2025 10:30 AM,Cumberland River at Barbourville,Rising,0.01,Ohio River Forecast Center,KY,Kentucky,no_flooding,1.72,ft,0.162,kcfs,JKL,Jackson
ELLN7,35.94555556,-81.23694444,8/12/2025 10:30 AM,Lower Little River near Ellendale,Rising,0.01,Southeast River Forecast Center,NC,North Carolina,no_flooding,1.1,ft,0.0335,kcfs,GSP,Greer
PNTN7,35.51111111,-78.16055556,8/12/2025 10:30 AM,Little River (North Carolina) near Princeton,Rising,0.14,Southeast River Forecast Center,NC,North Carolina,no_flooding,4.41,ft,0.73,kcfs,RAH,Raleigh
WSWG1,34.05638889,-84.10916667,8/12/2025 10:30 AM,Chattahoochee River at 0.76 mile upstream McGinnis Ferry near Suwanee,Falling,-0.11,Southeast River Forecast Center,GA,Georgia,no_flooding,1.96,ft,-999,kcfs,FFC,Peachtree City
BGWN7,34.59833333,-77.87527778,8/12/2025 10:30 AM,N.E. Cape Fear River near Burgaw,Rising,0.01,Southeast River Forecast Center,NC,North Carolina,action,7.45,ft,-999,kcfs,ILM,Wilmington
BUCN7,35.55944444,-78.97361111,8/12/2025 10:30 AM,Buckhorn Creek (NC) near Corinth,No change,0,Southeast River Forecast Center,NC,North Carolina,no_flooding,2.11,ft,-999,kcfs,RAH,Raleigh
DAVN7,35.27305556,-82.70583333,8/12/2025 10:30 AM,Davidson River near hwy 276 near Pisgah Forest,Rising,0.03,Lower Mississippi River Forecast Center,NC,North Carolina,no_flooding,1.43,ft,0.203,kcfs,GSP,Greer
HNRN7,35.68444444,-81.40333333,8/12/2025 10:30 AM,South Fork Catawba River near HENRY FORK,Falling,-0.06,Southeast River Forecast Center,NC,North Carolina,no_flooding,2.69,ft,0.458,kcfs,GSP,Greer
BGWN7,34.59833333,-77.87527778,8/12/2025 10:30 AM,N.E. Cape Fear River near Burgaw,Rising,0.01,Southeast River Forecast Center,NC,North Carolina,action,7.45,ft,-999,kcfs,ILM,Wilmington
BRSN7,36.12805556,-79.92388889,8/12/2025 10:30 AM,Brush Creek at Muirfield Rd in Greensboro,Falling,-0.01,Southeast River Forecast Center,NC,North Carolina,no_flooding,1.81,ft,-999,kcfs,RAH,Raleigh
NCDG1,33.89777778,-84.34555556,8/12/2025 10:30 AM,Nancy Creek at Johnson Ferry Road near Chamblee,Falling,-0.01,Southeast River Forecast Center,GA,Georgia,no_flooding,3.68,ft,0.004,kcfs,FFC,Peachtree City
PRTN7,35.15,-83.37972222,8/12/2025 10:30 AM,Little Tennessee River near Prentiss,Rising,0.01,Lower Mississippi River Forecast Center,NC,North Carolina,no_flooding,1.74,ft,0.186,kcfs,GSP,Greer
SCKG1,34.91894444,-85.1257222,8/12/2025 10:30 AM,South Chickamauga Creek at Ringgold,No change,0,Lower Mississippi River Forecast Center,GA,Georgia,no_flooding,3.79,ft,-999,kcfs,FFC,Peachtree City
ACDG1,34.03166667,-83.56333333,8/12/2025 10:30 AM,Middle Oconee River near Arcade,No change,0,Southeast River Forecast Center,GA,Georgia,no_flooding,3.69,ft,0.374,kcfs,FFC,Peachtree City
GAXV2,36.64722222,-80.97916667,8/12/2025 10:30 AM,New River at Galax,No change,0,Ohio River Forecast Center,VA,Virginia,no_flooding,1.5,ft,1.46,kcfs,RNK,Blacksburg
GIBN7,36.17306,-79.61417,8/12/2025 10:30 AM,Reedy Creek near Gibsonville,Rising,0.01,Southeast River Forecast Center,NC,North Carolina,no_flooding,1.05,ft,0.0282,kcfs,RAH,Raleigh
MCTS1,33.75333333,-81.60194444,8/12/2025 10:30 AM,McTier Creek near Monetta,No change,0,Southeast River Forecast Center,SC,South Carolina,no_flooding,3.36,ft,0.0371,kcfs,CAE,West Columbia
MNMN7,35.335,-82.463611,8/12/2025 10:30 AM,Mud Creek (NC) at N Main St 1 N Hendersonville,Rising,0.02,Lower Mississippi River Forecast Center,NC,North Carolina,no_flooding,6.01,ft,-999,kcfs,GSP,Greer
RAIN7,35.1275,-83.61861111,8/12/2025 10:30 AM,Nantahala River near Rainbow Springs,Rising,0.01,Lower Mississippi River Forecast Center,NC,North Carolina,no_flooding,1.04,ft,0.104,kcfs,GSP,Greer
RVLT1,36.42611111,-82.95194444,8/12/2025 10:30 AM,Big Creek near Rogersville,No change,0,Lower Mississippi River Forecast Center,TN,Tennessee,no_flooding,1.46,ft,0.0055,kcfs,MRX,Morristown
SGWN7,36.239028,-81.822327,8/12/2025 10:30 AM,Watauga River near Sugar Grove,No change,0,Lower Mississippi River Forecast Center,NC,North Carolina,no_flooding,1.73,ft,0.0898,kcfs,RNK,Blacksburg
STYV2,36.9,-77.4,8/12/2025 10:30 AM,Nottoway River near Stony Creek,No change,0,Southeast River Forecast Center,VA,Virginia,no_flooding,3.02,ft,0.131,kcfs,AKQ,Wakefield
EMBT1,36.17824965,-82.4551657,8/12/2025 10:30 AM,Nolichucky River at Embreeville,Rising,0.02,Lower Mississippi River Forecast Center,TN,Tennessee,no_flooding,1.53,ft,0.7,kcfs,MRX,Morristown
LCBG1,33.67944444,-83.82972222,8/12/2025 10:30 AM,Little Cornish Creek at County Road 95 near Oxford,Rising,0.01,Southeast River Forecast Center,GA,Georgia,no_flooding,0.65,ft,-999,kcfs,FFC,Peachtree City
PVLK2,36.76388889,-83.69277778,8/12/2025 10:30 AM,Cumberland River at Pineville,Falling,-0.01,Ohio River Forecast Center,KY,Kentucky,no_flooding,976.79,ft,0.275,kcfs,JKL,Jackson
SBCN7,36.06,-79.72555556,8/12/2025 10:30 AM,South Buffalo Creek at McConnell Rd Nr Greensboro,Rising,0.35,Southeast River Forecast Center,NC,North Carolina,no_flooding,2.02,ft,-999,kcfs,RAH,Raleigh
SILS1,34.20944444,-81.76333333,8/12/2025 10:30 AM,Little River near Silver Street,Rising,0.04,Southeast River Forecast Center,SC,South Carolina,no_flooding,5.56,ft,0.355,kcfs,CAE,West Columbia
HIPN7,36.03722222,-79.94555556,8/12/2025 10:30 AM,East Fork of Deep River near High Point,Falling,-0.01,Southeast River Forecast Center,NC,North Carolina,no_flooding,2.22,ft,0.0012,kcfs,RAH,Raleigh
HMLN7,35.9475,-77.2025,8/12/2025 10:30 AM,Roanoke River at Hamilton,Rising,0.06,Southeast River Forecast Center,NC,North Carolina,no_flooding,4.54,ft,-999,kcfs,MHX,Newport
LAVG1,33.94972222,-83.94833333,8/12/2025 10:30 AM,Shoal Creek at Paper Mill Rd near Lawrenceville,No change,0,Southeast River Forecast Center,GA,Georgia,no_flooding,1.28,ft,-999,kcfs,FFC,Peachtree City
LSMG1,33.83041667,-84.13933333,8/12/2025 10:30 AM,Little Stone Mountain Creek at Old Stone Mountain Road near Stone Mountain,No change,0,Southeast River Forecast Center,GA,Georgia,no_flooding,2.36,ft,-999,kcfs,FFC,Peachtree City
MYRG1,33.66694444,-83.93805556,8/12/2025 10:30 AM,Yellow River at Gees Mill Road near Milstead,Falling,-0.02,Southeast River Forecast Center,GA,Georgia,no_flooding,2.2,ft,0.253,kcfs,FFC,Peachtree City
SFTG1,33.7488611,-84.00844167,8/12/2025 10:30 AM,Swift Creek at Rock Chapel Road near Lithonia,No change,0,Southeast River Forecast Center,GA,Georgia,no_flooding,1.65,ft,-999,kcfs,FFC,Peachtree City
ALKV2,36.67944444,-78.32694444,8/12/2025 10:30 AM,Allen Creek at BOYDTON-ALLEN CREEK,Falling,-0.22,Southeast River Forecast Center,VA,Virginia,no_flooding,5.55,ft,0.067,kcfs,AKQ,Wakefield
RLCG1,34.1325,-84.07,8/12/2025 10:30 AM,Richland Creek at Suwanee Dam Road near Buford,No change,0,Southeast River Forecast Center,GA,Georgia,no_flooding,0.47,ft,0.0032,kcfs,FFC,Peachtree City
STCG1,33.82611111,-84.16527778,8/12/2025 10:30 AM,Stone Mountain Creek at Silver Hill Road near Stone Mountain,Rising,0.01,Southeast River Forecast Center,GA,Georgia,no_flooding,1.98,ft,-999,kcfs,FFC,Peachtree City
NOSG1,33.85925,-84.65275,8/12/2025 10:30 AM,Noses Creek at Powder Springs Road near Powder Springs,Falling,-0.05,Southeast River Forecast Center,GA,Georgia,no_flooding,2.31,ft,0.0276,kcfs,FFC,Peachtree City
RCDG1,34.078972,-84.854444,8/12/2025 10:30 AM,Richland Creek at Old Dallas Road near Dallas,No change,0,Southeast River Forecast Center,GA,Georgia,no_flooding,0.92,ft,-999,kcfs,FFC,Peachtree City
SEVT1,35.87833333,-83.57777778,8/12/2025 10:30 AM,Little Pigeon River above Sevierville,Rising,0.02,Lower Mississippi River Forecast Center,TN,Tennessee,no_flooding,1.99,ft,0.474,kcfs,MRX,Morristown
AHSN7,36.28027778,-76.99944444,8/12/2025 10:30 AM,Ahoskie Creek at Ahoskie,Falling,-0.01,Southeast River Forecast Center,NC,North Carolina,no_flooding,1.71,ft,0.007,kcfs,AKQ,Wakefield
EPOV2,36.69,-77.54083333,8/12/2025 10:30 AM,Meherrin River at Emporia,Falling,-0.05,Southeast River Forecast Center,VA,Virginia,no_flooding,4.01,ft,0.32,kcfs,AKQ,Wakefield
RBWS1,33.9875,-81.0275,8/12/2025 10:30 AM,Rocky  Branch (SC) at Whaley Street,No change,0,Southeast River Forecast Center,SC,South Carolina,no_flooding,1.32,ft,-999,kcfs,CAE,West Columbia
SLCN7,35.73514,-79.42307,8/12/2025 10:30 AM,Rocky River  at Siler City,Falling,-0.02,Southeast River Forecast Center,NC,North Carolina,no_flooding,2.51,ft,-999,kcfs,RAH,Raleigh
TMVN7,35.13888889,-83.98055556,8/12/2025 10:30 AM,Valley River at Tomotla,Falling,-0.02,Lower Mississippi River Forecast Center,NC,North Carolina,no_flooding,2.12,ft,0.124,kcfs,MRX,Morristown
WDCG1,33.82166667,-84.43888889,8/12/2025 10:30 AM,Woodall Creek at Defoors Ferry Road at Atlanta,No change,0,Southeast River Forecast Center,GA,Georgia,no_flooding,0.48,ft,0,kcfs,FFC,Peachtree City
FREN7,34.095,-78.54833333,8/12/2025 10:30 AM,Waccamaw River at Freeland,Rising,0.01,Southeast River Forecast Center,NC,North Carolina,action,14.93,ft,4.04,kcfs,ILM,Wilmington
MFHV2,36.71305556,-81.81888889,8/12/2025 10:30 AM,Middle Fork Holston River near Meadowview 4SE,Rising,0.01,Lower Mississippi River Forecast Center,VA,Virginia,no_flooding,2.12,ft,0.0998,kcfs,MRX,Morristown
PROS1,34.16861111,-81.61055556,8/12/2025 10:30 AM,Bush River near Prosperity,Falling,-0.32,Southeast River Forecast Center,SC,South Carolina,no_flooding,8.24,ft,1.23,kcfs,CAE,West Columbia
SHLV2,36.76027778,-81.63138889,8/12/2025 10:30 AM,South Fork Holston River at Riverside nr Chilhowie,No change,0,Lower Mississippi River Forecast Center,VA,Virginia,no_flooding,1.9,ft,0.111,kcfs,RNK,Blacksburg
SIXN7,35.01027778,-80.82861111,8/12/2025 10:30 AM,Sixmile Creek (NC) near PINEVILLE #6512,Falling,-0.03,Southeast River Forecast Center,NC,North Carolina,no_flooding,3.58,ft,0.015,kcfs,GSP,Greer
STRN7,35.831389,-82.184167,8/12/2025 10:30 AM,"S Toe River below Whiteoak Ck, 2 SSE Celo",No change,0,Lower Mississippi River Forecast Center,NC,North Carolina,no_flooding,1.16,ft,0.173,kcfs,GSP,Greer
TRVN7,36.19472222,-78.58333333,8/12/2025 10:30 AM,Tar River near Tar River,Falling,-0.06,Southeast River Forecast Center,NC,North Carolina,no_flooding,5.44,ft,1.14,kcfs,RAH,Raleigh
VNPG1,33.9019722,-84.4430278,8/12/2025 10:30 AM,Chattahoochee River at Powers Ferry + I-285 near Atlanta,Rising,0.24,Southeast River Forecast Center,GA,Georgia,no_flooding,4.53,ft,-999,kcfs,FFC,Peachtree City
COBG1,33.70941667,-84.2391667,8/12/2025 10:30 AM,Cobbs Creek at Rainbow Drive near Decatur,Rising,0.01,Southeast River Forecast Center,GA,Georgia,no_flooding,1.68,ft,0.521,kcfs,FFC,Peachtree City
NBCN7,36.12027778,-79.70833333,8/12/2025 10:30 AM,North Buffalo Creek at Greensboro,Rising,0.03,Southeast River Forecast Center,NC,North Carolina,no_flooding,1.85,ft,0.0118,kcfs,RAH,Raleigh
NDYG1,34.05638889,-84.53555556,8/12/2025 10:30 AM,Noonday Creek at Hawkins Store Road near Blackwells,Falling,-0.03,Southeast River Forecast Center,GA,Georgia,no_flooding,0.96,ft,-999,kcfs,FFC,Peachtree City
NOOG1,34.06833333,-84.53555556,8/12/2025 10:30 AM,Noonday Creek at Shallowford River near Woodstock,Falling,-0.03,Southeast River Forecast Center,GA,Georgia,no_flooding,1.65,ft,0.0279,kcfs,FFC,Peachtree City
RKMG1,33.9974722,-85.0536944,8/12/2025 10:30 AM,Euharlee Creek at US 287 at Rockmart,Falling,-0.01,Southeast River Forecast Center,GA,Georgia,no_flooding,1.99,ft,0.0114,kcfs,FFC,Peachtree City
SFHG1,33.69666667,-84.19861111,8/12/2025 10:30 AM,Snapfinger Creek at Thompson Mill Road near Lithonia,Falling,-0.01,Southeast River Forecast Center,GA,Georgia,no_flooding,3.53,ft,-999,kcfs,FFC,Peachtree City
ALIN7,35.7215,-76.1934,8/12/2025 10:30 AM,North Fork Alligator River at Gum Neck (in MLLW),Falling,-0.05,Southeast River Forecast Center,NC,North Carolina,no_flooding,1.45,ft,-999,kcfs,MHX,Newport
ALSV2,36.9375,-80.74583333,8/12/2025 10:30 AM,New River at Allisonia,Rising,0.03,Ohio River Forecast Center,VA,Virginia,no_flooding,1.83,ft,2.19,kcfs,RNK,Blacksburg
AVLN7,35.608889,-82.578056,8/12/2025 10:30 AM,"French Broad River at Pearson Bridge Rd, 2 NW Asheville",Falling,-0.01,Lower Mississippi River Forecast Center,NC,North Carolina,no_flooding,1.86,ft,1.39,kcfs,GSP,Greer
BELG1,33.97416667,-82.77,8/12/2025 10:30 AM,Broad River (GA) at Washington Hwy (GA 17) 3 S Fortsonia,Rising,0.04,Southeast River Forecast Center,GA,Georgia,no_flooding,6.32,ft,1.5,kcfs,GSP,Greer
CCRN7,35.80694444,-79.5275,8/12/2025 10:30 AM,Rocky River NC at SR1300 near Crutchfield,Rising,0.01,Southeast River Forecast Center,NC,North Carolina,no_flooding,2.07,ft,-999,kcfs,RAH,Raleigh
FLCN7,35.429167,-82.5525,8/12/2025 10:30 AM,"French Broad River at Old Fanning Bridge Rd, 3 W Fletcher",Rising,0.03,Lower Mississippi River Forecast Center,NC,North Carolina,no_flooding,5.54,ft,1.6,kcfs,GSP,Greer
HUNN7,36.00055556,-80.74555556,8/12/2025 10:30 AM,Hunting Creek below E Houstonville Rd. 3 NNE Harmony,Falling,-0.03,Southeast River Forecast Center,NC,North Carolina,no_flooding,1.21,ft,0.219,kcfs,GSP,Greer
ELLN7,35.94555556,-81.23694444,8/12/2025 10:30 AM,Lower Little River near Ellendale,Rising,0.01,Southeast River Forecast Center,NC,North Carolina,no_flooding,1.1,ft,0.0335,kcfs,GSP,Greer
PNTN7,35.51111111,-78.16055556,8/12/2025 10:30 AM,Little River (North Carolina) near Princeton,Rising,0.14,Southeast River Forecast Center,NC,North Carolina,no_flooding,4.41,ft,0.73,kcfs,RAH,Raleigh
WSWG1,34.05638889,-84.10916667,8/12/2025 10:30 AM,Chattahoochee River at 0.76 mile upstream McGinnis Ferry near Suwanee,Falling,-0.11,Southeast River Forecast Center,GA,Georgia,no_flooding,1.96,ft,-999,kcfs,FFC,Peachtree City
EMRN7,35.21944444,-83.37055556,8/12/2025 10:32 AM,Little Tennessee River at Lake Emory Dam,No change,0,Lower Mississippi River Forecast Center,NC,North Carolina,no_flooding,99.57,ft,-999,kcfs,GSP,Greer
EMRN7,35.21944444,-83.37055556,8/12/2025 10:32 AM,Little Tennessee River at Lake Emory Dam,No change,0,Lower Mississippi River Forecast Center,NC,North Carolina,no_flooding,99.57,ft,-999,kcfs,GSP,Greer
BEUN7,34.9368,-77.8596,8/12/2025 10:35 AM,N.E. Cape Fear River near Beulaville,No change,0,Southeast River Forecast Center,NC,North Carolina,no_flooding,14.72,ft,-999,kcfs,MHX,Newport
GVLN7,35.6005,-77.3682,8/12/2025 10:35 AM,Green Mill Run at 14th St in Greenville,Falling,-0.02,Southeast River Forecast Center,NC,North Carolina,no_flooding,1.38,ft,-999,kcfs,MHX,Newport
AYDN7,35.4565,-77.4854,8/12/2025 10:35 AM,Little Contentnea Creek near Ayden,Rising,0.02,Southeast River Forecast Center,NC,North Carolina,no_flooding,11.59,ft,-999,kcfs,MHX,Newport
HNTN7,35.73941,-81.678973,8/12/2025 10:35 AM,Hunting Creek at Morganton,Falling,-0.01,Southeast River Forecast Center,NC,North Carolina,no_flooding,2.16,ft,-999,kcfs,GSP,Greer
ARLN7,36.510885,-80.592032,8/12/2025 10:35 AM,Ararat River at Mt Airy,No change,0,Southeast River Forecast Center,NC,North Carolina,no_flooding,12.93,ft,-999,kcfs,RNK,Blacksburg
JMLN7,35.657,-77.4076,8/12/2025 10:35 AM,Johnsons Mill Run near Greenville,Rising,0.01,Southeast River Forecast Center,NC,North Carolina,no_flooding,6.16,ft,-999,kcfs,MHX,Newport
NSFN7,36.220754,-81.640069,8/12/2025 10:35 AM,South Fork New River at US Hwy 221,Falling,-0.01,Arkansas-Red Basin RFC,NC,North Carolina,no_flooding,6.9,ft,-999,kcfs,RNK,Blacksburg
ALDN7,36.43833333,-81.65416667,8/12/2025 10:35 AM,North Fork New River at Ashland,No change,0,Ohio River Forecast Center,NC,North Carolina,no_flooding,1.4,ft,-999,kcfs,RNK,Blacksburg
PBCG1,33.66833333,-84.15111111,8/12/2025 10:35 AM,Pole Bridge Creek at Evans Mill Road near Lithonia,Rising,0.01,Southeast River Forecast Center,GA,Georgia,no_flooding,1.32,ft,-999,kcfs,FFC,Peachtree City
BESN7,35.30638889,-81.23472222,8/12/2025 10:35 AM,Long Creek near Bessemer City 3 NE,Falling,-0.04,Southeast River Forecast Center,NC,North Carolina,no_flooding,2.55,ft,0.0986,kcfs,GSP,Greer
FOSN7,36.17361111,-81.745,8/12/2025 10:35 AM,Watauga River near Foscoe,No change,0,Lower Mississippi River Forecast Center,NC,North Carolina,no_flooding,4.31,ft,-999,kcfs,RNK,Blacksburg
CLFN7,36.45777778,-81.56055556,8/12/2025 10:35 AM,North Fork New River at Clifton,No change,0,Ohio River Forecast Center,NC,North Carolina,no_flooding,1.3,ft,-999,kcfs,RNK,Blacksburg
CRMN7,35.707513,-82.032933,8/12/2025 10:35 AM,Catawba River at N Main St (US 221 Business) 2 NW Marion,Falling,-0.02,Southeast River Forecast Center,NC,North Carolina,no_flooding,13.41,ft,-999,kcfs,GSP,Greer
PKCN7,35.6443,-77.3456,8/12/2025 10:35 AM,Parker Creek above Greenville,Falling,-0.01,Southeast River Forecast Center,NC,North Carolina,no_flooding,5.63,ft,-999,kcfs,MHX,Newport
MCWN7,36.141417,-81.175987,8/12/2025 10:35 AM,Moravian Creek at Wilkesboro,No change,0,Arkansas-Red Basin RFC,NC,North Carolina,no_flooding,8.32,ft,-999,kcfs,RNK,Blacksburg
FESN7,35.2676,-75.5218,8/12/2025 10:35 AM,Cape Creek at Fessenden Center in Buxton (in MLLW),Falling,-0.16,Southeast River Forecast Center,NC,North Carolina,no_flooding,0.93,ft,-999,kcfs,MHX,Newport
FRMN7,35.6067,-77.5747,8/12/2025 10:35 AM,Little Contentnea Creek at Farmville,Falling,-0.02,Southeast River Forecast Center,NC,North Carolina,no_flooding,6.02,ft,-999,kcfs,MHX,Newport
MLLN7,35.1773,-77.0539,8/12/2025 10:35 AM,Mills Branch above Bridgeton,No change,0,Southeast River Forecast Center,NC,North Carolina,no_flooding,7.05,ft,-999,kcfs,MHX,Newport
BERN7,35.1028,-77.0366,8/12/2025 10:35 AM,Trent River at New Bern (in MLLW),No change,0,Southeast River Forecast Center,NC,North Carolina,no_flooding,0.99,ft,-999,kcfs,MHX,Newport
KITN7,36.06071,-75.699941,8/12/2025 10:35 AM,Albemarle Sound at Kitty Hawk (in MLLW),Rising,0.04,Southeast River Forecast Center,NC,North Carolina,no_flooding,0.77,ft,-999,kcfs,MHX,Newport
BKJN7,35.77295,-78.7369528,8/12/2025 10:35 AM,Walnut Creek (NC) at Buck Jones Road,Falling,-0.01,Southeast River Forecast Center,NC,North Carolina,no_flooding,1.39,ft,0.01,kcfs,RAH,Raleigh
GVLN7,35.6005,-77.3682,8/12/2025 10:35 AM,Green Mill Run at 14th St in Greenville,Falling,-0.02,Southeast River Forecast Center,NC,North Carolina,no_flooding,1.38,ft,-999,kcfs,MHX,Newport
HNTN7,35.73941,-81.678973,8/12/2025 10:35 AM,Hunting Creek at Morganton,Falling,-0.01,Southeast River Forecast Center,NC,North Carolina,no_flooding,2.16,ft,-999,kcfs,GSP,Greer
JMLN7,35.657,-77.4076,8/12/2025 10:35 AM,Johnsons Mill Run near Greenville,Rising,0.01,Southeast River Forecast Center,NC,North Carolina,no_flooding,6.16,ft,-999,kcfs,MHX,Newport
NSFN7,36.220754,-81.640069,8/12/2025 10:35 AM,South Fork New River at US Hwy 221,Falling,-0.01,Arkansas-Red Basin RFC,NC,North Carolina,no_flooding,6.9,ft,-999,kcfs,RNK,Blacksburg
ALDN7,36.43833333,-81.65416667,8/12/2025 10:35 AM,North Fork New River at Ashland,No change,0,Ohio River Forecast Center,NC,North Carolina,no_flooding,1.4,ft,-999,kcfs,RNK,Blacksburg
PBCG1,33.66833333,-84.15111111,8/12/2025 10:35 AM,Pole Bridge Creek at Evans Mill Road near Lithonia,Rising,0.01,Southeast River Forecast Center,GA,Georgia,no_flooding,1.32,ft,-999,kcfs,FFC,Peachtree City
MCWN7,36.141417,-81.175987,8/12/2025 10:35 AM,Moravian Creek at Wilkesboro,No change,0,Arkansas-Red Basin RFC,NC,North Carolina,no_flooding,8.32,ft,-999,kcfs,RNK,Blacksburg
CCBN7,35.0644,-78.8905,8/12/2025 10:35 AM,Cross Creek NC at Blue Street at Fayetteville,Falling,-0.03,Southeast River Forecast Center,NC,North Carolina,no_flooding,5.12,ft,-999,kcfs,RAH,Raleigh
KITN7,36.06071,-75.699941,8/12/2025 10:35 AM,Albemarle Sound at Kitty Hawk (in MLLW),Rising,0.04,Southeast River Forecast Center,NC,North Carolina,no_flooding,0.77,ft,-999,kcfs,MHX,Newport
BESN7,35.30638889,-81.23472222,8/12/2025 10:35 AM,Long Creek near Bessemer City 3 NE,Falling,-0.04,Southeast River Forecast Center,NC,North Carolina,no_flooding,2.55,ft,0.0986,kcfs,GSP,Greer
FOSN7,36.17361111,-81.745,8/12/2025 10:35 AM,Watauga River near Foscoe,No change,0,Lower Mississippi River Forecast Center,NC,North Carolina,no_flooding,4.31,ft,-999,kcfs,RNK,Blacksburg
CLFN7,36.45777778,-81.56055556,8/12/2025 10:35 AM,North Fork New River at Clifton,No change,0,Ohio River Forecast Center,NC,North Carolina,no_flooding,1.3,ft,-999,kcfs,RNK,Blacksburg
PKCN7,35.6443,-77.3456,8/12/2025 10:35 AM,Parker Creek above Greenville,Falling,-0.01,Southeast River Forecast Center,NC,North Carolina,no_flooding,5.63,ft,-999,kcfs,MHX,Newport
FESN7,35.2676,-75.5218,8/12/2025 10:35 AM,Cape Creek at Fessenden Center in Buxton (in MLLW),Falling,-0.16,Southeast River Forecast Center,NC,North Carolina,no_flooding,0.93,ft,-999,kcfs,MHX,Newport
FRMN7,35.6067,-77.5747,8/12/2025 10:35 AM,Little Contentnea Creek at Farmville,Falling,-0.02,Southeast River Forecast Center,NC,North Carolina,no_flooding,6.02,ft,-999,kcfs,MHX,Newport
MLLN7,35.1773,-77.0539,8/12/2025 10:35 AM,Mills Branch above Bridgeton,No change,0,Southeast River Forecast Center,NC,North Carolina,no_flooding,7.05,ft,-999,kcfs,MHX,Newport
WBRN7,35.46777778,-80.79027778,8/12/2025 10:35 AM,West Branch Rocky River NC below mouth of South Prong River,No change,0,Southeast River Forecast Center,NC,North Carolina,no_flooding,3.22,ft,0.0293,kcfs,GSP,Greer
HNTN7,35.73941,-81.678973,8/12/2025 10:35 AM,Hunting Creek at Morganton,Falling,-0.01,Southeast River Forecast Center,NC,North Carolina,no_flooding,2.16,ft,-999,kcfs,GSP,Greer
ALDN7,36.43833333,-81.65416667,8/12/2025 10:35 AM,North Fork New River at Ashland,No change,0,Ohio River Forecast Center,NC,North Carolina,no_flooding,1.4,ft,-999,kcfs,RNK,Blacksburg
PBCG1,33.66833333,-84.15111111,8/12/2025 10:35 AM,Pole Bridge Creek at Evans Mill Road near Lithonia,Rising,0.01,Southeast River Forecast Center,GA,Georgia,no_flooding,1.32,ft,-999,kcfs,FFC,Peachtree City
IVNV2,36.83472222,-80.95277778,8/12/2025 10:35 AM,New River at Ivanhoe,Falling,-0.01,Ohio River Forecast Center,VA,Virginia,no_flooding,2.95,ft,1.6,kcfs,RNK,Blacksburg
CCBN7,35.0644,-78.8905,8/12/2025 10:35 AM,Cross Creek NC at Blue Street at Fayetteville,Falling,-0.03,Southeast River Forecast Center,NC,North Carolina,no_flooding,5.12,ft,-999,kcfs,RAH,Raleigh
MKCN7,35.25388889,-80.64805556,8/12/2025 10:35 AM,McKee Creek near Wilgrove,Rising,1.8,Southeast River Forecast Center,NC,North Carolina,no_flooding,3.79,ft,-999,kcfs,GSP,Greer
NBUN7,36.09777778,-79.78194444,8/12/2025 10:35 AM,North Buffalo Creek at Church St in Greensboro,Falling,-0.02,Southeast River Forecast Center,NC,North Carolina,no_flooding,2.65,ft,0.0306,kcfs,RAH,Raleigh
BESN7,35.30638889,-81.23472222,8/12/2025 10:35 AM,Long Creek near Bessemer City 3 NE,Falling,-0.04,Southeast River Forecast Center,NC,North Carolina,no_flooding,2.55,ft,0.0986,kcfs,GSP,Greer
FOSN7,36.17361111,-81.745,8/12/2025 10:35 AM,Watauga River near Foscoe,No change,0,Lower Mississippi River Forecast Center,NC,North Carolina,no_flooding,4.31,ft,-999,kcfs,RNK,Blacksburg
BKJN7,35.77295,-78.7369528,8/12/2025 10:35 AM,Walnut Creek (NC) at Buck Jones Road,Falling,-0.01,Southeast River Forecast Center,NC,North Carolina,no_flooding,1.39,ft,0.01,kcfs,RAH,Raleigh
CLFN7,36.45777778,-81.56055556,8/12/2025 10:35 AM,North Fork New River at Clifton,No change,0,Ohio River Forecast Center,NC,North Carolina,no_flooding,1.3,ft,-999,kcfs,RNK,Blacksburg
NBWN7,36.07916667,-79.81333333,8/12/2025 10:35 AM,North Buffalo Creek at Westover Terrace,Falling,-0.01,Southeast River Forecast Center,NC,North Carolina,no_flooding,0.87,ft,-999,kcfs,RAH,Raleigh
FESN7,35.2676,-75.5218,8/12/2025 10:35 AM,Cape Creek at Fessenden Center in Buxton (in MLLW),Falling,-0.16,Southeast River Forecast Center,NC,North Carolina,no_flooding,0.93,ft,-999,kcfs,MHX,Newport
FRMN7,35.6067,-77.5747,8/12/2025 10:35 AM,Little Contentnea Creek at Farmville,Falling,-0.02,Southeast River Forecast Center,NC,North Carolina,no_flooding,6.02,ft,-999,kcfs,MHX,Newport
WBRN7,35.46777778,-80.79027778,8/12/2025 10:35 AM,West Branch Rocky River NC below mouth of South Prong River,No change,0,Southeast River Forecast Center,NC,North Carolina,no_flooding,3.22,ft,0.0293,kcfs,GSP,Greer
HBSN7,36.05916667,-78.97805556,8/12/2025 10:35 AM,Eno River near Huckleberry Springs,Falling,-0.05,Southeast River Forecast Center,NC,North Carolina,no_flooding,4.55,ft,-999,kcfs,RAH,Raleigh
MKCN7,35.25388889,-80.64805556,8/12/2025 10:35 AM,McKee Creek near Wilgrove,Rising,1.8,Southeast River Forecast Center,NC,North Carolina,no_flooding,3.79,ft,-999,kcfs,GSP,Greer
PBCG1,33.66833333,-84.15111111,8/12/2025 10:35 AM,Pole Bridge Creek at Evans Mill Road near Lithonia,Rising,0.01,Southeast River Forecast Center,GA,Georgia,no_flooding,1.32,ft,-999,kcfs,FFC,Peachtree City
WBRN7,35.46777778,-80.79027778,8/12/2025 10:35 AM,West Branch Rocky River NC below mouth of South Prong River,No change,0,Southeast River Forecast Center,NC,North Carolina,no_flooding,3.22,ft,0.0293,kcfs,GSP,Greer
BESN7,35.30638889,-81.23472222,8/12/2025 10:35 AM,Long Creek near Bessemer City 3 NE,Falling,-0.04,Southeast River Forecast Center,NC,North Carolina,no_flooding,2.55,ft,0.0986,kcfs,GSP,Greer
WBRN7,35.46777778,-80.79027778,8/12/2025 10:35 AM,West Branch Rocky River NC below mouth of South Prong River,No change,0,Southeast River Forecast Center,NC,North Carolina,no_flooding,3.22,ft,0.0293,kcfs,GSP,Greer
MKCN7,35.25388889,-80.64805556,8/12/2025 10:35 AM,McKee Creek near Wilgrove,Rising,1.8,Southeast River Forecast Center,NC,North Carolina,no_flooding,3.79,ft,-999,kcfs,GSP,Greer
ELZV2,36.8436,-76.3647,8/12/2025 10:36 AM,Elizabeth River near Pinehurst in Portsmouth (IN MLLW),Rising,0.05,Middle Atlantic River Forecast Center,VA,Virginia,no_flooding,0.66,ft,-999,kcfs,AKQ,Wakefield
DUKN7,36.18333333,-75.75,8/12/2025 10:36 AM,Atlantic Coast at Duck (in MLLW),Rising,0.24,Southeast River Forecast Center,NC,North Carolina,no_flooding,1.59,ft,-999,kcfs,MHX,Newport
BFTN7,34.718417,-76.673118,8/12/2025 10:36 AM,Atlantic Coast at Beaufort Marine Lab (in MLLW),Rising,0.28,Southeast River Forecast Center,NC,North Carolina,no_flooding,1.25,ft,-999,kcfs,MHX,Newport
EZMV2,36.862,-76.3095,8/12/2025 10:36 AM,Elizabeth River at the Midtown Tunnel (in MLLW),Rising,0.07,Middle Atlantic River Forecast Center,VA,Virginia,no_flooding,0.71,ft,-999,kcfs,AKQ,Wakefield
DUKN7,36.18333333,-75.75,8/12/2025 10:36 AM,Atlantic Coast at Duck (in MLLW),Rising,0.24,Southeast River Forecast Center,NC,North Carolina,no_flooding,1.59,ft,-999,kcfs,MHX,Newport
MROS1,33.655,-78.91833333,8/12/2025 10:36 AM,Atlantic Coast at Myrtle Beach Springmaid Pier (IN MLLW),Rising,0.4,Southeast River Forecast Center,SC,South Carolina,no_flooding,1.97,ft,-999,kcfs,ILM,Wilmington
ORIN7,35.79638889,-75.54972222,8/12/2025 10:36 AM,Pamlico Sound at Oregon Inlet Marina (in MLLW),Rising,0.08,Southeast River Forecast Center,NC,North Carolina,no_flooding,1.09,ft,-999,kcfs,MHX,Newport
BFTN7,34.718417,-76.673118,8/12/2025 10:36 AM,Atlantic Coast at Beaufort Marine Lab (in MLLW),Rising,0.28,Southeast River Forecast Center,NC,North Carolina,no_flooding,1.25,ft,-999,kcfs,MHX,Newport
ELZV2,36.8436,-76.3647,8/12/2025 10:36 AM,Elizabeth River near Pinehurst in Portsmouth (IN MLLW),Rising,0.05,Middle Atlantic River Forecast Center,VA,Virginia,no_flooding,0.66,ft,-999,kcfs,AKQ,Wakefield
LHNV2,36.906611,-76.095583,8/12/2025 10:36 AM,Lynnhaven River near Lynnhaven Inlet (IN MLLW),Rising,0.12,Middle Atlantic River Forecast Center,VA,Virginia,no_flooding,0.97,ft,-999,kcfs,AKQ,Wakefield
MNPV2,36.77833333,-76.30166667,8/12/2025 10:36 AM,Elizabeth River near Money Point (IN MLLW),Rising,0.11,Middle Atlantic River Forecast Center,VA,Virginia,no_flooding,0.57,ft,-999,kcfs,AKQ,Wakefield
NLRV2,36.61811,-76.046302,8/12/2025 10:36 AM,North Landing River near Creeds,No change,0,Southeast River Forecast Center,VA,Virginia,no_flooding,0.84,ft,-999,kcfs,AKQ,Wakefield
EZMV2,36.862,-76.3095,8/12/2025 10:36 AM,Elizabeth River at the Midtown Tunnel (in MLLW),Rising,0.07,Middle Atlantic River Forecast Center,VA,Virginia,no_flooding,0.71,ft,-999,kcfs,AKQ,Wakefield
HCGN7,35.20805556,-75.70305556,8/12/2025 10:36 AM,Pamlico Sound at Coast Guard Hatteras (in MLLW),Rising,0.05,Southeast River Forecast Center,NC,North Carolina,no_flooding,0.88,ft,-999,kcfs,MHX,Newport
JMPN7,34.213404,-77.786688,8/12/2025 10:36 AM,Atlantic Coast at Johnnie Mercers Pier at Wrightsville Beach (MLLW),Rising,0.35,Southeast River Forecast Center,NC,North Carolina,no_flooding,1.92,ft,-999,kcfs,ILM,Wilmington
SPAN7,36.46027778,-81.16777778,8/12/2025 10:40 AM,Little River near Sparta,No change,0,Ohio River Forecast Center,NC,North Carolina,no_flooding,1.61,ft,-999,kcfs,RNK,Blacksburg
RDVT1,35.8169,-83.5904,8/12/2025 10:40 AM,West Prong Little Pigeon River 3NW Pigeon Forge (River Divide),Rising,0.01,Lower Mississippi River Forecast Center,TN,Tennessee,no_flooding,3.1,ft,-999,kcfs,MRX,Morristown
SALV2,36.89666667,-81.74638889,8/12/2025 10:40 AM,North Fork Holston River at Saltville,No change,0,Lower Mississippi River Forecast Center,VA,Virginia,no_flooding,0.82,ft,0.0653,kcfs,RNK,Blacksburg
SMFV2,36.80722222,-81.62222222,8/12/2025 10:40 AM,Middle Fork Holston River at Seven Mile Ford,No change,0,Lower Mississippi River Forecast Center,VA,Virginia,no_flooding,1.26,ft,0.0608,kcfs,RNK,Blacksburg
FCLN7,35.0798,-78.8882,8/12/2025 10:40 AM,Cross Creek at Langdon St,Falling,-0.02,Southeast River Forecast Center,NC,North Carolina,no_flooding,3.91,ft,-999,kcfs,RAH,Raleigh
TORN7,35.40361111,-80.88277778,8/12/2025 10:40 AM,Torrence Creek near Huntersville,No change,0,Southeast River Forecast Center,NC,North Carolina,no_flooding,1.47,ft,-999,kcfs,GSP,Greer
BATN7,35.4774,-76.8169,8/12/2025 10:40 AM,Bath Creek at Bath (in MLLW),Falling,-0.04,Southeast River Forecast Center,NC,North Carolina,no_flooding,1.69,ft,-999,kcfs,MHX,Newport
CLCN7,35.20833333,-80.58,8/12/2025 10:40 AM,Clear Creek (NC) at SR3181,Rising,0.06,Southeast River Forecast Center,NC,North Carolina,no_flooding,1.95,ft,0.0067,kcfs,GSP,Greer
DCSN7,35.45694444,-83.43805556,8/12/2025 10:40 AM,Deep Creek (NC) at Deep Creek road near Bryson City,No change,0,Lower Mississippi River Forecast Center,NC,North Carolina,no_flooding,2.67,ft,-999,kcfs,GSP,Greer
BRAN7,35.312,-78.646,8/12/2025 10:40 AM,Black River at Antioch Church Rd,No change,0,Southeast River Forecast Center,NC,North Carolina,no_flooding,2.06,ft,-999,kcfs,RAH,Raleigh
BASV2,36.77,-80.00111111,8/12/2025 10:40 AM,Smith River at Bassett,Falling,-0.01,Southeast River Forecast Center,VA,Virginia,no_flooding,2.07,ft,0.264,kcfs,RNK,Blacksburg
CCGN7,35.23737,-81.16395,8/12/2025 10:40 AM,Catawba Creek (NC) at E Hudson Blvd 2 SW Gastonia,Rising,0.03,Southeast River Forecast Center,NC,North Carolina,no_flooding,2,ft,-999,kcfs,GSP,Greer
CUSN7,35.14194444,-83.29416667,8/12/2025 10:40 AM,"Cullasaja River at Peaceful Cove Rd (above Cullasaja River RV Park), 6 SE Franklin",Rising,0.01,Lower Mississippi River Forecast Center,NC,North Carolina,no_flooding,2.43,ft,-999,kcfs,GSP,Greer
DKBN7,36.1652,-75.7555,8/12/2025 10:40 AM,Currituck Sound at Duck Town Boardwalk (in MLLW),Falling,-0.01,Southeast River Forecast Center,NC,North Carolina,no_flooding,0.84,ft,-999,kcfs,MHX,Newport
NSSN7,35.229375,-77.84627,8/12/2025 10:40 AM,Neuse River above Neuse River at Main St in Seven Springs,Rising,0.02,Southeast River Forecast Center,NC,North Carolina,action,12.23,ft,-999,kcfs,RAH,Raleigh
OMBN7,35.0082,-78.3411,8/12/2025 10:40 AM,Williams Old Mill Branch at US 421,Falling,-0.03,Southeast River Forecast Center,NC,North Carolina,no_flooding,7.5,ft,-999,kcfs,RAH,Raleigh
FCLN7,35.0798,-78.8882,8/12/2025 10:40 AM,Cross Creek at Langdon St,Falling,-0.02,Southeast River Forecast Center,NC,North Carolina,no_flooding,3.91,ft,-999,kcfs,RAH,Raleigh
NWPN7,34.7809,-76.8596,8/12/2025 10:40 AM,Newport River at Newport (in MLLW),Falling,-0.39,Southeast River Forecast Center,NC,North Carolina,no_flooding,2.17,ft,-999,kcfs,MHX,Newport
TORN7,35.40361111,-80.88277778,8/12/2025 10:40 AM,Torrence Creek near Huntersville,No change,0,Southeast River Forecast Center,NC,North Carolina,no_flooding,1.47,ft,-999,kcfs,GSP,Greer
BATN7,35.4774,-76.8169,8/12/2025 10:40 AM,Bath Creek at Bath (in MLLW),Falling,-0.04,Southeast River Forecast Center,NC,North Carolina,no_flooding,1.69,ft,-999,kcfs,MHX,Newport
SRCN7,34.845,-78.259,8/12/2025 10:40 AM,Six Runs Creek at US 241,Rising,0.09,Southeast River Forecast Center,NC,North Carolina,no_flooding,7.09,ft,-999,kcfs,RAH,Raleigh
CLCN7,35.20833333,-80.58,8/12/2025 10:40 AM,Clear Creek (NC) at SR3181,Rising,0.06,Southeast River Forecast Center,NC,North Carolina,no_flooding,1.95,ft,0.0067,kcfs,GSP,Greer
DCSN7,35.45694444,-83.43805556,8/12/2025 10:40 AM,Deep Creek (NC) at Deep Creek road near Bryson City,No change,0,Lower Mississippi River Forecast Center,NC,North Carolina,no_flooding,2.67,ft,-999,kcfs,GSP,Greer
SPAN7,36.46027778,-81.16777778,8/12/2025 10:40 AM,Little River near Sparta,No change,0,Ohio River Forecast Center,NC,North Carolina,no_flooding,1.61,ft,-999,kcfs,RNK,Blacksburg
JEFN7,36.42166667,-81.49583333,8/12/2025 10:40 AM,Little Buffalo Creek near Jefferson,No change,0,Ohio River Forecast Center,NC,North Carolina,no_flooding,1.52,ft,-999,kcfs,RNK,Blacksburg
MACN7,36.5402,-75.9723,8/12/2025 10:40 AM,Currituck Sound at Marsh Causeway @ NC 615,No change,0,Southeast River Forecast Center,NC,North Carolina,no_flooding,0.68,ft,-999,kcfs,AKQ,Wakefield
BRAN7,35.312,-78.646,8/12/2025 10:40 AM,Black River at Antioch Church Rd,No change,0,Southeast River Forecast Center,NC,North Carolina,no_flooding,2.06,ft,-999,kcfs,RAH,Raleigh
BASV2,36.77,-80.00111111,8/12/2025 10:40 AM,Smith River at Bassett,Falling,-0.01,Southeast River Forecast Center,VA,Virginia,no_flooding,2.07,ft,0.264,kcfs,RNK,Blacksburg
CCGN7,35.23737,-81.16395,8/12/2025 10:40 AM,Catawba Creek (NC) at E Hudson Blvd 2 SW Gastonia,Rising,0.03,Southeast River Forecast Center,NC,North Carolina,no_flooding,2,ft,-999,kcfs,GSP,Greer
CUSN7,35.14194444,-83.29416667,8/12/2025 10:40 AM,"Cullasaja River at Peaceful Cove Rd (above Cullasaja River RV Park), 6 SE Franklin",Rising,0.01,Lower Mississippi River Forecast Center,NC,North Carolina,no_flooding,2.43,ft,-999,kcfs,GSP,Greer
DKBN7,36.1652,-75.7555,8/12/2025 10:40 AM,Currituck Sound at Duck Town Boardwalk (in MLLW),Falling,-0.01,Southeast River Forecast Center,NC,North Carolina,no_flooding,0.84,ft,-999,kcfs,MHX,Newport
OTWN7,34.7808,-76.574,8/12/2025 10:40 AM,Ward Creek at Otway (in MLLW),Falling,-0.18,Southeast River Forecast Center,NC,North Carolina,no_flooding,0.38,ft,-999,kcfs,MHX,Newport
CLCN7,35.20833333,-80.58,8/12/2025 10:40 AM,Clear Creek (NC) at SR3181,Rising,0.06,Southeast River Forecast Center,NC,North Carolina,no_flooding,1.95,ft,0.0067,kcfs,GSP,Greer
NWPN7,34.7809,-76.8596,8/12/2025 10:40 AM,Newport River at Newport (in MLLW),Falling,-0.39,Southeast River Forecast Center,NC,North Carolina,no_flooding,2.17,ft,-999,kcfs,MHX,Newport
TORN7,35.40361111,-80.88277778,8/12/2025 10:40 AM,Torrence Creek near Huntersville,No change,0,Southeast River Forecast Center,NC,North Carolina,no_flooding,1.47,ft,-999,kcfs,GSP,Greer
NSSN7,35.229375,-77.84627,8/12/2025 10:40 AM,Neuse River above Neuse River at Main St in Seven Springs,Rising,0.02,Southeast River Forecast Center,NC,North Carolina,action,12.23,ft,-999,kcfs,RAH,Raleigh
BATN7,35.4774,-76.8169,8/12/2025 10:40 AM,Bath Creek at Bath (in MLLW),Falling,-0.04,Southeast River Forecast Center,NC,North Carolina,no_flooding,1.69,ft,-999,kcfs,MHX,Newport
DKBN7,36.1652,-75.7555,8/12/2025 10:40 AM,Currituck Sound at Duck Town Boardwalk (in MLLW),Falling,-0.01,Southeast River Forecast Center,NC,North Carolina,no_flooding,0.84,ft,-999,kcfs,MHX,Newport
BRAN7,35.312,-78.646,8/12/2025 10:40 AM,Black River at Antioch Church Rd,No change,0,Southeast River Forecast Center,NC,North Carolina,no_flooding,2.06,ft,-999,kcfs,RAH,Raleigh
OTWN7,34.7808,-76.574,8/12/2025 10:40 AM,Ward Creek at Otway (in MLLW),Falling,-0.18,Southeast River Forecast Center,NC,North Carolina,no_flooding,0.38,ft,-999,kcfs,MHX,Newport
OTWN7,34.7808,-76.574,8/12/2025 10:40 AM,Ward Creek at Otway (in MLLW),Falling,-0.18,Southeast River Forecast Center,NC,North Carolina,no_flooding,0.38,ft,-999,kcfs,MHX,Newport
DKBN7,36.1652,-75.7555,8/12/2025 10:40 AM,Currituck Sound at Duck Town Boardwalk (in MLLW),Falling,-0.01,Southeast River Forecast Center,NC,North Carolina,no_flooding,0.84,ft,-999,kcfs,MHX,Newport
CLCN7,35.20833333,-80.58,8/12/2025 10:40 AM,Clear Creek (NC) at SR3181,Rising,0.06,Southeast River Forecast Center,NC,North Carolina,no_flooding,1.95,ft,0.0067,kcfs,GSP,Greer
NWPN7,34.7809,-76.8596,8/12/2025 10:40 AM,Newport River at Newport (in MLLW),Falling,-0.39,Southeast River Forecast Center,NC,North Carolina,no_flooding,2.17,ft,-999,kcfs,MHX,Newport
TORN7,35.40361111,-80.88277778,8/12/2025 10:40 AM,Torrence Creek near Huntersville,No change,0,Southeast River Forecast Center,NC,North Carolina,no_flooding,1.47,ft,-999,kcfs,GSP,Greer
BATN7,35.4774,-76.8169,8/12/2025 10:40 AM,Bath Creek at Bath (in MLLW),Falling,-0.04,Southeast River Forecast Center,NC,North Carolina,no_flooding,1.69,ft,-999,kcfs,MHX,Newport
KERV2,36.59833333,-78.29916667,8/12/2025 10:41 AM,Roanoke River at John H. Kerr Dam,Falling,-0.01,Southeast River Forecast Center,VA,Virginia,no_flooding,300.94,ft,-999,kcfs,AKQ,Wakefield
BGCV2,36.679806,-75.984,8/12/2025 10:42 AM,Beggars Bridge Creek near Dawley Corners,No change,0,Southeast River Forecast Center,VA,Virginia,no_flooding,0.5,ft,-999,kcfs,AKQ,Wakefield
WLON7,34.22666667,-77.95333333,8/12/2025 10:42 AM,Cape Fear River at Wilmington (IN MLLW),Falling,-0.36,Southeast River Forecast Center,NC,North Carolina,no_flooding,0.31,ft,-999,kcfs,ILM,Wilmington
BGCV2,36.679806,-75.984,8/12/2025 10:42 AM,Beggars Bridge Creek near Dawley Corners,No change,0,Southeast River Forecast Center,VA,Virginia,no_flooding,0.5,ft,-999,kcfs,AKQ,Wakefield
NMDV2,36.73916667,-76.58277778,8/12/2025 10:42 AM,Nansemond River at Suffolk (IN MLLW),Falling,-0.16,Middle Atlantic River Forecast Center,VA,Virginia,no_flooding,0.54,ft,-999,kcfs,AKQ,Wakefield
BLBV2,36.741903,-80.002438,8/12/2025 10:45 AM,Blackberry Creek near Bassett,No change,0,Southeast River Forecast Center,VA,Virginia,no_flooding,3.16,ft,-999,kcfs,RNK,Blacksburg
DFCV2,36.58672,-79.37891,8/12/2025 10:45 AM,Fall Creek at River Street in Danville,No change,0,Southeast River Forecast Center,VA,Virginia,no_flooding,1.39,ft,-999,kcfs,RNK,Blacksburg
DLYT1,35.7912,-83.5356,8/12/2025 10:45 AM,Middle Creek at Pigeon Forge (Dollywood),No change,0,Lower Mississippi River Forecast Center,TN,Tennessee,no_flooding,0.58,ft,-999,kcfs,MRX,Morristown
SNDN7,36.080329,-75.79005,8/12/2025 10:45 AM,Currituck Sound at Currituck Sound at NC 158,Rising,0.01,Southeast River Forecast Center,NC,North Carolina,no_flooding,0.69,ft,-999,kcfs,AKQ,Wakefield
VING1,33.85888889,-84.45416667,8/12/2025 10:45 AM,Chattahoochee River at Atlanta,Falling,-0.11,Southeast River Forecast Center,GA,Georgia,no_flooding,3.8,ft,1.91,kcfs,FFC,Peachtree City
WENN7,36.4125,-79.82611111,8/12/2025 10:45 AM,Dan River near Wentworth,No change,0,Southeast River Forecast Center,NC,North Carolina,no_flooding,1.78,ft,0.388,kcfs,RNK,Blacksburg
WFCT1,35.0622,-85.0664,8/12/2025 10:45 AM,Wolftever Creek near Ooltewah,Rising,0.01,Lower Mississippi River Forecast Center,TN,Tennessee,no_flooding,2.22,ft,0.0034,kcfs,MRX,Morristown
BCBV2,36.63166667,-82.13388889,8/12/2025 10:45 AM,Beaver Creek (VA) at Bristol,No change,0,Lower Mississippi River Forecast Center,VA,Virginia,no_flooding,3.24,ft,-999,kcfs,MRX,Morristown
BWKG1,33.78805556,-83.47416667,8/12/2025 10:45 AM,Apalachee River near Bostwick,No change,0,Southeast River Forecast Center,GA,Georgia,no_flooding,2.25,ft,0.244,kcfs,FFC,Peachtree City
CARG1,34.07333333,-83.00333333,8/12/2025 10:45 AM,Broad River in GA above Carlton,Falling,-0.01,Southeast River Forecast Center,GA,Georgia,no_flooding,2.3,ft,0.57,kcfs,FFC,Peachtree City
CHCG1,34.74333333,-84.88055556,8/12/2025 10:45 AM,Coahulla Creek at Keiths Mill Road near Dalton,Falling,-0.01,Southeast River Forecast Center,GA,Georgia,no_flooding,7.71,ft,0.0701,kcfs,FFC,Peachtree City
DMCV2,36.625567,-81.770457,8/12/2025 10:45 AM,Laurel Creek 1SE Damascus,Falling,-0.04,Lower Mississippi River Forecast Center,VA,Virginia,no_flooding,2.62,ft,0.608,kcfs,MRX,Morristown
WCAN7,35.898888,-81.715919,8/12/2025 10:45 AM,Wilson Creek (NC) at Adako Rd 3 SW Collettsville,Rising,0.02,Southeast River Forecast Center,NC,North Carolina,no_flooding,4.24,ft,-999,kcfs,GSP,Greer
WROV2,36.9293,-81.1322,8/12/2025 10:45 AM,Reed Creek at Old Stage Road near Wytheville,No change,0,Ohio River Forecast Center,VA,Virginia,no_flooding,5.73,ft,-999,kcfs,RNK,Blacksburg
BMCV2,36.648295,-82.553548,8/12/2025 10:45 AM,Big Moccasin Creek at Gate City,Falling,-0.01,Lower Mississippi River Forecast Center,VA,Virginia,no_flooding,3.62,ft,-999,kcfs,MRX,Morristown
DGAG1,34.52805556,-83.93972222,8/12/2025 10:45 AM,Chestatee River near Dahlonega,Rising,0.01,Southeast River Forecast Center,GA,Georgia,no_flooding,1.09,ft,0.148,kcfs,FFC,Peachtree City
DPGV2,36.56157,-79.37488,8/12/2025 10:45 AM,Pumpkin Creek at Goodyear Blvd in Danville,No change,0,Southeast River Forecast Center,VA,Virginia,no_flooding,2.11,ft,-999,kcfs,RNK,Blacksburg
EBNN7,35.84527778,-78.72472222,8/12/2025 10:45 AM,Crabtree Creek at Ebenezer Church Rd,Falling,-0.03,Southeast River Forecast Center,NC,North Carolina,no_flooding,8.07,ft,-999,kcfs,RAH,Raleigh
EBSN7,35.20333333,-80.77222222,8/12/2025 10:45 AM,Edwards Branch at Sheffield drive,No change,0,Southeast River Forecast Center,NC,North Carolina,no_flooding,1.17,ft,0.0029,kcfs,GSP,Greer
RTRN7,35.42666667,-82.91972222,8/12/2025 10:45 AM,Pigeon River (NC) near (W Fork) nr Retreat,Rising,0.01,Lower Mississippi River Forecast Center,NC,North Carolina,no_flooding,2.04,ft,0.169,kcfs,GSP,Greer
SMRN7,35.23611111,-80.77111111,8/12/2025 10:45 AM,Briar Creek at Shamrock Drive,No change,0,Southeast River Forecast Center,NC,North Carolina,no_flooding,2.29,ft,0.0857,kcfs,GSP,Greer
TRTG1,34.89027778,-83.53055556,8/12/2025 10:45 AM,Tallulah River above Plum Orchard Rd 6 NW Tiger,Rising,0.03,Southeast River Forecast Center,GA,Georgia,no_flooding,2.2,ft,0.115,kcfs,GSP,Greer
CAMN7,35.18666667,-80.73666667,8/12/2025 10:45 AM,Campbell Creek (NC) at Idlewild road,Falling,-0.01,Southeast River Forecast Center,NC,North Carolina,no_flooding,2.13,ft,0.067,kcfs,GSP,Greer
CEPN7,35.46166667,-82.86972222,8/12/2025 10:45 AM,East Fork Pigeon River above Canton,No change,0,Lower Mississippi River Forecast Center,NC,North Carolina,no_flooding,0.72,ft,0.142,kcfs,GSP,Greer
COFN7,35.14583333,-80.92694444,8/12/2025 10:45 AM,Coffee Creek at Highway 49,Falling,-0.01,Southeast River Forecast Center,NC,North Carolina,no_flooding,2.86,ft,0.0104,kcfs,GSP,Greer
DCNG1,34.54083333,-83.62277778,8/12/2025 10:45 AM,Chattahoochee River near Cornelia,Rising,0.01,Southeast River Forecast Center,GA,Georgia,no_flooding,0.72,ft,0.311,kcfs,FFC,Peachtree City
DFIV2,36.711381,-82.795715,8/12/2025 10:45 AM,North Fork Clinch River at Duffield,No change,0,Lower Mississippi River Forecast Center,VA,Virginia,no_flooding,3.31,ft,-999,kcfs,MRX,Morristown
DROV2,36.5784,-79.43138,8/12/2025 10:45 AM,Dan River at Robertson Bridge in Danville,No change,0,Southeast River Forecast Center,VA,Virginia,no_flooding,4.52,ft,-999,kcfs,RNK,Blacksburg
WSTN7,35.206667,-80.921944,8/12/2025 10:45 AM,Taggart Creek at West Blvd (NC 160),Falling,-0.03,Southeast River Forecast Center,NC,North Carolina,no_flooding,1.75,ft,0.0141,kcfs,GSP,Greer
BCLN7,35.17527778,-80.83083333,8/12/2025 10:45 AM,Briar Creek at Colony Road,Rising,0.17,Southeast River Forecast Center,NC,North Carolina,no_flooding,3.08,ft,0.0437,kcfs,GSP,Greer
BRCT1,36.11444444,-83.98833333,8/12/2025 10:45 AM,Bullrun Creek near Halls Crossroads,No change,0,Lower Mississippi River Forecast Center,TN,Tennessee,no_flooding,1.51,ft,-999,kcfs,MRX,Morristown
BRPN7,35.1825,-80.82,8/12/2025 10:45 AM,Briar Creek at Providence road,Rising,0.1,Southeast River Forecast Center,NC,North Carolina,no_flooding,1.95,ft,-999,kcfs,GSP,Greer
BTHN7,36.54055556,-78.8725,8/12/2025 10:45 AM,Mayo Creek at Bethel Hill,Falling,-0.01,Southeast River Forecast Center,NC,North Carolina,no_flooding,2.82,ft,-999,kcfs,RAH,Raleigh
BVDV2,36.631536,-81.790337,8/12/2025 10:45 AM,Beaverdam Creek at Damascus,No change,0,Lower Mississippi River Forecast Center,VA,Virginia,no_flooding,4.03,ft,-999,kcfs,MRX,Morristown
BVRN7,35.17222222,-80.98333333,8/12/2025 10:45 AM,Beaverdam Creek above Windy Gap Rd,No change,0,Southeast River Forecast Center,NC,North Carolina,no_flooding,0.2,ft,-999,kcfs,GSP,Greer
DRIV2,36.5872,-79.38265,8/12/2025 10:45 AM,Dan River at Riverwalk Trail in Danville,Rising,0.01,Southeast River Forecast Center,VA,Virginia,no_flooding,4.37,ft,-999,kcfs,RNK,Blacksburg
YELG1,33.77277778,-84.05833333,8/12/2025 10:45 AM,Yellow River at GA 124 near Lithonia,Falling,-0.01,Southeast River Forecast Center,GA,Georgia,no_flooding,3.5,ft,0.182,kcfs,FFC,Peachtree City
BRIN7,35.20611111,-80.80583333,8/12/2025 10:45 AM,Briar Creek below Edward's Branch,Rising,0.41,Southeast River Forecast Center,NC,North Carolina,no_flooding,3,ft,-999,kcfs,GSP,Greer
BRVG1,34.84111111,-83.93611111,8/12/2025 10:45 AM,Nottely River near Blairsville,No change,0,Lower Mississippi River Forecast Center,GA,Georgia,no_flooding,1.66,ft,0.0658,kcfs,FFC,Peachtree City
CARS1,34.595,-81.42138889,8/12/2025 10:45 AM,Broad River in NC/SC near CARLISLE,Rising,0.38,Southeast River Forecast Center,SC,South Carolina,no_flooding,10.11,ft,16,kcfs,GSP,Greer
CRFN7,35.36138889,-80.8975,8/12/2025 10:45 AM,Gar Creek at SR 2074 NR CROFT #6531,No change,0,Southeast River Forecast Center,NC,North Carolina,no_flooding,1.15,ft,0,kcfs,GSP,Greer
DABV2,36.59727,-79.40405,8/12/2025 10:45 AM,Apple Branch at Goodyear Blvd in Danville,No change,0,Southeast River Forecast Center,VA,Virginia,no_flooding,2.83,ft,-999,kcfs,RNK,Blacksburg
DTAS1,34.53527778,-81.54833333,8/12/2025 10:45 AM,Tyger River near Delta,Rising,0.02,Southeast River Forecast Center,SC,South Carolina,no_flooding,8.02,ft,1.85,kcfs,GSP,Greer
STEN7,35.240278,-80.868333,8/12/2025 10:45 AM,Stewart Creek at State St.,Rising,0.01,Southeast River Forecast Center,NC,North Carolina,no_flooding,1.04,ft,-999,kcfs,GSP,Greer
TNTN7,35.06416667,-77.46138889,8/12/2025 10:45 AM,Trent River  West of Trenton,Falling,-0.07,Southeast River Forecast Center,NC,North Carolina,no_flooding,9.35,ft,0.641,kcfs,MHX,Newport
VIXG1,33.86805556,-84.45388889,8/12/2025 10:45 AM,Chattahoochee River at US 41 at Atlanta,Falling,-0.07,Southeast River Forecast Center,GA,Georgia,no_flooding,5.14,ft,-999,kcfs,FFC,Peachtree City
VSTV2,36.65,-81.85,8/12/2025 10:45 AM,South Fork Holston River near Damascus,No change,0,Lower Mississippi River Forecast Center,VA,Virginia,no_flooding,2.69,ft,0.115,kcfs,MRX,Morristown
ADRN7,35.821111,-78.6341667,8/12/2025 10:45 AM,Crabtree Creek at Anderson Drive,Falling,-0.09,Southeast River Forecast Center,NC,North Carolina,no_flooding,7.5,ft,-999,kcfs,RAH,Raleigh
BSHN7,34.75027778,-79.38666667,8/12/2025 10:45 AM,Big Shoe Heel Creek near Laurinburg,Rising,0.01,Southeast River Forecast Center,NC,North Carolina,no_flooding,3.33,ft,-999,kcfs,RAH,Raleigh
ECTG1,34.22508333,-84.4691667,8/12/2025 10:45 AM,Etowah River  Downstream I-575 at Canton,Rising,0.01,Southeast River Forecast Center,GA,Georgia,no_flooding,2.58,ft,0.48,kcfs,FFC,Peachtree City
PRIN7,36.53388889,-79.99138889,8/12/2025 10:45 AM,Mayo River near Price,Rising,0.01,Southeast River Forecast Center,NC,North Carolina,no_flooding,1.3,ft,0.147,kcfs,RNK,Blacksburg
SOCG1,33.77333333,-84.07722222,8/12/2025 10:45 AM,Stone Mountain Creek at GA 124 near Lithonia,No change,0,Southeast River Forecast Center,GA,Georgia,no_flooding,3.78,ft,-999,kcfs,FFC,Peachtree City
SOCS1,33.68694444,-79.005,8/12/2025 10:45 AM,Atlantic Intracoastal Waterway above Aiw At Hwy 544 At Socastee,Falling,-0.16,Southeast River Forecast Center,SC,South Carolina,no_flooding,13.12,ft,-999,kcfs,ILM,Wilmington
APHG1,34.05055556,-84.26944444,8/12/2025 10:45 AM,Big Creek near Alpharetta,Falling,-0.03,Southeast River Forecast Center,GA,Georgia,no_flooding,2.24,ft,0.0657,kcfs,FFC,Peachtree City
SMON7,35.228333,-80.869167,8/12/2025 10:45 AM,Stewart Creek at W Morehead St (US 29),Rising,0.01,Southeast River Forecast Center,NC,North Carolina,no_flooding,1.45,ft,-999,kcfs,GSP,Greer
STSN7,35.105,-80.95361111,8/12/2025 10:45 AM,Steele Creek at Carowinds Blvd,Rising,0.03,Southeast River Forecast Center,NC,North Carolina,no_flooding,1.54,ft,0.0198,kcfs,GSP,Greer
TOLS1,34.95653054,-81.1061882,8/12/2025 10:45 AM,Tools Fork Creek near Rock Hill,Falling,-0.02,Southeast River Forecast Center,SC,South Carolina,no_flooding,2.66,ft,0.003,kcfs,GSP,Greer
TWNT1,35.66444444,-83.71138889,8/12/2025 10:45 AM,Little River (TN) at Townsend,Falling,-0.01,Lower Mississippi River Forecast Center,TN,Tennessee,no_flooding,1.96,ft,0.191,kcfs,MRX,Morristown
AUSG1,33.77638889,-84.61555556,8/12/2025 10:45 AM,Sweetwater Creek near Austell,Rising,0.03,Southeast River Forecast Center,GA,Georgia,no_flooding,1.38,ft,0.118,kcfs,FFC,Peachtree City
CTPN7,35.521944,-82.848056,8/12/2025 10:45 AM,"Pigeon River above Old River Rd (NC 215), 1 SW Canton",Rising,0.01,Lower Mississippi River Forecast Center,NC,North Carolina,no_flooding,2.05,ft,0.351,kcfs,GSP,Greer
SMMV2,36.66111111,-79.88083333,8/12/2025 10:45 AM,Smith River at Martinsville,No change,0,Southeast River Forecast Center,VA,Virginia,no_flooding,2.24,ft,0.306,kcfs,RNK,Blacksburg
FMCN7,35.07694444,-80.8225,8/12/2025 10:45 AM,Fourmile Creek (NC) at Elm Lane,Rising,0.22,Southeast River Forecast Center,NC,North Carolina,no_flooding,5.84,ft,0.131,kcfs,GSP,Greer
SMWV2,36.77833333,-80.24944444,8/12/2025 10:45 AM,Smith River at Smith River Church near Woolwine,No change,0,Southeast River Forecast Center,VA,Virginia,no_flooding,2.33,ft,0.017,kcfs,RNK,Blacksburg
AWRN7,35.13972222,-80.91111111,8/12/2025 10:45 AM,Sugar Creek NC at Arrowood Rd,Rising,0.13,Southeast River Forecast Center,NC,North Carolina,no_flooding,1.28,ft,-999,kcfs,GSP,Greer
BYBN7,35.141,-76.7651,8/12/2025 10:45 AM,Bay River at Bayboro (in MLLW),Falling,-0.02,Southeast River Forecast Center,NC,North Carolina,no_flooding,0.91,ft,-999,kcfs,MHX,Newport
CCJG1,33.71083333,-83.81111111,8/12/2025 10:45 AM,Cornish Creek at Lower Jersey Road near Covington,No change,0,Southeast River Forecast Center,GA,Georgia,no_flooding,1.12,ft,-999,kcfs,FFC,Peachtree City
CRBN7,35.81111111,-78.61194444,8/12/2025 10:45 AM,Crabtree Creek at Capitol Blvd (US Rt 1),Falling,-0.07,Southeast River Forecast Center,NC,North Carolina,no_flooding,5.48,ft,1.13,kcfs,RAH,Raleigh
CWPN7,35.46388889,-82.9,8/12/2025 10:45 AM,West Fork Pigeon River near Bethel,No change,0,Lower Mississippi River Forecast Center,NC,North Carolina,no_flooding,0.92,ft,0.191,kcfs,GSP,Greer
RDCN7,35.25861111,-80.66277778,8/12/2025 10:45 AM,Reedy Creek below I-485 nr Pine Ridge,Falling,-0.1,Southeast River Forecast Center,NC,North Carolina,no_flooding,5.24,ft,0.229,kcfs,GSP,Greer
WLCV2,36.767028,-83.030226,8/12/2025 10:45 AM,Wallen Creek at Pennington Gap,Falling,-0.01,Lower Mississippi River Forecast Center,VA,Virginia,no_flooding,4.78,ft,-999,kcfs,MRX,Morristown
BMCV2,36.648295,-82.553548,8/12/2025 10:45 AM,Big Moccasin Creek at Gate City,Falling,-0.01,Lower Mississippi River Forecast Center,VA,Virginia,no_flooding,3.62,ft,-999,kcfs,MRX,Morristown
DGAG1,34.52805556,-83.93972222,8/12/2025 10:45 AM,Chestatee River near Dahlonega,Rising,0.01,Southeast River Forecast Center,GA,Georgia,no_flooding,1.09,ft,0.148,kcfs,FFC,Peachtree City
DPGV2,36.56157,-79.37488,8/12/2025 10:45 AM,Pumpkin Creek at Goodyear Blvd in Danville,No change,0,Southeast River Forecast Center,VA,Virginia,no_flooding,2.11,ft,-999,kcfs,RNK,Blacksburg
EBNN7,35.84527778,-78.72472222,8/12/2025 10:45 AM,Crabtree Creek at Ebenezer Church Rd,Falling,-0.03,Southeast River Forecast Center,NC,North Carolina,no_flooding,8.07,ft,-999,kcfs,RAH,Raleigh
EBSN7,35.20333333,-80.77222222,8/12/2025 10:45 AM,Edwards Branch at Sheffield drive,No change,0,Southeast River Forecast Center,NC,North Carolina,no_flooding,1.17,ft,0.0029,kcfs,GSP,Greer
GBRN7,35.29944444,-80.94638889,8/12/2025 10:45 AM,Gum Branch at Gum Branch road,No change,0,Southeast River Forecast Center,NC,North Carolina,no_flooding,1.89,ft,0.0115,kcfs,GSP,Greer
HPNN7,36.13778,-79.86,8/12/2025 10:45 AM,Horsepen Creek at US22O Near Greensboro,No change,0,Southeast River Forecast Center,NC,North Carolina,no_flooding,2.05,ft,0.0155,kcfs,RAH,Raleigh
ISNN7,35.15861111,-80.71333333,8/12/2025 10:45 AM,Irvins Creek at Sam Newell Road,Rising,0.43,Southeast River Forecast Center,NC,North Carolina,no_flooding,2.89,ft,0.0641,kcfs,GSP,Greer
JOHN7,35.83361111,-81.71194444,8/12/2025 10:45 AM,Johns River at Arneys Store,No change,0,Southeast River Forecast Center,NC,North Carolina,no_flooding,3.28,ft,0.906,kcfs,GSP,Greer
TRTG1,34.89027778,-83.53055556,8/12/2025 10:45 AM,Tallulah River above Plum Orchard Rd 6 NW Tiger,Rising,0.03,Southeast River Forecast Center,GA,Georgia,no_flooding,2.2,ft,0.115,kcfs,GSP,Greer
BRIN7,35.20611111,-80.80583333,8/12/2025 10:45 AM,Briar Creek below Edward's Branch,Rising,0.41,Southeast River Forecast Center,NC,North Carolina,no_flooding,3,ft,-999,kcfs,GSP,Greer
BRVG1,34.84111111,-83.93611111,8/12/2025 10:45 AM,Nottely River near Blairsville,No change,0,Lower Mississippi River Forecast Center,GA,Georgia,no_flooding,1.66,ft,0.0658,kcfs,FFC,Peachtree City
CARS1,34.595,-81.42138889,8/12/2025 10:45 AM,Broad River in NC/SC near CARLISLE,Rising,0.38,Southeast River Forecast Center,SC,South Carolina,no_flooding,10.11,ft,16,kcfs,GSP,Greer
CRFN7,35.36138889,-80.8975,8/12/2025 10:45 AM,Gar Creek at SR 2074 NR CROFT #6531,No change,0,Southeast River Forecast Center,NC,North Carolina,no_flooding,1.15,ft,0,kcfs,GSP,Greer
DABV2,36.59727,-79.40405,8/12/2025 10:45 AM,Apple Branch at Goodyear Blvd in Danville,No change,0,Southeast River Forecast Center,VA,Virginia,no_flooding,2.83,ft,-999,kcfs,RNK,Blacksburg
DTAS1,34.53527778,-81.54833333,8/12/2025 10:45 AM,Tyger River near Delta,Rising,0.02,Southeast River Forecast Center,SC,South Carolina,no_flooding,8.02,ft,1.85,kcfs,GSP,Greer
GIST1,35.8707,-83.5967,8/12/2025 10:45 AM,Gists Creek 2W Sevierville,No change,0,Lower Mississippi River Forecast Center,TN,Tennessee,no_flooding,0.94,ft,-999,kcfs,MRX,Morristown
IRWN7,35.19777778,-80.90444444,8/12/2025 10:45 AM,Irwin Creek at WWTP,Rising,0.05,Southeast River Forecast Center,NC,North Carolina,no_flooding,1.42,ft,0.0572,kcfs,GSP,Greer
MARG1,33.95388889,-84.44333333,8/12/2025 10:45 AM,Sope Creek at Lower Roswell Road near Marietta,Falling,-0.03,Southeast River Forecast Center,GA,Georgia,no_flooding,1.34,ft,0.0253,kcfs,FFC,Peachtree City
MSHN7,35.81638889,-78.59361111,8/12/2025 10:45 AM,Marsh Creek (NC) at New Hope,Falling,-0.02,Southeast River Forecast Center,NC,North Carolina,no_flooding,3.81,ft,-999,kcfs,RAH,Raleigh
SSRS1,35.06333333,-82.65027778,8/12/2025 10:45 AM,South Saluda River near Cleveland,Rising,0.03,Southeast River Forecast Center,SC,South Carolina,no_flooding,2.7,ft,0.053,kcfs,GSP,Greer
TNTN7,35.06416667,-77.46138889,8/12/2025 10:45 AM,Trent River  West of Trenton,Falling,-0.07,Southeast River Forecast Center,NC,North Carolina,no_flooding,9.35,ft,0.641,kcfs,MHX,Newport
VIXG1,33.86805556,-84.45388889,8/12/2025 10:45 AM,Chattahoochee River at US 41 at Atlanta,Falling,-0.07,Southeast River Forecast Center,GA,Georgia,no_flooding,5.14,ft,-999,kcfs,FFC,Peachtree City
VSTV2,36.65,-81.85,8/12/2025 10:45 AM,South Fork Holston River near Damascus,No change,0,Lower Mississippi River Forecast Center,VA,Virginia,no_flooding,2.69,ft,0.115,kcfs,MRX,Morristown
WLOG1,34.00277778,-84.39444444,8/12/2025 10:45 AM,Willeo Creek at GA 120 near Roswell,No change,0,Southeast River Forecast Center,GA,Georgia,no_flooding,1.11,ft,0.0132,kcfs,FFC,Peachtree City
ADRN7,35.821111,-78.6341667,8/12/2025 10:45 AM,Crabtree Creek at Anderson Drive,Falling,-0.09,Southeast River Forecast Center,NC,North Carolina,no_flooding,7.5,ft,-999,kcfs,RAH,Raleigh
BSHN7,34.75027778,-79.38666667,8/12/2025 10:45 AM,Big Shoe Heel Creek near Laurinburg,Rising,0.01,Southeast River Forecast Center,NC,North Carolina,no_flooding,3.33,ft,-999,kcfs,RAH,Raleigh
ECTG1,34.22508333,-84.4691667,8/12/2025 10:45 AM,Etowah River  Downstream I-575 at Canton,Rising,0.01,Southeast River Forecast Center,GA,Georgia,no_flooding,2.58,ft,0.48,kcfs,FFC,Peachtree City
GAPV2,36.865056,-82.771167,8/12/2025 10:45 AM,South Fork Powell River at Big Stone Gap,Falling,-0.02,Lower Mississippi River Forecast Center,VA,Virginia,no_flooding,3.02,ft,-999,kcfs,MRX,Morristown
GATT1,35.699444,-83.527222,8/12/2025 10:45 AM,West Prong Little Pigeon River above Gatlinburg,No change,0,Lower Mississippi River Forecast Center,TN,Tennessee,no_flooding,3.17,ft,0.0572,kcfs,MRX,Morristown
LCCN7,35.727383,-81.244858,8/12/2025 10:45 AM,Lyle Creek at Section House Rd 2 NW Conover,Falling,-0.02,Southeast River Forecast Center,NC,North Carolina,no_flooding,0.83,ft,-999,kcfs,GSP,Greer
LHCN7,35.16444444,-80.85305556,8/12/2025 10:45 AM,Little Hope Creek at SENECA PLACE,Falling,-0.13,Southeast River Forecast Center,NC,North Carolina,no_flooding,3.86,ft,0.0283,kcfs,GSP,Greer
NTLV2,36.57083333,-80.12972222,8/12/2025 10:45 AM,South Mayo River near Nettleridge,Rising,0.01,Southeast River Forecast Center,VA,Virginia,no_flooding,3.56,ft,0.0641,kcfs,RNK,Blacksburg
PIGN7,35.78722222,-78.65472222,8/12/2025 10:45 AM,Pigeon House Creek at Cameron Village,No change,0,Southeast River Forecast Center,NC,North Carolina,no_flooding,1.55,ft,-999,kcfs,RAH,Raleigh
PLGN7,35.68583333,-82.06027778,8/12/2025 10:45 AM,Catawba River near Pleasant Gardens,Falling,-0.04,Southeast River Forecast Center,NC,North Carolina,no_flooding,2.4,ft,0.373,kcfs,GSP,Greer
PRIN7,36.53388889,-79.99138889,8/12/2025 10:45 AM,Mayo River near Price,Rising,0.01,Southeast River Forecast Center,NC,North Carolina,no_flooding,1.3,ft,0.147,kcfs,RNK,Blacksburg
SCRN7,35.98333333,-78.95666667,8/12/2025 10:45 AM,Sandy Creek (NC) at Cornwallis Rd,Falling,-0.03,Southeast River Forecast Center,NC,North Carolina,no_flooding,2.27,ft,-999,kcfs,RAH,Raleigh
SOBG1,33.6796111,-84.3079444,8/12/2025 10:45 AM,South River at Bouldercrest Road at Atlanta,No change,0,Southeast River Forecast Center,GA,Georgia,no_flooding,2.54,ft,0.0011,kcfs,FFC,Peachtree City
SOCG1,33.77333333,-84.07722222,8/12/2025 10:45 AM,Stone Mountain Creek at GA 124 near Lithonia,No change,0,Southeast River Forecast Center,GA,Georgia,no_flooding,3.78,ft,-999,kcfs,FFC,Peachtree City
SOCS1,33.68694444,-79.005,8/12/2025 10:45 AM,Atlantic Intracoastal Waterway above Aiw At Hwy 544 At Socastee,Falling,-0.16,Southeast River Forecast Center,SC,South Carolina,no_flooding,13.12,ft,-999,kcfs,ILM,Wilmington
ZUNV2,36.90638889,-76.82027778,8/12/2025 10:45 AM,Blackwater River (VA) near ZUNI,No change,0,Southeast River Forecast Center,VA,Virginia,no_flooding,17.34,ft,0.173,kcfs,AKQ,Wakefield
APHG1,34.05055556,-84.26944444,8/12/2025 10:45 AM,Big Creek near Alpharetta,Falling,-0.03,Southeast River Forecast Center,GA,Georgia,no_flooding,2.24,ft,0.0657,kcfs,FFC,Peachtree City
IGCV2,36.895933,-82.026579,8/12/2025 10:45 AM,Big Cedar Creek 1E Lebanon,No change,0,Lower Mississippi River Forecast Center,VA,Virginia,no_flooding,3.68,ft,-999,kcfs,MRX,Morristown
LOGN7,35.40444444,-81.8725,8/12/2025 10:45 AM,Second Broad River near Logan,Falling,-0.08,Southeast River Forecast Center,NC,North Carolina,no_flooding,4.84,ft,0.527,kcfs,GSP,Greer
LSAN7,35.14805556,-80.85777778,8/12/2025 10:45 AM,Little Sugar Creek (NC) at Archdale Drive,Rising,0.29,Southeast River Forecast Center,NC,North Carolina,no_flooding,3.34,ft,0.126,kcfs,GSP,Greer
MCBS1,34.51388889,-80.18333333,8/12/2025 10:45 AM,Black Creek (SC) near Mcbee,Rising,0.01,Southeast River Forecast Center,SC,South Carolina,no_flooding,7.15,ft,0.173,kcfs,CAE,West Columbia
PHFN7,35.8029,-78.6202,8/12/2025 10:45 AM,Pigeon House Creek at Fenton St,No change,0,Southeast River Forecast Center,NC,North Carolina,no_flooding,4.23,ft,-999,kcfs,RAH,Raleigh
PNVN7,35.09083333,-80.89944444,8/12/2025 10:45 AM,Sugar Creek NC at NC 51 nr Pineville,Falling,-0.01,Southeast River Forecast Center,NC,North Carolina,no_flooding,1.69,ft,0.0688,kcfs,GSP,Greer
RCKN7,34.94583333,-79.86972222,8/12/2025 10:45 AM,Pee Dee River near Rockingham,No change,0,Southeast River Forecast Center,NC,North Carolina,no_flooding,4.04,ft,7.91,kcfs,RAH,Raleigh
ROKN7,35.95416667,-77.7875,8/12/2025 10:45 AM,Tar River at NC97 In Rocky Mount,Rising,0.04,Southeast River Forecast Center,NC,North Carolina,no_flooding,5.12,ft,0.614,kcfs,RAH,Raleigh
TKRG1,34.52277778,-84.61111111,8/12/2025 10:45 AM,Talking Rock Creek near Hinton,Falling,-0.01,Southeast River Forecast Center,GA,Georgia,no_flooding,0.95,ft,0.0404,kcfs,FFC,Peachtree City
TOLS1,34.95653054,-81.1061882,8/12/2025 10:45 AM,Tools Fork Creek near Rock Hill,Falling,-0.02,Southeast River Forecast Center,SC,South Carolina,no_flooding,2.66,ft,0.003,kcfs,GSP,Greer
WODS1,34.68333333,-82.04,8/12/2025 10:45 AM,Enoree River near Woodruff,Falling,-0.05,Southeast River Forecast Center,SC,South Carolina,no_flooding,3.78,ft,0.805,kcfs,GSP,Greer
BLBV2,36.741903,-80.002438,8/12/2025 10:45 AM,Blackberry Creek near Bassett,No change,0,Southeast River Forecast Center,VA,Virginia,no_flooding,3.16,ft,-999,kcfs,RNK,Blacksburg
DFCV2,36.58672,-79.37891,8/12/2025 10:45 AM,Fall Creek at River Street in Danville,No change,0,Southeast River Forecast Center,VA,Virginia,no_flooding,1.39,ft,-999,kcfs,RNK,Blacksburg
DLYT1,35.7912,-83.5356,8/12/2025 10:45 AM,Middle Creek at Pigeon Forge (Dollywood),No change,0,Lower Mississippi River Forecast Center,TN,Tennessee,no_flooding,0.58,ft,-999,kcfs,MRX,Morristown
LSMN7,35.20361111,-80.83694444,8/12/2025 10:45 AM,Little Sugar Creek (NC) at Medical Center Dr,Falling,-0.25,Southeast River Forecast Center,NC,North Carolina,no_flooding,3.66,ft,0.128,kcfs,GSP,Greer
MCCN7,35.11833333,-80.80666667,8/12/2025 10:45 AM,McAlpine Creek at Colony Rd,Rising,0.23,Southeast River Forecast Center,NC,North Carolina,no_flooding,3.59,ft,-999,kcfs,GSP,Greer
MCDN7,35.38972222,-80.92111111,8/12/2025 10:45 AM,McDowell Creek at Beatties Ford Rd.,No change,0,Southeast River Forecast Center,NC,North Carolina,no_flooding,4.34,ft,0.0778,kcfs,GSP,Greer
NEBN7,35.79472222,-81.89,8/12/2025 10:45 AM,Linville River near Nebo,No change,0,Southeast River Forecast Center,NC,North Carolina,no_flooding,2.59,ft,0.577,kcfs,GSP,Greer
NEDN7,35.91527778,-78.89333333,8/12/2025 10:45 AM,Northeast Creek (NC) at SS1182 near Lowes Grove,Rising,0.01,Southeast River Forecast Center,NC,North Carolina,no_flooding,2.42,ft,-999,kcfs,RAH,Raleigh
NMRV2,36.56805556,-79.98722222,8/12/2025 10:45 AM,North Mayo River near Spencer,No change,0,Southeast River Forecast Center,VA,Virginia,no_flooding,1.54,ft,0.0652,kcfs,RNK,Blacksburg
OWFN7,35.81583333,-78.62583333,8/12/2025 10:45 AM,Crabtree Creek at Old Wake Forest Road,Falling,-0.08,Southeast River Forecast Center,NC,North Carolina,no_flooding,5.91,ft,-999,kcfs,RAH,Raleigh
SNDN7,36.080329,-75.79005,8/12/2025 10:45 AM,Currituck Sound at Currituck Sound at NC 158,Rising,0.01,Southeast River Forecast Center,NC,North Carolina,no_flooding,0.69,ft,-999,kcfs,AKQ,Wakefield
VING1,33.85888889,-84.45416667,8/12/2025 10:45 AM,Chattahoochee River at Atlanta,Falling,-0.11,Southeast River Forecast Center,GA,Georgia,no_flooding,3.8,ft,1.91,kcfs,FFC,Peachtree City
WENN7,36.4125,-79.82611111,8/12/2025 10:45 AM,Dan River near Wentworth,No change,0,Southeast River Forecast Center,NC,North Carolina,no_flooding,1.78,ft,0.388,kcfs,RNK,Blacksburg
WFCT1,35.0622,-85.0664,8/12/2025 10:45 AM,Wolftever Creek near Ooltewah,Rising,0.01,Lower Mississippi River Forecast Center,TN,Tennessee,no_flooding,2.22,ft,0.0034,kcfs,MRX,Morristown
WHMS1,34.50916667,-81.59833333,8/12/2025 10:45 AM,Enoree River at Whitmire,Falling,-0.01,Southeast River Forecast Center,SC,South Carolina,no_flooding,17.81,ft,0.907,kcfs,CAE,West Columbia
YLOG1,33.73361111,-84.06194444,8/12/2025 10:45 AM,Yellow River at Pleasant Hill Road near Lithonia,Rising,0.01,Southeast River Forecast Center,GA,Georgia,no_flooding,1.96,ft,0.215,kcfs,FFC,Peachtree City
AUSG1,33.77638889,-84.61555556,8/12/2025 10:45 AM,Sweetwater Creek near Austell,Rising,0.03,Southeast River Forecast Center,GA,Georgia,no_flooding,1.38,ft,0.118,kcfs,FFC,Peachtree City
CTPN7,35.521944,-82.848056,8/12/2025 10:45 AM,"Pigeon River above Old River Rd (NC 215), 1 SW Canton",Rising,0.01,Lower Mississippi River Forecast Center,NC,North Carolina,no_flooding,2.05,ft,0.351,kcfs,GSP,Greer
IBRN7,35.21083333,-80.80083333,8/12/2025 10:45 AM,Briar Creek at Independence Blvd,Rising,0.25,Southeast River Forecast Center,NC,North Carolina,no_flooding,2.9,ft,-999,kcfs,GSP,Greer
JNSV2,36.66194444,-83.095,8/12/2025 10:45 AM,Powell River near Jonesville,No change,0,Lower Mississippi River Forecast Center,VA,Virginia,no_flooding,1.91,ft,0.2,kcfs,MRX,Morristown
MCIN7,35.17583333,-80.71916667,8/12/2025 10:45 AM,McAlpine Creek at Idlewild,Rising,0.31,Southeast River Forecast Center,NC,North Carolina,no_flooding,3.94,ft,0.256,kcfs,GSP,Greer
MCMN7,35.14083333,-80.82,8/12/2025 10:45 AM,McMullen Creek at Sharon View,Rising,0.04,Southeast River Forecast Center,NC,North Carolina,no_flooding,1.34,ft,0.0187,kcfs,GSP,Greer
MCPN7,35.06638889,-80.86972222,8/12/2025 10:45 AM,McAlpine Creek at Waste Water Treatment Plant,Rising,0.12,Southeast River Forecast Center,NC,North Carolina,no_flooding,3.13,ft,0.184,kcfs,GSP,Greer
MLHG1,33.71111111,-83.91444444,8/12/2025 10:45 AM,Little Haynes Creek at Dial Mill Road near Milstead,Rising,0.01,Southeast River Forecast Center,GA,Georgia,no_flooding,3.6,ft,0.011,kcfs,FFC,Peachtree City
RNDV2,36.915,-78.74111111,8/12/2025 10:45 AM,Roanoke River at Randolph,Falling,-0.05,Southeast River Forecast Center,VA,Virginia,no_flooding,5.99,ft,1.13,kcfs,RNK,Blacksburg
SMMV2,36.66111111,-79.88083333,8/12/2025 10:45 AM,Smith River at Martinsville,No change,0,Southeast River Forecast Center,VA,Virginia,no_flooding,2.24,ft,0.306,kcfs,RNK,Blacksburg
WKSN7,36.1525,-81.14555556,8/12/2025 10:45 AM,Yadkin River at Wilkesboro,No change,0,Southeast River Forecast Center,NC,North Carolina,no_flooding,2.48,ft,0.689,kcfs,RNK,Blacksburg
FMCN7,35.07694444,-80.8225,8/12/2025 10:45 AM,Fourmile Creek (NC) at Elm Lane,Rising,0.22,Southeast River Forecast Center,NC,North Carolina,no_flooding,5.84,ft,0.131,kcfs,GSP,Greer
GSRV2,36.935665,-82.486582,8/12/2025 10:45 AM,Guest River at Riverview,Rising,0.01,Lower Mississippi River Forecast Center,VA,Virginia,no_flooding,3.43,ft,-999,kcfs,MRX,Morristown
LLGN7,35.39611111,-82.9375,8/12/2025 10:45 AM,Pigeon River (NC) above (W Fork) Abv Lake Logan,Falling,-0.01,Lower Mississippi River Forecast Center,NC,North Carolina,no_flooding,1.8,ft,0.178,kcfs,GSP,Greer
MTVV2,36.664183,-79.883794,8/12/2025 10:45 AM,Smith River at Martinsville Hydroelectic Dam,No change,0,Southeast River Forecast Center,VA,Virginia,no_flooding,696.19,ft,-999,kcfs,RNK,Blacksburg
SMWV2,36.77833333,-80.24944444,8/12/2025 10:45 AM,Smith River at Smith River Church near Woolwine,No change,0,Southeast River Forecast Center,VA,Virginia,no_flooding,2.33,ft,0.017,kcfs,RNK,Blacksburg
WLCK2,36.868889,-85.146667,8/12/2025 10:45 AM,Cumberland River at Lake Cumberland,No change,0,Ohio River Forecast Center,KY,Kentucky,no_flooding,709.35,ft,-999,kcfs,LMK,Louisville
BCBV2,36.63166667,-82.13388889,8/12/2025 10:45 AM,Beaver Creek (VA) at Bristol,No change,0,Lower Mississippi River Forecast Center,VA,Virginia,no_flooding,3.24,ft,-999,kcfs,MRX,Morristown
BWKG1,33.78805556,-83.47416667,8/12/2025 10:45 AM,Apalachee River near Bostwick,No change,0,Southeast River Forecast Center,GA,Georgia,no_flooding,2.25,ft,0.244,kcfs,FFC,Peachtree City
CARG1,34.07333333,-83.00333333,8/12/2025 10:45 AM,Broad River in GA above Carlton,Falling,-0.01,Southeast River Forecast Center,GA,Georgia,no_flooding,2.3,ft,0.57,kcfs,FFC,Peachtree City
CHCG1,34.74333333,-84.88055556,8/12/2025 10:45 AM,Coahulla Creek at Keiths Mill Road near Dalton,Falling,-0.01,Southeast River Forecast Center,GA,Georgia,no_flooding,7.71,ft,0.0701,kcfs,FFC,Peachtree City
DMCV2,36.625567,-81.770457,8/12/2025 10:45 AM,Laurel Creek 1SE Damascus,Falling,-0.04,Lower Mississippi River Forecast Center,VA,Virginia,no_flooding,2.62,ft,0.608,kcfs,MRX,Morristown
IRSN7,35.26194444,-80.83694444,8/12/2025 10:45 AM,Irwin Creek at Statesville Ave,Rising,0.02,Southeast River Forecast Center,NC,North Carolina,no_flooding,2.03,ft,0.0033,kcfs,GSP,Greer
MALN7,35.13777778,-80.7675,8/12/2025 10:45 AM,McAlpine Creek below Sardis Road,Rising,0.22,Southeast River Forecast Center,NC,North Carolina,no_flooding,3.17,ft,0.411,kcfs,GSP,Greer
NOBG1,33.77777778,-84.03777778,8/12/2025 10:45 AM,No Business Creek at Lee Road near Snellville,No change,0,Southeast River Forecast Center,GA,Georgia,no_flooding,3.05,ft,0.0258,kcfs,FFC,Peachtree City
PAWN7,35.24027778,-80.97444444,8/12/2025 10:45 AM,Paw Creek at Wilkinson Blvd,Falling,-0.01,Southeast River Forecast Center,NC,North Carolina,no_flooding,1.42,ft,-999,kcfs,GSP,Greer
THYS1,35.06083333,-81.71472222,8/12/2025 10:45 AM,Thicketty Creek near Gaffney,Falling,-0.01,Southeast River Forecast Center,SC,South Carolina,no_flooding,3.44,ft,0.0294,kcfs,GSP,Greer
WCAN7,35.898888,-81.715919,8/12/2025 10:45 AM,Wilson Creek (NC) at Adako Rd 3 SW Collettsville,Rising,0.02,Southeast River Forecast Center,NC,North Carolina,no_flooding,4.24,ft,-999,kcfs,GSP,Greer
AWRN7,35.13972222,-80.91111111,8/12/2025 10:45 AM,Sugar Creek NC at Arrowood Rd,Rising,0.13,Southeast River Forecast Center,NC,North Carolina,no_flooding,1.28,ft,-999,kcfs,GSP,Greer
HWEG1,34.88388889,-83.72166667,8/12/2025 10:45 AM,Hiwassee River at Riverside Drive near Hiawassee,Rising,0.02,Lower Mississippi River Forecast Center,GA,Georgia,no_flooding,2.65,ft,0.0503,kcfs,FFC,Peachtree City
LAWV2,36.71666667,-77.83194444,8/12/2025 10:45 AM,Meherrin River near Lawrenceville,Falling,-0.01,Southeast River Forecast Center,VA,Virginia,no_flooding,2.55,ft,0.206,kcfs,AKQ,Wakefield
LSTN7,35.25027778,-80.80833333,8/12/2025 10:45 AM,Little Sugar Creek (NC) below 36th street,Falling,-0.24,Southeast River Forecast Center,NC,North Carolina,no_flooding,2.4,ft,-999,kcfs,GSP,Greer
MVSN7,35.66027778,-79.40222222,8/12/2025 10:45 AM,Deep River at Tick Creek Nr Mount Vernon Springs,No change,0,Southeast River Forecast Center,NC,North Carolina,no_flooding,2.54,ft,-999,kcfs,RAH,Raleigh
PASS1,34.26111111,-81.33194444,8/12/2025 10:45 AM,Broad River in NC/SC at Parr Reservoir,Rising,0.04,Southeast River Forecast Center,SC,South Carolina,no_flooding,263.49,ft,-999,kcfs,CAE,West Columbia
SUGS1,35.00583333,-80.9025,8/12/2025 10:45 AM,Sugar Creek NC near Fort Mill,Falling,-0.05,Southeast River Forecast Center,SC,South Carolina,no_flooding,7.11,ft,0.475,kcfs,GSP,Greer
WSSN7,35.757912,-78.623826,8/12/2025 10:45 AM,Walnut Creek (NC) at S. State St.,Falling,-0.11,Southeast River Forecast Center,NC,North Carolina,no_flooding,3.5,ft,-999,kcfs,RAH,Raleigh
BYBN7,35.141,-76.7651,8/12/2025 10:45 AM,Bay River at Bayboro (in MLLW),Falling,-0.02,Southeast River Forecast Center,NC,North Carolina,no_flooding,0.91,ft,-999,kcfs,MHX,Newport
CCJG1,33.71083333,-83.81111111,8/12/2025 10:45 AM,Cornish Creek at Lower Jersey Road near Covington,No change,0,Southeast River Forecast Center,GA,Georgia,no_flooding,1.12,ft,-999,kcfs,FFC,Peachtree City
CRBN7,35.81111111,-78.61194444,8/12/2025 10:45 AM,Crabtree Creek at Capitol Blvd (US Rt 1),Falling,-0.07,Southeast River Forecast Center,NC,North Carolina,no_flooding,5.48,ft,1.13,kcfs,RAH,Raleigh
CWPN7,35.46388889,-82.9,8/12/2025 10:45 AM,West Fork Pigeon River near Bethel,No change,0,Lower Mississippi River Forecast Center,NC,North Carolina,no_flooding,0.92,ft,0.191,kcfs,GSP,Greer
OKRN7,36.17277778,-79.95333333,8/12/2025 10:45 AM,Reedy Creek at NC2128 Nr Oak Ridge,Rising,0.01,Southeast River Forecast Center,NC,North Carolina,no_flooding,4.19,ft,0.044,kcfs,RAH,Raleigh
PINN7,35.08527778,-80.88222222,8/12/2025 10:45 AM,Little Sugar Creek (NC) at NC51 Pineville,Rising,0.01,Southeast River Forecast Center,NC,North Carolina,no_flooding,2.18,ft,0.0808,kcfs,GSP,Greer
RDCN7,35.25861111,-80.66277778,8/12/2025 10:45 AM,Reedy Creek below I-485 nr Pine Ridge,Falling,-0.1,Southeast River Forecast Center,NC,North Carolina,no_flooding,5.24,ft,0.229,kcfs,GSP,Greer
RGAG1,34.29833333,-85.13805556,8/12/2025 10:45 AM,Oostanaula River near Rome,No change,0,Southeast River Forecast Center,GA,Georgia,no_flooding,5.74,ft,1.47,kcfs,FFC,Peachtree City
VASN7,35.18166667,-79.17777778,8/12/2025 10:45 AM,Flat Creek near Iverness,No change,0,Southeast River Forecast Center,NC,North Carolina,no_flooding,0.81,ft,0.008,kcfs,RAH,Raleigh
CAMN7,35.18666667,-80.73666667,8/12/2025 10:45 AM,Campbell Creek (NC) at Idlewild road,Falling,-0.01,Southeast River Forecast Center,NC,North Carolina,no_flooding,2.13,ft,0.067,kcfs,GSP,Greer
CEPN7,35.46166667,-82.86972222,8/12/2025 10:45 AM,East Fork Pigeon River above Canton,No change,0,Lower Mississippi River Forecast Center,NC,North Carolina,no_flooding,0.72,ft,0.142,kcfs,GSP,Greer
COFN7,35.14583333,-80.92694444,8/12/2025 10:45 AM,Coffee Creek at Highway 49,Falling,-0.01,Southeast River Forecast Center,NC,North Carolina,no_flooding,2.86,ft,0.0104,kcfs,GSP,Greer
DCNG1,34.54083333,-83.62277778,8/12/2025 10:45 AM,Chattahoochee River near Cornelia,Rising,0.01,Southeast River Forecast Center,GA,Georgia,no_flooding,0.72,ft,0.311,kcfs,FFC,Peachtree City
DFIV2,36.711381,-82.795715,8/12/2025 10:45 AM,North Fork Clinch River at Duffield,No change,0,Lower Mississippi River Forecast Center,VA,Virginia,no_flooding,3.31,ft,-999,kcfs,MRX,Morristown
DROV2,36.5784,-79.43138,8/12/2025 10:45 AM,Dan River at Robertson Bridge in Danville,No change,0,Southeast River Forecast Center,VA,Virginia,no_flooding,4.52,ft,-999,kcfs,RNK,Blacksburg
HLSN7,36.07166667,-79.09694444,8/12/2025 10:45 AM,Eno River at Hillsborough,Falling,-0.1,Southeast River Forecast Center,NC,North Carolina,no_flooding,3.18,ft,-999,kcfs,RAH,Raleigh
KETG1,33.6825,-82.85805556,8/12/2025 10:45 AM,Kettle Creek near Washington,Falling,-0.04,Southeast River Forecast Center,GA,Georgia,no_flooding,3.63,ft,0.0308,kcfs,FFC,Peachtree City
NAHN7,35.48888889,-77.80611111,8/12/2025 10:45 AM,Nahunta Swamp near Shine,Falling,-0.02,Southeast River Forecast Center,NC,North Carolina,no_flooding,10.2,ft,0.875,kcfs,MHX,Newport
OBCN7,36.37444444,-75.83444444,8/12/2025 10:45 AM,Currituck Sound near OUTER BANK CENTER FOR WILDLIFE EDUCATION IN COROLLA,Falling,-0.02,Southeast River Forecast Center,NC,North Carolina,no_flooding,0.75,ft,-999,kcfs,AKQ,Wakefield
RMSN7,35.72611111,-79.65555556,8/12/2025 10:45 AM,Deep River at Ramseur,Falling,-0.01,Southeast River Forecast Center,NC,North Carolina,no_flooding,1.83,ft,0.326,kcfs,RAH,Raleigh
SFTN7,35.69361,-78.69222,8/12/2025 10:45 AM,Swift Creek above McCuller's Crossroads,Rising,0.04,Southeast River Forecast Center,NC,North Carolina,no_flooding,2.8,ft,-999,kcfs,RAH,Raleigh
BCLN7,35.17527778,-80.83083333,8/12/2025 10:45 AM,Briar Creek at Colony Road,Rising,0.17,Southeast River Forecast Center,NC,North Carolina,no_flooding,3.08,ft,0.0437,kcfs,GSP,Greer
BRCT1,36.11444444,-83.98833333,8/12/2025 10:45 AM,Bullrun Creek near Halls Crossroads,No change,0,Lower Mississippi River Forecast Center,TN,Tennessee,no_flooding,1.51,ft,-999,kcfs,MRX,Morristown
BRPN7,35.1825,-80.82,8/12/2025 10:45 AM,Briar Creek at Providence road,Rising,0.1,Southeast River Forecast Center,NC,North Carolina,no_flooding,1.95,ft,-999,kcfs,GSP,Greer
BTHN7,36.54055556,-78.8725,8/12/2025 10:45 AM,Mayo Creek at Bethel Hill,Falling,-0.01,Southeast River Forecast Center,NC,North Carolina,no_flooding,2.82,ft,-999,kcfs,RAH,Raleigh
BVDV2,36.631536,-81.790337,8/12/2025 10:45 AM,Beaverdam Creek at Damascus,No change,0,Lower Mississippi River Forecast Center,VA,Virginia,no_flooding,4.03,ft,-999,kcfs,MRX,Morristown
BVRN7,35.17222222,-80.98333333,8/12/2025 10:45 AM,Beaverdam Creek above Windy Gap Rd,No change,0,Southeast River Forecast Center,NC,North Carolina,no_flooding,0.2,ft,-999,kcfs,GSP,Greer
DRIV2,36.5872,-79.38265,8/12/2025 10:45 AM,Dan River at Riverwalk Trail in Danville,Rising,0.01,Southeast River Forecast Center,VA,Virginia,no_flooding,4.37,ft,-999,kcfs,RNK,Blacksburg
GUMN7,34.84916667,-77.51944444,8/12/2025 10:45 AM,New River near Gum Branch,Rising,0.09,Southeast River Forecast Center,NC,North Carolina,no_flooding,4.51,ft,0.168,kcfs,MHX,Newport
LRYN7,35.30055556,-80.97277778,8/12/2025 10:45 AM,Long Creek at Rhyne NC,Falling,-0.02,Southeast River Forecast Center,NC,North Carolina,no_flooding,1.92,ft,0.0173,kcfs,GSP,Greer
LSHN7,35.17916667,-80.84638889,8/12/2025 10:45 AM,Little Sugar Creek (NC) at Hillside Avenue,Falling,-0.24,Southeast River Forecast Center,NC,North Carolina,no_flooding,2.83,ft,-999,kcfs,GSP,Greer
MCLN7,35.33277778,-80.71583333,8/12/2025 10:45 AM,Mallard Creek below Stony Creek nr Harrisburg,No change,0,Southeast River Forecast Center,NC,North Carolina,no_flooding,3.02,ft,0.0147,kcfs,GSP,Greer
NRWN7,35.156944,-80.165556,8/12/2025 10:45 AM,Rocky River NC near Norwood,Falling,-0.04,Southeast River Forecast Center,NC,North Carolina,no_flooding,11.15,ft,7.84,kcfs,RAH,Raleigh
YELG1,33.77277778,-84.05833333,8/12/2025 10:45 AM,Yellow River at GA 124 near Lithonia,Falling,-0.01,Southeast River Forecast Center,GA,Georgia,no_flooding,3.5,ft,0.182,kcfs,FFC,Peachtree City
APHG1,34.05055556,-84.26944444,8/12/2025 10:45 AM,Big Creek near Alpharetta,Falling,-0.03,Southeast River Forecast Center,GA,Georgia,no_flooding,2.24,ft,0.0657,kcfs,FFC,Peachtree City
ARCG1,34.36083333,-85.14027778,8/12/2025 10:45 AM,Armuchee Creek at Old Dalton Road near Rome,No change,0,Southeast River Forecast Center,GA,Georgia,no_flooding,3.94,ft,0.072,kcfs,FFC,Peachtree City
ELIG1,34.6758611,-84.5068333,8/12/2025 10:45 AM,Coosawattee River near Ellijay,Falling,-0.01,Southeast River Forecast Center,GA,Georgia,no_flooding,1.71,ft,0.271,kcfs,FFC,Peachtree City
FCTG1,34.57027778,-84.46888889,8/12/2025 10:45 AM,Fausett Creek near Talking Rock,Rising,0.01,Southeast River Forecast Center,GA,Georgia,no_flooding,1.22,ft,0,kcfs,FFC,Peachtree City
LOGN7,35.40444444,-81.8725,8/12/2025 10:45 AM,Second Broad River near Logan,Falling,-0.08,Southeast River Forecast Center,NC,North Carolina,no_flooding,4.84,ft,0.527,kcfs,GSP,Greer
NRBS1,34.525,-82.13833333,8/12/2025 10:45 AM,North Rabon Creek near Hickory Tavern,Falling,-0.01,Southeast River Forecast Center,SC,South Carolina,no_flooding,6.83,ft,0.262,kcfs,GSP,Greer
NWPT1,35.982812,-83.160088,8/12/2025 10:45 AM,French Broad River near Newport,Rising,0.02,Lower Mississippi River Forecast Center,TN,Tennessee,no_flooding,2.71,ft,1.92,kcfs,MRX,Morristown
ROKN7,35.95416667,-77.7875,8/12/2025 10:45 AM,Tar River at NC97 In Rocky Mount,Rising,0.04,Southeast River Forecast Center,NC,North Carolina,no_flooding,5.12,ft,0.614,kcfs,RAH,Raleigh
TKRG1,34.52277778,-84.61111111,8/12/2025 10:45 AM,Talking Rock Creek near Hinton,Falling,-0.01,Southeast River Forecast Center,GA,Georgia,no_flooding,0.95,ft,0.0404,kcfs,FFC,Peachtree City
TOLS1,34.95653054,-81.1061882,8/12/2025 10:45 AM,Tools Fork Creek near Rock Hill,Falling,-0.02,Southeast River Forecast Center,SC,South Carolina,no_flooding,2.66,ft,0.003,kcfs,GSP,Greer
WODS1,34.68333333,-82.04,8/12/2025 10:45 AM,Enoree River near Woodruff,Falling,-0.05,Southeast River Forecast Center,SC,South Carolina,no_flooding,3.78,ft,0.805,kcfs,GSP,Greer
BRVG1,34.84111111,-83.93611111,8/12/2025 10:45 AM,Nottely River near Blairsville,No change,0,Lower Mississippi River Forecast Center,GA,Georgia,no_flooding,1.66,ft,0.0658,kcfs,FFC,Peachtree City
FTHN7,36.113,-78.859,8/12/2025 10:45 AM,Little River below Tributary at Fairntosh,Falling,-0.02,Southeast River Forecast Center,NC,North Carolina,no_flooding,3.43,ft,-999,kcfs,RAH,Raleigh
MARG1,33.95388889,-84.44333333,8/12/2025 10:45 AM,Sope Creek at Lower Roswell Road near Marietta,Falling,-0.03,Southeast River Forecast Center,GA,Georgia,no_flooding,1.34,ft,0.0253,kcfs,FFC,Peachtree City
SSRS1,35.06333333,-82.65027778,8/12/2025 10:45 AM,South Saluda River near Cleveland,Rising,0.03,Southeast River Forecast Center,SC,South Carolina,no_flooding,2.7,ft,0.053,kcfs,GSP,Greer
TNTN7,35.06416667,-77.46138889,8/12/2025 10:45 AM,Trent River  West of Trenton,Falling,-0.07,Southeast River Forecast Center,NC,North Carolina,no_flooding,9.35,ft,0.641,kcfs,MHX,Newport
VIXG1,33.86805556,-84.45388889,8/12/2025 10:45 AM,Chattahoochee River at US 41 at Atlanta,Falling,-0.07,Southeast River Forecast Center,GA,Georgia,no_flooding,5.14,ft,-999,kcfs,FFC,Peachtree City
VSTV2,36.65,-81.85,8/12/2025 10:45 AM,South Fork Holston River near Damascus,No change,0,Lower Mississippi River Forecast Center,VA,Virginia,no_flooding,2.69,ft,0.115,kcfs,MRX,Morristown
WLOG1,34.00277778,-84.39444444,8/12/2025 10:45 AM,Willeo Creek at GA 120 near Roswell,No change,0,Southeast River Forecast Center,GA,Georgia,no_flooding,1.11,ft,0.0132,kcfs,FFC,Peachtree City
BURG1,34.97444444,-83.11611111,8/12/2025 10:45 AM,Chattooga River at Burrells Ford,No change,0,Southeast River Forecast Center,GA,Georgia,no_flooding,1.34,ft,-999,kcfs,GSP,Greer
DGAG1,34.52805556,-83.93972222,8/12/2025 10:45 AM,Chestatee River near Dahlonega,Rising,0.01,Southeast River Forecast Center,GA,Georgia,no_flooding,1.09,ft,0.148,kcfs,FFC,Peachtree City
PELS1,34.85638889,-82.22638889,8/12/2025 10:45 AM,Enoree River at Pelham,Falling,-0.04,Southeast River Forecast Center,SC,South Carolina,no_flooding,4.72,ft,0.214,kcfs,GSP,Greer
TRTG1,34.89027778,-83.53055556,8/12/2025 10:45 AM,Tallulah River above Plum Orchard Rd 6 NW Tiger,Rising,0.03,Southeast River Forecast Center,GA,Georgia,no_flooding,2.2,ft,0.115,kcfs,GSP,Greer
CRKG1,33.965,-84.265,8/12/2025 10:45 AM,Crooked Creek near Norcross,No change,0,Southeast River Forecast Center,GA,Georgia,no_flooding,3.72,ft,0.0082,kcfs,FFC,Peachtree City
DLYT1,35.7912,-83.5356,8/12/2025 10:45 AM,Middle Creek at Pigeon Forge (Dollywood),No change,0,Lower Mississippi River Forecast Center,TN,Tennessee,no_flooding,0.58,ft,-999,kcfs,MRX,Morristown
DVLV2,36.5625,-79.37,8/12/2025 10:45 AM,Dan River at STP near Danville,No change,0,Southeast River Forecast Center,VA,Virginia,no_flooding,5.31,ft,1.17,kcfs,RNK,Blacksburg
FKNV2,36.7625,-76.89861111,8/12/2025 10:45 AM,Blackwater River (VA) above Franklin,No change,0,Southeast River Forecast Center,VA,Virginia,no_flooding,3.8,ft,0.215,kcfs,AKQ,Wakefield
HRMN7,35.63222222,-79.06083333,8/12/2025 10:45 AM,Haw River near Moncure,Rising,0.03,Southeast River Forecast Center,NC,North Carolina,no_flooding,7.51,ft,-999,kcfs,RAH,Raleigh
MGCN7,35.89333333,-79.01944444,8/12/2025 10:45 AM,Morgan Creek near Chapel Hill,Falling,-0.01,Southeast River Forecast Center,NC,North Carolina,no_flooding,5.42,ft,-999,kcfs,RAH,Raleigh
MGNN7,35.92361111,-79.11555556,8/12/2025 10:45 AM,Morgan Creek near White Cross,Falling,-0.01,Southeast River Forecast Center,NC,North Carolina,no_flooding,2.55,ft,-999,kcfs,RAH,Raleigh
NEBN7,35.79472222,-81.89,8/12/2025 10:45 AM,Linville River near Nebo,No change,0,Southeast River Forecast Center,NC,North Carolina,no_flooding,2.59,ft,0.577,kcfs,GSP,Greer
NEDN7,35.91527778,-78.89333333,8/12/2025 10:45 AM,Northeast Creek (NC) at SS1182 near Lowes Grove,Rising,0.01,Southeast River Forecast Center,NC,North Carolina,no_flooding,2.42,ft,-999,kcfs,RAH,Raleigh
NMRV2,36.56805556,-79.98722222,8/12/2025 10:45 AM,North Mayo River near Spencer,No change,0,Southeast River Forecast Center,VA,Virginia,no_flooding,1.54,ft,0.0652,kcfs,RNK,Blacksburg
SNDN7,36.080329,-75.79005,8/12/2025 10:45 AM,Currituck Sound at Currituck Sound at NC 158,Rising,0.01,Southeast River Forecast Center,NC,North Carolina,no_flooding,0.69,ft,-999,kcfs,AKQ,Wakefield
VING1,33.85888889,-84.45416667,8/12/2025 10:45 AM,Chattahoochee River at Atlanta,Falling,-0.11,Southeast River Forecast Center,GA,Georgia,no_flooding,3.8,ft,1.91,kcfs,FFC,Peachtree City
WENN7,36.4125,-79.82611111,8/12/2025 10:45 AM,Dan River near Wentworth,No change,0,Southeast River Forecast Center,NC,North Carolina,no_flooding,1.78,ft,0.388,kcfs,RNK,Blacksburg
WFCT1,35.0622,-85.0664,8/12/2025 10:45 AM,Wolftever Creek near Ooltewah,Rising,0.01,Lower Mississippi River Forecast Center,TN,Tennessee,no_flooding,2.22,ft,0.0034,kcfs,MRX,Morristown
YLOG1,33.73361111,-84.06194444,8/12/2025 10:45 AM,Yellow River at Pleasant Hill Road near Lithonia,Rising,0.01,Southeast River Forecast Center,GA,Georgia,no_flooding,1.96,ft,0.215,kcfs,FFC,Peachtree City
BMAN7,36.1825,-78.87833333,8/12/2025 10:45 AM,Flat River at Bahama,Falling,-0.03,Southeast River Forecast Center,NC,North Carolina,no_flooding,1.83,ft,0.071,kcfs,RAH,Raleigh
BSHN7,34.75027778,-79.38666667,8/12/2025 10:45 AM,Big Shoe Heel Creek near Laurinburg,Rising,0.01,Southeast River Forecast Center,NC,North Carolina,no_flooding,3.33,ft,-999,kcfs,RAH,Raleigh
ECTG1,34.22508333,-84.4691667,8/12/2025 10:45 AM,Etowah River  Downstream I-575 at Canton,Rising,0.01,Southeast River Forecast Center,GA,Georgia,no_flooding,2.58,ft,0.48,kcfs,FFC,Peachtree City
LOUN7,36.09305556,-78.29611111,8/12/2025 10:45 AM,Tar River at Louisburg,Rising,0.5,Southeast River Forecast Center,NC,North Carolina,no_flooding,14.12,ft,2.77,kcfs,RAH,Raleigh
MCHS1,34.94444444,-80.97972222,8/12/2025 10:45 AM,Manchester Creek near Rock Hill,Falling,-0.21,Southeast River Forecast Center,SC,South Carolina,no_flooding,6.94,ft,0.609,kcfs,GSP,Greer
NEUN7,35.94,-78.57555556,8/12/2025 10:45 AM,Neuse River above Neuse River Below Falls Dam,Rising,0.01,Southeast River Forecast Center,NC,North Carolina,no_flooding,3.2,ft,2.3,kcfs,RAH,Raleigh
NTLV2,36.57083333,-80.12972222,8/12/2025 10:45 AM,South Mayo River near Nettleridge,Rising,0.01,Southeast River Forecast Center,VA,Virginia,no_flooding,3.56,ft,0.0641,kcfs,RNK,Blacksburg
PATN7,35.99083333,-81.55833333,8/12/2025 10:45 AM,Yadkin River at Patterson,Falling,-0.01,Southeast River Forecast Center,NC,North Carolina,no_flooding,1.39,ft,0.059,kcfs,GSP,Greer
PLGN7,35.68583333,-82.06027778,8/12/2025 10:45 AM,Catawba River near Pleasant Gardens,Falling,-0.04,Southeast River Forecast Center,NC,North Carolina,no_flooding,2.4,ft,0.373,kcfs,GSP,Greer
PRIN7,36.53388889,-79.99138889,8/12/2025 10:45 AM,Mayo River near Price,Rising,0.01,Southeast River Forecast Center,NC,North Carolina,no_flooding,1.3,ft,0.147,kcfs,RNK,Blacksburg
SCRN7,35.98333333,-78.95666667,8/12/2025 10:45 AM,Sandy Creek (NC) at Cornwallis Rd,Falling,-0.03,Southeast River Forecast Center,NC,North Carolina,no_flooding,2.27,ft,-999,kcfs,RAH,Raleigh
SOBG1,33.6796111,-84.3079444,8/12/2025 10:45 AM,South River at Bouldercrest Road at Atlanta,No change,0,Southeast River Forecast Center,GA,Georgia,no_flooding,2.54,ft,0.0011,kcfs,FFC,Peachtree City
SOCG1,33.77333333,-84.07722222,8/12/2025 10:45 AM,Stone Mountain Creek at GA 124 near Lithonia,No change,0,Southeast River Forecast Center,GA,Georgia,no_flooding,3.78,ft,-999,kcfs,FFC,Peachtree City
SOCS1,33.68694444,-79.005,8/12/2025 10:45 AM,Atlantic Intracoastal Waterway above Aiw At Hwy 544 At Socastee,Falling,-0.16,Southeast River Forecast Center,SC,South Carolina,no_flooding,13.12,ft,-999,kcfs,ILM,Wilmington
ZUNV2,36.90638889,-76.82027778,8/12/2025 10:45 AM,Blackwater River (VA) near ZUNI,No change,0,Southeast River Forecast Center,VA,Virginia,no_flooding,17.34,ft,0.173,kcfs,AKQ,Wakefield
BYBN7,35.141,-76.7651,8/12/2025 10:45 AM,Bay River at Bayboro (in MLLW),Falling,-0.02,Southeast River Forecast Center,NC,North Carolina,no_flooding,0.91,ft,-999,kcfs,MHX,Newport
CCJG1,33.71083333,-83.81111111,8/12/2025 10:45 AM,Cornish Creek at Lower Jersey Road near Covington,No change,0,Southeast River Forecast Center,GA,Georgia,no_flooding,1.12,ft,-999,kcfs,FFC,Peachtree City
CNDG1,34.87194444,-84.72138889,8/12/2025 10:45 AM,Mill Creek near Crandall,Falling,-0.01,Southeast River Forecast Center,GA,Georgia,no_flooding,1.48,ft,0.0057,kcfs,FFC,Peachtree City
RGAG1,34.29833333,-85.13805556,8/12/2025 10:45 AM,Oostanaula River near Rome,No change,0,Southeast River Forecast Center,GA,Georgia,no_flooding,5.74,ft,1.47,kcfs,FFC,Peachtree City
VASN7,35.18166667,-79.17777778,8/12/2025 10:45 AM,Flat Creek near Iverness,No change,0,Southeast River Forecast Center,NC,North Carolina,no_flooding,0.81,ft,0.008,kcfs,RAH,Raleigh
BKCG1,33.83527778,-84.25694444,8/12/2025 10:45 AM,Burnt Fork Creek at Montreal Road near Tucker,No change,0,Southeast River Forecast Center,GA,Georgia,no_flooding,0.13,ft,-999,kcfs,FFC,Peachtree City
GLVN7,35.76028,-78.92028,8/12/2025 10:45 AM,White Oak Creek at Green Level,Falling,-0.3,Southeast River Forecast Center,NC,North Carolina,no_flooding,5.09,ft,-999,kcfs,RAH,Raleigh
HAWN7,36.087,-79.366,8/12/2025 10:45 AM,Haw River at Haw River,Falling,-0.01,Southeast River Forecast Center,NC,North Carolina,no_flooding,2.92,ft,0.402,kcfs,RAH,Raleigh
LANG1,34.40908333,-84.0198056,8/12/2025 10:45 AM,Etowah River at GA 136 near Landrum,Rising,0.01,Southeast River Forecast Center,GA,Georgia,no_flooding,1.85,ft,0.0903,kcfs,FFC,Peachtree City
MONN7,35.62722222,-79.11611111,8/12/2025 10:45 AM,Deep River near Moncure,Rising,0.02,Southeast River Forecast Center,NC,North Carolina,no_flooding,3.1,ft,1.75,kcfs,RAH,Raleigh
PCEV2,36.64222222,-79.08972222,8/12/2025 10:45 AM,Dan River at Paces,No change,0,Southeast River Forecast Center,VA,Virginia,no_flooding,3.35,ft,1.31,kcfs,RNK,Blacksburg
SMWV2,36.77833333,-80.24944444,8/12/2025 10:45 AM,Smith River at Smith River Church near Woolwine,No change,0,Southeast River Forecast Center,VA,Virginia,no_flooding,2.33,ft,0.017,kcfs,RNK,Blacksburg
WLCK2,36.868889,-85.146667,8/12/2025 10:45 AM,Cumberland River at Lake Cumberland,No change,0,Ohio River Forecast Center,KY,Kentucky,no_flooding,709.35,ft,-999,kcfs,LMK,Louisville
BWKG1,33.78805556,-83.47416667,8/12/2025 10:45 AM,Apalachee River near Bostwick,No change,0,Southeast River Forecast Center,GA,Georgia,no_flooding,2.25,ft,0.244,kcfs,FFC,Peachtree City
BYNN7,35.76528,-79.13583,8/12/2025 10:45 AM,Haw River near Bynum,Rising,0.17,Southeast River Forecast Center,NC,North Carolina,no_flooding,4.64,ft,1.14,kcfs,RAH,Raleigh
CARG1,34.07333333,-83.00333333,8/12/2025 10:45 AM,Broad River in GA above Carlton,Falling,-0.01,Southeast River Forecast Center,GA,Georgia,no_flooding,2.3,ft,0.57,kcfs,FFC,Peachtree City
CHCG1,34.74333333,-84.88055556,8/12/2025 10:45 AM,Coahulla Creek at Keiths Mill Road near Dalton,Falling,-0.01,Southeast River Forecast Center,GA,Georgia,no_flooding,7.71,ft,0.0701,kcfs,FFC,Peachtree City
NOBG1,33.77777778,-84.03777778,8/12/2025 10:45 AM,No Business Creek at Lee Road near Snellville,No change,0,Southeast River Forecast Center,GA,Georgia,no_flooding,3.05,ft,0.0258,kcfs,FFC,Peachtree City
THYS1,35.06083333,-81.71472222,8/12/2025 10:45 AM,Thicketty Creek near Gaffney,Falling,-0.01,Southeast River Forecast Center,SC,South Carolina,no_flooding,3.44,ft,0.0294,kcfs,GSP,Greer
WCAN7,35.898888,-81.715919,8/12/2025 10:45 AM,Wilson Creek (NC) at Adako Rd 3 SW Collettsville,Rising,0.02,Southeast River Forecast Center,NC,North Carolina,no_flooding,4.24,ft,-999,kcfs,GSP,Greer
BAHN7,36.14861111,-78.82861111,8/12/2025 10:45 AM,Flat River below Lake Mitchie,Falling,-0.02,Southeast River Forecast Center,NC,North Carolina,no_flooding,2.16,ft,0.193,kcfs,RAH,Raleigh
CPFN7,34.40444444,-78.29361111,8/12/2025 10:45 AM,Cape Fear River at Lock 1,Falling,-0.02,Southeast River Forecast Center,NC,North Carolina,no_flooding,19.23,ft,12.7,kcfs,ILM,Wilmington
HWEG1,34.88388889,-83.72166667,8/12/2025 10:45 AM,Hiwassee River at Riverside Drive near Hiawassee,Rising,0.02,Lower Mississippi River Forecast Center,GA,Georgia,no_flooding,2.65,ft,0.0503,kcfs,FFC,Peachtree City
LAWV2,36.71666667,-77.83194444,8/12/2025 10:45 AM,Meherrin River near Lawrenceville,Falling,-0.01,Southeast River Forecast Center,VA,Virginia,no_flooding,2.55,ft,0.206,kcfs,AKQ,Wakefield
MKNV2,36.90111111,-77.67361111,8/12/2025 10:45 AM,Nottoway River near MCKENNEY,No change,0,Southeast River Forecast Center,VA,Virginia,no_flooding,0.55,ft,0.084,kcfs,AKQ,Wakefield
MSRS1,35.12,-82.53777778,8/12/2025 10:45 AM,Middle Saluda river near Cleveland,Rising,0.03,Southeast River Forecast Center,SC,South Carolina,no_flooding,2.28,ft,-999,kcfs,GSP,Greer
MTLS1,34.94,-82.12361111,8/12/2025 10:45 AM,Middle Tyger River near Lyman,Rising,0.01,Southeast River Forecast Center,SC,South Carolina,no_flooding,2.35,ft,0.0952,kcfs,GSP,Greer
MVSN7,35.66027778,-79.40222222,8/12/2025 10:45 AM,Deep River at Tick Creek Nr Mount Vernon Springs,No change,0,Southeast River Forecast Center,NC,North Carolina,no_flooding,2.54,ft,-999,kcfs,RAH,Raleigh
NATG1,33.81777778,-84.65,8/12/2025 10:45 AM,Sweetwater Creek near Northwest Austell,Rising,0.01,Southeast River Forecast Center,GA,Georgia,no_flooding,5.46,ft,0.0572,kcfs,FFC,Peachtree City
NHPN7,35.65444444,-79.06833333,8/12/2025 10:45 AM,Haw River at Jordan Lake,Falling,-0.01,Southeast River Forecast Center,NC,North Carolina,no_flooding,217.67,ft,-999,kcfs,RAH,Raleigh
OLYG1,33.83616667,-84.63144444,8/12/2025 10:45 AM,Olley Creek at Clay Road near Austell,Falling,-0.01,Southeast River Forecast Center,GA,Georgia,no_flooding,2.64,ft,0.0262,kcfs,FFC,Peachtree City
PASS1,34.26111111,-81.33194444,8/12/2025 10:45 AM,Broad River in NC/SC at Parr Reservoir,Rising,0.04,Southeast River Forecast Center,SC,South Carolina,no_flooding,263.49,ft,-999,kcfs,CAE,West Columbia
PDSG1,33.82722222,-84.7198611,8/12/2025 10:45 AM,Sweetwater Creek at Brownsville Road near Powder Springs,Rising,0.01,Southeast River Forecast Center,GA,Georgia,no_flooding,3.12,ft,0.0215,kcfs,FFC,Peachtree City
SUGS1,35.00583333,-80.9025,8/12/2025 10:45 AM,Sugar Creek NC near Fort Mill,Falling,-0.05,Southeast River Forecast Center,SC,South Carolina,no_flooding,7.11,ft,0.475,kcfs,GSP,Greer
CTBN7,35.6684,-77.9088,8/12/2025 10:45 AM,Contentnea Creek near Black Creek,Falling,-0.06,Southeast River Forecast Center,NC,North Carolina,action,11.93,ft,-999,kcfs,RAH,Raleigh
DCNG1,34.54083333,-83.62277778,8/12/2025 10:45 AM,Chattahoochee River near Cornelia,Rising,0.01,Southeast River Forecast Center,GA,Georgia,no_flooding,0.72,ft,0.311,kcfs,FFC,Peachtree City
HLSN7,36.07166667,-79.09694444,8/12/2025 10:45 AM,Eno River at Hillsborough,Falling,-0.1,Southeast River Forecast Center,NC,North Carolina,no_flooding,3.18,ft,-999,kcfs,RAH,Raleigh
KETG1,33.6825,-82.85805556,8/12/2025 10:45 AM,Kettle Creek near Washington,Falling,-0.04,Southeast River Forecast Center,GA,Georgia,no_flooding,3.63,ft,0.0308,kcfs,FFC,Peachtree City
NAHN7,35.48888889,-77.80611111,8/12/2025 10:45 AM,Nahunta Swamp near Shine,Falling,-0.02,Southeast River Forecast Center,NC,North Carolina,no_flooding,10.2,ft,0.875,kcfs,MHX,Newport
OBCN7,36.37444444,-75.83444444,8/12/2025 10:45 AM,Currituck Sound near OUTER BANK CENTER FOR WILDLIFE EDUCATION IN COROLLA,Falling,-0.02,Southeast River Forecast Center,NC,North Carolina,no_flooding,0.75,ft,-999,kcfs,AKQ,Wakefield
RMSN7,35.72611111,-79.65555556,8/12/2025 10:45 AM,Deep River at Ramseur,Falling,-0.01,Southeast River Forecast Center,NC,North Carolina,no_flooding,1.83,ft,0.326,kcfs,RAH,Raleigh
SFTN7,35.69361,-78.69222,8/12/2025 10:45 AM,Swift Creek above McCuller's Crossroads,Rising,0.04,Southeast River Forecast Center,NC,North Carolina,no_flooding,2.8,ft,-999,kcfs,RAH,Raleigh
ALCG1,33.91694444,-83.88805556,8/12/2025 10:45 AM,Alcovy River at New Hope Road near Grayson,Falling,-0.01,Southeast River Forecast Center,GA,Georgia,no_flooding,2.57,ft,0.0344,kcfs,FFC,Peachtree City
AUSG1,33.77638889,-84.61555556,8/12/2025 10:45 AM,Sweetwater Creek near Austell,Rising,0.03,Southeast River Forecast Center,GA,Georgia,no_flooding,1.38,ft,0.118,kcfs,FFC,Peachtree City
CHPS1,34.16888889,-81.90833333,8/12/2025 10:45 AM,Saluda River at Lake Greenwood Dam,No change,0,Southeast River Forecast Center,SC,South Carolina,no_flooding,439.13,ft,-999,kcfs,CAE,West Columbia
COWS1,35.0475,-81.85583333,8/12/2025 10:45 AM,Pacolet River above Cowpens,Falling,-0.09,Southeast River Forecast Center,SC,South Carolina,no_flooding,4.84,ft,1.31,kcfs,GSP,Greer
JNSV2,36.66194444,-83.095,8/12/2025 10:45 AM,Powell River near Jonesville,No change,0,Lower Mississippi River Forecast Center,VA,Virginia,no_flooding,1.91,ft,0.2,kcfs,MRX,Morristown
LUMN7,34.62,-79.01083333,8/12/2025 10:45 AM,Lumber River at Lumberton West 5th Street,Rising,0.01,Southeast River Forecast Center,NC,North Carolina,no_flooding,9.58,ft,0.491,kcfs,ILM,Wilmington
MLHG1,33.71111111,-83.91444444,8/12/2025 10:45 AM,Little Haynes Creek at Dial Mill Road near Milstead,Rising,0.01,Southeast River Forecast Center,GA,Georgia,no_flooding,3.6,ft,0.011,kcfs,FFC,Peachtree City
POWG1,33.85916667,-84.6883611,8/12/2025 10:45 AM,Powder Springs Creek near Powder Springs,No change,0,Southeast River Forecast Center,GA,Georgia,no_flooding,1.68,ft,0.0122,kcfs,FFC,Peachtree City
RNDV2,36.915,-78.74111111,8/12/2025 10:45 AM,Roanoke River at Randolph,Falling,-0.05,Southeast River Forecast Center,VA,Virginia,no_flooding,5.99,ft,1.13,kcfs,RNK,Blacksburg
SMMV2,36.66111111,-79.88083333,8/12/2025 10:45 AM,Smith River at Martinsville,No change,0,Southeast River Forecast Center,VA,Virginia,no_flooding,2.24,ft,0.306,kcfs,RNK,Blacksburg
BRCT1,36.11444444,-83.98833333,8/12/2025 10:45 AM,Bullrun Creek near Halls Crossroads,No change,0,Lower Mississippi River Forecast Center,TN,Tennessee,no_flooding,1.51,ft,-999,kcfs,MRX,Morristown
BTHN7,36.54055556,-78.8725,8/12/2025 10:45 AM,Mayo Creek at Bethel Hill,Falling,-0.01,Southeast River Forecast Center,NC,North Carolina,no_flooding,2.82,ft,-999,kcfs,RAH,Raleigh
EKVN7,36.071389,-81.403056,8/12/2025 10:45 AM,Elk Creek (NC) at Elkville,Falling,-0.05,Southeast River Forecast Center,NC,North Carolina,no_flooding,1.19,ft,0.0806,kcfs,RNK,Blacksburg
GSLS1,34.84234,-82.480681,8/12/2025 10:45 AM,"Saluda River above Old Easley Hwy (SC 124), 5 WSW Greenville",No change,0,Southeast River Forecast Center,SC,South Carolina,no_flooding,3.27,ft,0.484,kcfs,GSP,Greer
GUMN7,34.84916667,-77.51944444,8/12/2025 10:45 AM,New River near Gum Branch,Rising,0.09,Southeast River Forecast Center,NC,North Carolina,no_flooding,4.51,ft,0.168,kcfs,MHX,Newport
NUDN7,35.94111111,-78.58333333,8/12/2025 10:45 AM,Neuse River at Falls Lake,No change,0,Southeast River Forecast Center,NC,North Carolina,no_flooding,253.7,ft,-999,kcfs,RAH,Raleigh
YELG1,33.77277778,-84.05833333,8/12/2025 10:45 AM,Yellow River at GA 124 near Lithonia,Falling,-0.01,Southeast River Forecast Center,GA,Georgia,no_flooding,3.5,ft,0.182,kcfs,FFC,Peachtree City
BRCT1,36.11444444,-83.98833333,8/12/2025 10:45 AM,Bullrun Creek near Halls Crossroads,No change,0,Lower Mississippi River Forecast Center,TN,Tennessee,no_flooding,1.51,ft,-999,kcfs,MRX,Morristown
BTHN7,36.54055556,-78.8725,8/12/2025 10:45 AM,Mayo Creek at Bethel Hill,Falling,-0.01,Southeast River Forecast Center,NC,North Carolina,no_flooding,2.82,ft,-999,kcfs,RAH,Raleigh
EKVN7,36.071389,-81.403056,8/12/2025 10:45 AM,Elk Creek (NC) at Elkville,Falling,-0.05,Southeast River Forecast Center,NC,North Carolina,no_flooding,1.19,ft,0.0806,kcfs,RNK,Blacksburg
GSLS1,34.84234,-82.480681,8/12/2025 10:45 AM,"Saluda River above Old Easley Hwy (SC 124), 5 WSW Greenville",No change,0,Southeast River Forecast Center,SC,South Carolina,no_flooding,3.27,ft,0.484,kcfs,GSP,Greer
GUMN7,34.84916667,-77.51944444,8/12/2025 10:45 AM,New River near Gum Branch,Rising,0.09,Southeast River Forecast Center,NC,North Carolina,no_flooding,4.51,ft,0.168,kcfs,MHX,Newport
YELG1,33.77277778,-84.05833333,8/12/2025 10:45 AM,Yellow River at GA 124 near Lithonia,Falling,-0.01,Southeast River Forecast Center,GA,Georgia,no_flooding,3.5,ft,0.182,kcfs,FFC,Peachtree City
BWKG1,33.78805556,-83.47416667,8/12/2025 10:45 AM,Apalachee River near Bostwick,No change,0,Southeast River Forecast Center,GA,Georgia,no_flooding,2.25,ft,0.244,kcfs,FFC,Peachtree City
BYNN7,35.76528,-79.13583,8/12/2025 10:45 AM,Haw River near Bynum,Rising,0.17,Southeast River Forecast Center,NC,North Carolina,no_flooding,4.64,ft,1.14,kcfs,RAH,Raleigh
CARG1,34.07333333,-83.00333333,8/12/2025 10:45 AM,Broad River in GA above Carlton,Falling,-0.01,Southeast River Forecast Center,GA,Georgia,no_flooding,2.3,ft,0.57,kcfs,FFC,Peachtree City
CHCG1,34.74333333,-84.88055556,8/12/2025 10:45 AM,Coahulla Creek at Keiths Mill Road near Dalton,Falling,-0.01,Southeast River Forecast Center,GA,Georgia,no_flooding,7.71,ft,0.0701,kcfs,FFC,Peachtree City
NOBG1,33.77777778,-84.03777778,8/12/2025 10:45 AM,No Business Creek at Lee Road near Snellville,No change,0,Southeast River Forecast Center,GA,Georgia,no_flooding,3.05,ft,0.0258,kcfs,FFC,Peachtree City
THYS1,35.06083333,-81.71472222,8/12/2025 10:45 AM,Thicketty Creek near Gaffney,Falling,-0.01,Southeast River Forecast Center,SC,South Carolina,no_flooding,3.44,ft,0.0294,kcfs,GSP,Greer
WCAN7,35.898888,-81.715919,8/12/2025 10:45 AM,Wilson Creek (NC) at Adako Rd 3 SW Collettsville,Rising,0.02,Southeast River Forecast Center,NC,North Carolina,no_flooding,4.24,ft,-999,kcfs,GSP,Greer
CRKG1,33.965,-84.265,8/12/2025 10:45 AM,Crooked Creek near Norcross,No change,0,Southeast River Forecast Center,GA,Georgia,no_flooding,3.72,ft,0.0082,kcfs,FFC,Peachtree City
DLYT1,35.7912,-83.5356,8/12/2025 10:45 AM,Middle Creek at Pigeon Forge (Dollywood),No change,0,Lower Mississippi River Forecast Center,TN,Tennessee,no_flooding,0.58,ft,-999,kcfs,MRX,Morristown
DVLV2,36.5625,-79.37,8/12/2025 10:45 AM,Dan River at STP near Danville,No change,0,Southeast River Forecast Center,VA,Virginia,no_flooding,5.31,ft,1.17,kcfs,RNK,Blacksburg
FKNV2,36.7625,-76.89861111,8/12/2025 10:45 AM,Blackwater River (VA) above Franklin,No change,0,Southeast River Forecast Center,VA,Virginia,no_flooding,3.8,ft,0.215,kcfs,AKQ,Wakefield
HRMN7,35.63222222,-79.06083333,8/12/2025 10:45 AM,Haw River near Moncure,Rising,0.03,Southeast River Forecast Center,NC,North Carolina,no_flooding,7.51,ft,-999,kcfs,RAH,Raleigh
MGCN7,35.89333333,-79.01944444,8/12/2025 10:45 AM,Morgan Creek near Chapel Hill,Falling,-0.01,Southeast River Forecast Center,NC,North Carolina,no_flooding,5.42,ft,-999,kcfs,RAH,Raleigh
MGNN7,35.92361111,-79.11555556,8/12/2025 10:45 AM,Morgan Creek near White Cross,Falling,-0.01,Southeast River Forecast Center,NC,North Carolina,no_flooding,2.55,ft,-999,kcfs,RAH,Raleigh
NEBN7,35.79472222,-81.89,8/12/2025 10:45 AM,Linville River near Nebo,No change,0,Southeast River Forecast Center,NC,North Carolina,no_flooding,2.59,ft,0.577,kcfs,GSP,Greer
NEDN7,35.91527778,-78.89333333,8/12/2025 10:45 AM,Northeast Creek (NC) at SS1182 near Lowes Grove,Rising,0.01,Southeast River Forecast Center,NC,North Carolina,no_flooding,2.42,ft,-999,kcfs,RAH,Raleigh
NMRV2,36.56805556,-79.98722222,8/12/2025 10:45 AM,North Mayo River near Spencer,No change,0,Southeast River Forecast Center,VA,Virginia,no_flooding,1.54,ft,0.0652,kcfs,RNK,Blacksburg
SNDN7,36.080329,-75.79005,8/12/2025 10:45 AM,Currituck Sound at Currituck Sound at NC 158,Rising,0.01,Southeast River Forecast Center,NC,North Carolina,no_flooding,0.69,ft,-999,kcfs,AKQ,Wakefield
VING1,33.85888889,-84.45416667,8/12/2025 10:45 AM,Chattahoochee River at Atlanta,Falling,-0.11,Southeast River Forecast Center,GA,Georgia,no_flooding,3.8,ft,1.91,kcfs,FFC,Peachtree City
WENN7,36.4125,-79.82611111,8/12/2025 10:45 AM,Dan River near Wentworth,No change,0,Southeast River Forecast Center,NC,North Carolina,no_flooding,1.78,ft,0.388,kcfs,RNK,Blacksburg
WFCT1,35.0622,-85.0664,8/12/2025 10:45 AM,Wolftever Creek near Ooltewah,Rising,0.01,Lower Mississippi River Forecast Center,TN,Tennessee,no_flooding,2.22,ft,0.0034,kcfs,MRX,Morristown
YLOG1,33.73361111,-84.06194444,8/12/2025 10:45 AM,Yellow River at Pleasant Hill Road near Lithonia,Rising,0.01,Southeast River Forecast Center,GA,Georgia,no_flooding,1.96,ft,0.215,kcfs,FFC,Peachtree City
BYBN7,35.141,-76.7651,8/12/2025 10:45 AM,Bay River at Bayboro (in MLLW),Falling,-0.02,Southeast River Forecast Center,NC,North Carolina,no_flooding,0.91,ft,-999,kcfs,MHX,Newport
CCJG1,33.71083333,-83.81111111,8/12/2025 10:45 AM,Cornish Creek at Lower Jersey Road near Covington,No change,0,Southeast River Forecast Center,GA,Georgia,no_flooding,1.12,ft,-999,kcfs,FFC,Peachtree City
CNDG1,34.87194444,-84.72138889,8/12/2025 10:45 AM,Mill Creek near Crandall,Falling,-0.01,Southeast River Forecast Center,GA,Georgia,no_flooding,1.48,ft,0.0057,kcfs,FFC,Peachtree City
RGAG1,34.29833333,-85.13805556,8/12/2025 10:45 AM,Oostanaula River near Rome,No change,0,Southeast River Forecast Center,GA,Georgia,no_flooding,5.74,ft,1.47,kcfs,FFC,Peachtree City
VASN7,35.18166667,-79.17777778,8/12/2025 10:45 AM,Flat Creek near Iverness,No change,0,Southeast River Forecast Center,NC,North Carolina,no_flooding,0.81,ft,0.008,kcfs,RAH,Raleigh
CANN7,35.98694444,-79.20638889,8/12/2025 10:45 AM,Cane Creek near Carrboro,Falling,-0.08,Southeast River Forecast Center,NC,North Carolina,no_flooding,1.78,ft,-999,kcfs,RAH,Raleigh
CTBN7,35.6684,-77.9088,8/12/2025 10:45 AM,Contentnea Creek near Black Creek,Falling,-0.06,Southeast River Forecast Center,NC,North Carolina,action,11.93,ft,-999,kcfs,RAH,Raleigh
DCNG1,34.54083333,-83.62277778,8/12/2025 10:45 AM,Chattahoochee River near Cornelia,Rising,0.01,Southeast River Forecast Center,GA,Georgia,no_flooding,0.72,ft,0.311,kcfs,FFC,Peachtree City
HLSN7,36.07166667,-79.09694444,8/12/2025 10:45 AM,Eno River at Hillsborough,Falling,-0.1,Southeast River Forecast Center,NC,North Carolina,no_flooding,3.18,ft,-999,kcfs,RAH,Raleigh
KETG1,33.6825,-82.85805556,8/12/2025 10:45 AM,Kettle Creek near Washington,Falling,-0.04,Southeast River Forecast Center,GA,Georgia,no_flooding,3.63,ft,0.0308,kcfs,FFC,Peachtree City
NAHN7,35.48888889,-77.80611111,8/12/2025 10:45 AM,Nahunta Swamp near Shine,Falling,-0.02,Southeast River Forecast Center,NC,North Carolina,no_flooding,10.2,ft,0.875,kcfs,MHX,Newport
NHCN7,35.88472222,-78.96611111,8/12/2025 10:45 AM,New Hope Creek near Blands,Rising,0.31,Southeast River Forecast Center,NC,North Carolina,no_flooding,7.67,ft,-999,kcfs,RAH,Raleigh
OBCN7,36.37444444,-75.83444444,8/12/2025 10:45 AM,Currituck Sound near OUTER BANK CENTER FOR WILDLIFE EDUCATION IN COROLLA,Falling,-0.02,Southeast River Forecast Center,NC,North Carolina,no_flooding,0.75,ft,-999,kcfs,AKQ,Wakefield
RMSN7,35.72611111,-79.65555556,8/12/2025 10:45 AM,Deep River at Ramseur,Falling,-0.01,Southeast River Forecast Center,NC,North Carolina,no_flooding,1.83,ft,0.326,kcfs,RAH,Raleigh
SFTN7,35.69361,-78.69222,8/12/2025 10:45 AM,Swift Creek above McCuller's Crossroads,Rising,0.04,Southeast River Forecast Center,NC,North Carolina,no_flooding,2.8,ft,-999,kcfs,RAH,Raleigh
APHG1,34.05055556,-84.26944444,8/12/2025 10:45 AM,Big Creek near Alpharetta,Falling,-0.03,Southeast River Forecast Center,GA,Georgia,no_flooding,2.24,ft,0.0657,kcfs,FFC,Peachtree City
ARCG1,34.36083333,-85.14027778,8/12/2025 10:45 AM,Armuchee Creek at Old Dalton Road near Rome,No change,0,Southeast River Forecast Center,GA,Georgia,no_flooding,3.94,ft,0.072,kcfs,FFC,Peachtree City
ELIG1,34.6758611,-84.5068333,8/12/2025 10:45 AM,Coosawattee River near Ellijay,Falling,-0.01,Southeast River Forecast Center,GA,Georgia,no_flooding,1.71,ft,0.271,kcfs,FFC,Peachtree City
FCTG1,34.57027778,-84.46888889,8/12/2025 10:45 AM,Fausett Creek near Talking Rock,Rising,0.01,Southeast River Forecast Center,GA,Georgia,no_flooding,1.22,ft,0,kcfs,FFC,Peachtree City
LOGN7,35.40444444,-81.8725,8/12/2025 10:45 AM,Second Broad River near Logan,Falling,-0.08,Southeast River Forecast Center,NC,North Carolina,no_flooding,4.84,ft,0.527,kcfs,GSP,Greer
NRBS1,34.525,-82.13833333,8/12/2025 10:45 AM,North Rabon Creek near Hickory Tavern,Falling,-0.01,Southeast River Forecast Center,SC,South Carolina,no_flooding,6.83,ft,0.262,kcfs,GSP,Greer
NWPT1,35.982812,-83.160088,8/12/2025 10:45 AM,French Broad River near Newport,Rising,0.02,Lower Mississippi River Forecast Center,TN,Tennessee,no_flooding,2.71,ft,1.92,kcfs,MRX,Morristown
ROKN7,35.95416667,-77.7875,8/12/2025 10:45 AM,Tar River at NC97 In Rocky Mount,Rising,0.04,Southeast River Forecast Center,NC,North Carolina,no_flooding,5.12,ft,0.614,kcfs,RAH,Raleigh
TKRG1,34.52277778,-84.61111111,8/12/2025 10:45 AM,Talking Rock Creek near Hinton,Falling,-0.01,Southeast River Forecast Center,GA,Georgia,no_flooding,0.95,ft,0.0404,kcfs,FFC,Peachtree City
TOLS1,34.95653054,-81.1061882,8/12/2025 10:45 AM,Tools Fork Creek near Rock Hill,Falling,-0.02,Southeast River Forecast Center,SC,South Carolina,no_flooding,2.66,ft,0.003,kcfs,GSP,Greer
WODS1,34.68333333,-82.04,8/12/2025 10:45 AM,Enoree River near Woodruff,Falling,-0.05,Southeast River Forecast Center,SC,South Carolina,no_flooding,3.78,ft,0.805,kcfs,GSP,Greer
BRVG1,34.84111111,-83.93611111,8/12/2025 10:45 AM,Nottely River near Blairsville,No change,0,Lower Mississippi River Forecast Center,GA,Georgia,no_flooding,1.66,ft,0.0658,kcfs,FFC,Peachtree City
FTHN7,36.113,-78.859,8/12/2025 10:45 AM,Little River below Tributary at Fairntosh,Falling,-0.02,Southeast River Forecast Center,NC,North Carolina,no_flooding,3.43,ft,-999,kcfs,RAH,Raleigh
MARG1,33.95388889,-84.44333333,8/12/2025 10:45 AM,Sope Creek at Lower Roswell Road near Marietta,Falling,-0.03,Southeast River Forecast Center,GA,Georgia,no_flooding,1.34,ft,0.0253,kcfs,FFC,Peachtree City
SSRS1,35.06333333,-82.65027778,8/12/2025 10:45 AM,South Saluda River near Cleveland,Rising,0.03,Southeast River Forecast Center,SC,South Carolina,no_flooding,2.7,ft,0.053,kcfs,GSP,Greer
TNTN7,35.06416667,-77.46138889,8/12/2025 10:45 AM,Trent River  West of Trenton,Falling,-0.07,Southeast River Forecast Center,NC,North Carolina,no_flooding,9.35,ft,0.641,kcfs,MHX,Newport
VIXG1,33.86805556,-84.45388889,8/12/2025 10:45 AM,Chattahoochee River at US 41 at Atlanta,Falling,-0.07,Southeast River Forecast Center,GA,Georgia,no_flooding,5.14,ft,-999,kcfs,FFC,Peachtree City
VSTV2,36.65,-81.85,8/12/2025 10:45 AM,South Fork Holston River near Damascus,No change,0,Lower Mississippi River Forecast Center,VA,Virginia,no_flooding,2.69,ft,0.115,kcfs,MRX,Morristown
WLOG1,34.00277778,-84.39444444,8/12/2025 10:45 AM,Willeo Creek at GA 120 near Roswell,No change,0,Southeast River Forecast Center,GA,Georgia,no_flooding,1.11,ft,0.0132,kcfs,FFC,Peachtree City
BKCG1,33.83527778,-84.25694444,8/12/2025 10:45 AM,Burnt Fork Creek at Montreal Road near Tucker,No change,0,Southeast River Forecast Center,GA,Georgia,no_flooding,0.13,ft,-999,kcfs,FFC,Peachtree City
GLVN7,35.76028,-78.92028,8/12/2025 10:45 AM,White Oak Creek at Green Level,Falling,-0.3,Southeast River Forecast Center,NC,North Carolina,no_flooding,5.09,ft,-999,kcfs,RAH,Raleigh
HAWN7,36.087,-79.366,8/12/2025 10:45 AM,Haw River at Haw River,Falling,-0.01,Southeast River Forecast Center,NC,North Carolina,no_flooding,2.92,ft,0.402,kcfs,RAH,Raleigh
LANG1,34.40908333,-84.0198056,8/12/2025 10:45 AM,Etowah River at GA 136 near Landrum,Rising,0.01,Southeast River Forecast Center,GA,Georgia,no_flooding,1.85,ft,0.0903,kcfs,FFC,Peachtree City
NECN7,35.87222222,-78.91361111,8/12/2025 10:45 AM,Northeast Creek (NC) near Genlee,Falling,-0.12,Southeast River Forecast Center,NC,North Carolina,no_flooding,5.49,ft,-999,kcfs,RAH,Raleigh
PCEV2,36.64222222,-79.08972222,8/12/2025 10:45 AM,Dan River at Paces,No change,0,Southeast River Forecast Center,VA,Virginia,no_flooding,3.35,ft,1.31,kcfs,RNK,Blacksburg
SMWV2,36.77833333,-80.24944444,8/12/2025 10:45 AM,Smith River at Smith River Church near Woolwine,No change,0,Southeast River Forecast Center,VA,Virginia,no_flooding,2.33,ft,0.017,kcfs,RNK,Blacksburg
WLCK2,36.868889,-85.146667,8/12/2025 10:45 AM,Cumberland River at Lake Cumberland,No change,0,Ohio River Forecast Center,KY,Kentucky,no_flooding,709.35,ft,-999,kcfs,LMK,Louisville
BURG1,34.97444444,-83.11611111,8/12/2025 10:45 AM,Chattooga River at Burrells Ford,No change,0,Southeast River Forecast Center,GA,Georgia,no_flooding,1.34,ft,-999,kcfs,GSP,Greer
DGAG1,34.52805556,-83.93972222,8/12/2025 10:45 AM,Chestatee River near Dahlonega,Rising,0.01,Southeast River Forecast Center,GA,Georgia,no_flooding,1.09,ft,0.148,kcfs,FFC,Peachtree City
PELS1,34.85638889,-82.22638889,8/12/2025 10:45 AM,Enoree River at Pelham,Falling,-0.04,Southeast River Forecast Center,SC,South Carolina,no_flooding,4.72,ft,0.214,kcfs,GSP,Greer
TRTG1,34.89027778,-83.53055556,8/12/2025 10:45 AM,Tallulah River above Plum Orchard Rd 6 NW Tiger,Rising,0.03,Southeast River Forecast Center,GA,Georgia,no_flooding,2.2,ft,0.115,kcfs,GSP,Greer
BAHN7,36.14861111,-78.82861111,8/12/2025 10:45 AM,Flat River below Lake Mitchie,Falling,-0.02,Southeast River Forecast Center,NC,North Carolina,no_flooding,2.16,ft,0.193,kcfs,RAH,Raleigh
CPFN7,34.40444444,-78.29361111,8/12/2025 10:45 AM,Cape Fear River at Lock 1,Falling,-0.02,Southeast River Forecast Center,NC,North Carolina,no_flooding,19.23,ft,12.7,kcfs,ILM,Wilmington
HWEG1,34.88388889,-83.72166667,8/12/2025 10:45 AM,Hiwassee River at Riverside Drive near Hiawassee,Rising,0.02,Lower Mississippi River Forecast Center,GA,Georgia,no_flooding,2.65,ft,0.0503,kcfs,FFC,Peachtree City
LAWV2,36.71666667,-77.83194444,8/12/2025 10:45 AM,Meherrin River near Lawrenceville,Falling,-0.01,Southeast River Forecast Center,VA,Virginia,no_flooding,2.55,ft,0.206,kcfs,AKQ,Wakefield
MKNV2,36.90111111,-77.67361111,8/12/2025 10:45 AM,Nottoway River near MCKENNEY,No change,0,Southeast River Forecast Center,VA,Virginia,no_flooding,0.55,ft,0.084,kcfs,AKQ,Wakefield
MSRS1,35.12,-82.53777778,8/12/2025 10:45 AM,Middle Saluda river near Cleveland,Rising,0.03,Southeast River Forecast Center,SC,South Carolina,no_flooding,2.28,ft,-999,kcfs,GSP,Greer
MTLS1,34.94,-82.12361111,8/12/2025 10:45 AM,Middle Tyger River near Lyman,Rising,0.01,Southeast River Forecast Center,SC,South Carolina,no_flooding,2.35,ft,0.0952,kcfs,GSP,Greer
MVSN7,35.66027778,-79.40222222,8/12/2025 10:45 AM,Deep River at Tick Creek Nr Mount Vernon Springs,No change,0,Southeast River Forecast Center,NC,North Carolina,no_flooding,2.54,ft,-999,kcfs,RAH,Raleigh
NATG1,33.81777778,-84.65,8/12/2025 10:45 AM,Sweetwater Creek near Northwest Austell,Rising,0.01,Southeast River Forecast Center,GA,Georgia,no_flooding,5.46,ft,0.0572,kcfs,FFC,Peachtree City
OLYG1,33.83616667,-84.63144444,8/12/2025 10:45 AM,Olley Creek at Clay Road near Austell,Falling,-0.01,Southeast River Forecast Center,GA,Georgia,no_flooding,2.64,ft,0.0262,kcfs,FFC,Peachtree City
PASS1,34.26111111,-81.33194444,8/12/2025 10:45 AM,Broad River in NC/SC at Parr Reservoir,Rising,0.04,Southeast River Forecast Center,SC,South Carolina,no_flooding,263.49,ft,-999,kcfs,CAE,West Columbia
PDSG1,33.82722222,-84.7198611,8/12/2025 10:45 AM,Sweetwater Creek at Brownsville Road near Powder Springs,Rising,0.01,Southeast River Forecast Center,GA,Georgia,no_flooding,3.12,ft,0.0215,kcfs,FFC,Peachtree City
SUGS1,35.00583333,-80.9025,8/12/2025 10:45 AM,Sugar Creek NC near Fort Mill,Falling,-0.05,Southeast River Forecast Center,SC,South Carolina,no_flooding,7.11,ft,0.475,kcfs,GSP,Greer
BMAN7,36.1825,-78.87833333,8/12/2025 10:45 AM,Flat River at Bahama,Falling,-0.03,Southeast River Forecast Center,NC,North Carolina,no_flooding,1.83,ft,0.071,kcfs,RAH,Raleigh
BSHN7,34.75027778,-79.38666667,8/12/2025 10:45 AM,Big Shoe Heel Creek near Laurinburg,Rising,0.01,Southeast River Forecast Center,NC,North Carolina,no_flooding,3.33,ft,-999,kcfs,RAH,Raleigh
ECTG1,34.22508333,-84.4691667,8/12/2025 10:45 AM,Etowah River  Downstream I-575 at Canton,Rising,0.01,Southeast River Forecast Center,GA,Georgia,no_flooding,2.58,ft,0.48,kcfs,FFC,Peachtree City
LOUN7,36.09305556,-78.29611111,8/12/2025 10:45 AM,Tar River at Louisburg,Rising,0.5,Southeast River Forecast Center,NC,North Carolina,no_flooding,14.12,ft,2.77,kcfs,RAH,Raleigh
MCHS1,34.94444444,-80.97972222,8/12/2025 10:45 AM,Manchester Creek near Rock Hill,Falling,-0.21,Southeast River Forecast Center,SC,South Carolina,no_flooding,6.94,ft,0.609,kcfs,GSP,Greer
NTLV2,36.57083333,-80.12972222,8/12/2025 10:45 AM,South Mayo River near Nettleridge,Rising,0.01,Southeast River Forecast Center,VA,Virginia,no_flooding,3.56,ft,0.0641,kcfs,RNK,Blacksburg
PATN7,35.99083333,-81.55833333,8/12/2025 10:45 AM,Yadkin River at Patterson,Falling,-0.01,Southeast River Forecast Center,NC,North Carolina,no_flooding,1.39,ft,0.059,kcfs,GSP,Greer
PLGN7,35.68583333,-82.06027778,8/12/2025 10:45 AM,Catawba River near Pleasant Gardens,Falling,-0.04,Southeast River Forecast Center,NC,North Carolina,no_flooding,2.4,ft,0.373,kcfs,GSP,Greer
PRIN7,36.53388889,-79.99138889,8/12/2025 10:45 AM,Mayo River near Price,Rising,0.01,Southeast River Forecast Center,NC,North Carolina,no_flooding,1.3,ft,0.147,kcfs,RNK,Blacksburg
SCRN7,35.98333333,-78.95666667,8/12/2025 10:45 AM,Sandy Creek (NC) at Cornwallis Rd,Falling,-0.03,Southeast River Forecast Center,NC,North Carolina,no_flooding,2.27,ft,-999,kcfs,RAH,Raleigh
SOBG1,33.6796111,-84.3079444,8/12/2025 10:45 AM,South River at Bouldercrest Road at Atlanta,No change,0,Southeast River Forecast Center,GA,Georgia,no_flooding,2.54,ft,0.0011,kcfs,FFC,Peachtree City
SOCG1,33.77333333,-84.07722222,8/12/2025 10:45 AM,Stone Mountain Creek at GA 124 near Lithonia,No change,0,Southeast River Forecast Center,GA,Georgia,no_flooding,3.78,ft,-999,kcfs,FFC,Peachtree City
SOCS1,33.68694444,-79.005,8/12/2025 10:45 AM,Atlantic Intracoastal Waterway above Aiw At Hwy 544 At Socastee,Falling,-0.16,Southeast River Forecast Center,SC,South Carolina,no_flooding,13.12,ft,-999,kcfs,ILM,Wilmington
ZUNV2,36.90638889,-76.82027778,8/12/2025 10:45 AM,Blackwater River (VA) near ZUNI,No change,0,Southeast River Forecast Center,VA,Virginia,no_flooding,17.34,ft,0.173,kcfs,AKQ,Wakefield
ALCG1,33.91694444,-83.88805556,8/12/2025 10:45 AM,Alcovy River at New Hope Road near Grayson,Falling,-0.01,Southeast River Forecast Center,GA,Georgia,no_flooding,2.57,ft,0.0344,kcfs,FFC,Peachtree City
AUSG1,33.77638889,-84.61555556,8/12/2025 10:45 AM,Sweetwater Creek near Austell,Rising,0.03,Southeast River Forecast Center,GA,Georgia,no_flooding,1.38,ft,0.118,kcfs,FFC,Peachtree City
CHPS1,34.16888889,-81.90833333,8/12/2025 10:45 AM,Saluda River at Lake Greenwood Dam,No change,0,Southeast River Forecast Center,SC,South Carolina,no_flooding,439.13,ft,-999,kcfs,CAE,West Columbia
COWS1,35.0475,-81.85583333,8/12/2025 10:45 AM,Pacolet River above Cowpens,Falling,-0.09,Southeast River Forecast Center,SC,South Carolina,no_flooding,4.84,ft,1.31,kcfs,GSP,Greer
JNSV2,36.66194444,-83.095,8/12/2025 10:45 AM,Powell River near Jonesville,No change,0,Lower Mississippi River Forecast Center,VA,Virginia,no_flooding,1.91,ft,0.2,kcfs,MRX,Morristown
LUMN7,34.62,-79.01083333,8/12/2025 10:45 AM,Lumber River at Lumberton West 5th Street,Rising,0.01,Southeast River Forecast Center,NC,North Carolina,no_flooding,9.58,ft,0.491,kcfs,ILM,Wilmington
MLHG1,33.71111111,-83.91444444,8/12/2025 10:45 AM,Little Haynes Creek at Dial Mill Road near Milstead,Rising,0.01,Southeast River Forecast Center,GA,Georgia,no_flooding,3.6,ft,0.011,kcfs,FFC,Peachtree City
POWG1,33.85916667,-84.6883611,8/12/2025 10:45 AM,Powder Springs Creek near Powder Springs,No change,0,Southeast River Forecast Center,GA,Georgia,no_flooding,1.68,ft,0.0122,kcfs,FFC,Peachtree City
RNDV2,36.915,-78.74111111,8/12/2025 10:45 AM,Roanoke River at Randolph,Falling,-0.05,Southeast River Forecast Center,VA,Virginia,no_flooding,5.99,ft,1.13,kcfs,RNK,Blacksburg
SMMV2,36.66111111,-79.88083333,8/12/2025 10:45 AM,Smith River at Martinsville,No change,0,Southeast River Forecast Center,VA,Virginia,no_flooding,2.24,ft,0.306,kcfs,RNK,Blacksburg
EMRN7,35.21944444,-83.37055556,8/12/2025 10:47 AM,Little Tennessee River at Lake Emory Dam,No change,0,Lower Mississippi River Forecast Center,NC,North Carolina,no_flooding,99.57,ft,-999,kcfs,GSP,Greer
GNLS1,34.84944444,-82.40972222,8/12/2025 10:48 AM,Reedy River at Hudson St.,Falling,-0.01,Southeast River Forecast Center,SC,South Carolina,no_flooding,1.65,ft,-999,kcfs,GSP,Greer
WLON7,34.22666667,-77.95333333,8/12/2025 10:48 AM,Cape Fear River at Wilmington (IN MLLW),Falling,-0.05,Southeast River Forecast Center,NC,North Carolina,no_flooding,0.26,ft,-999,kcfs,ILM,Wilmington
GNLS1,34.84944444,-82.40972222,8/12/2025 10:48 AM,Reedy River at Hudson St.,Falling,-0.01,Southeast River Forecast Center,SC,South Carolina,no_flooding,1.65,ft,-999,kcfs,GSP,Greer
RCLN7,34.907,-77.539,8/12/2025 10:50 AM,Mill Swamp at Richlands,Rising,0.01,Southeast River Forecast Center,NC,North Carolina,no_flooding,4.67,ft,-999,kcfs,MHX,Newport
RMLN7,35.910822,-75.669072,8/12/2025 10:50 AM,Shallowbag Bay at Manteo (in MLLW),Rising,0.03,Southeast River Forecast Center,NC,North Carolina,no_flooding,0.67,ft,-999,kcfs,MHX,Newport
BEUN7,34.9368,-77.8596,8/12/2025 10:50 AM,N.E. Cape Fear River near Beulaville,Falling,-0.01,Southeast River Forecast Center,NC,North Carolina,no_flooding,14.71,ft,-999,kcfs,MHX,Newport
AYDN7,35.4565,-77.4854,8/12/2025 10:50 AM,Little Contentnea Creek near Ayden,Rising,0.01,Southeast River Forecast Center,NC,North Carolina,no_flooding,11.6,ft,-999,kcfs,MHX,Newport
CDPN7,35.78512,-78.77405,8/12/2025 10:50 AM,Walnut Creek (NC) at Downstream Side of E Park,Falling,-0.01,Southeast River Forecast Center,NC,North Carolina,no_flooding,1.21,ft,-999,kcfs,RAH,Raleigh
ARLN7,36.510885,-80.592032,8/12/2025 10:50 AM,Ararat River at Mt Airy,No change,0,Southeast River Forecast Center,NC,North Carolina,no_flooding,12.93,ft,-999,kcfs,RNK,Blacksburg
BRMN7,35.7811,-78.77716,8/12/2025 10:50 AM,Walnut Creek (NC) at Byrum St in Cary,No change,0,Southeast River Forecast Center,NC,North Carolina,no_flooding,0.98,ft,-999,kcfs,RAH,Raleigh
BVKN7,35.72995,-78.894812,8/12/2025 10:50 AM,Beaver Creek (NC) at Kelly Rd,Falling,-0.01,Southeast River Forecast Center,NC,North Carolina,no_flooding,1.92,ft,-999,kcfs,RAH,Raleigh
BVCN7,35.0738,-78.9767,8/12/2025 10:50 AM,Beaver Creek (NC) at Morganton Rd,No change,0,Southeast River Forecast Center,NC,North Carolina,no_flooding,9.01,ft,-999,kcfs,RAH,Raleigh
SHPN7,35.5066,-77.7259,8/12/2025 10:50 AM,Contentnea Creek at Sheppard Ferry,No change,0,Southeast River Forecast Center,NC,North Carolina,no_flooding,15.8,ft,-999,kcfs,MHX,Newport
SLGN7,36.4532,-76.0692,8/12/2025 10:50 AM,Currituck Sound near Buckskin Creek at NC 168 near Sligo,Rising,0.02,Southeast River Forecast Center,NC,North Carolina,no_flooding,0.75,ft,-999,kcfs,AKQ,Wakefield
RFCN7,34.7405,-77.9814,8/12/2025 10:50 AM,Little Rockfish Creek at Wallace,Rising,0.02,Southeast River Forecast Center,NC,North Carolina,no_flooding,1.5,ft,-999,kcfs,MHX,Newport
BERN7,35.1028,-77.0366,8/12/2025 10:50 AM,Trent River at New Bern (in MLLW),Rising,0.01,Southeast River Forecast Center,NC,North Carolina,no_flooding,1,ft,-999,kcfs,MHX,Newport
ELZN7,34.62666667,-78.57833333,8/12/2025 10:50 AM,Cape Fear River at Elizabethtown,Rising,0.01,Southeast River Forecast Center,NC,North Carolina,no_flooding,17.28,ft,10.5,kcfs,ILM,Wilmington
SFBN7,36.2764,-81.5521,8/12/2025 10:50 AM,South Fork New River at SR 1100 near Brownwood,Falling,-0.02,Ohio River Forecast Center,NC,North Carolina,no_flooding,4.08,ft,-999,kcfs,RNK,Blacksburg
SPBN7,35.5546,-77.75134,8/12/2025 10:50 AM,Contentnea Creek at Speights Bridge,Rising,0.03,Southeast River Forecast Center,NC,North Carolina,no_flooding,13.88,ft,-999,kcfs,MHX,Newport
BIPN7,35.43518,-76.3998,8/12/2025 10:50 AM,Pamlico Sound at Bell Island Pier (in MLLW),No change,0,Southeast River Forecast Center,NC,North Carolina,no_flooding,1.04,ft,-999,kcfs,MHX,Newport
RBDN7,35.0693,-77.1346,8/12/2025 10:50 AM,Trent River near River Bend (in MLLW),Rising,0.09,Southeast River Forecast Center,NC,North Carolina,no_flooding,1.17,ft,-999,kcfs,MHX,Newport
CRMN7,35.707513,-82.032933,8/12/2025 10:50 AM,Catawba River at N Main St (US 221 Business) 2 NW Marion,Falling,-0.01,Southeast River Forecast Center,NC,North Carolina,no_flooding,13.4,ft,-999,kcfs,GSP,Greer
SNHN7,35.4568,-77.67,8/12/2025 10:50 AM,Contentnea Creek at Snow Hill,Rising,0.05,Southeast River Forecast Center,NC,North Carolina,no_flooding,13.85,ft,-999,kcfs,MHX,Newport
STNN7,35.5861,-77.8115,8/12/2025 10:50 AM,Contentnea Creek near Stantonsburg,Falling,-0.01,Southeast River Forecast Center,NC,North Carolina,no_flooding,13.82,ft,-999,kcfs,MHX,Newport
VAAN7,35.2969,-77.1491,8/12/2025 10:50 AM,Swift Creek at Vanceboro,Rising,0.04,Southeast River Forecast Center,NC,North Carolina,no_flooding,5.7,ft,-999,kcfs,MHX,Newport
AYDN7,35.4565,-77.4854,8/12/2025 10:50 AM,Little Contentnea Creek near Ayden,Rising,0.01,Southeast River Forecast Center,NC,North Carolina,no_flooding,11.6,ft,-999,kcfs,MHX,Newport
CDPN7,35.78512,-78.77405,8/12/2025 10:50 AM,Walnut Creek (NC) at Downstream Side of E Park,Falling,-0.01,Southeast River Forecast Center,NC,North Carolina,no_flooding,1.21,ft,-999,kcfs,RAH,Raleigh
BVCN7,35.0738,-78.9767,8/12/2025 10:50 AM,Beaver Creek (NC) at Morganton Rd,No change,0,Southeast River Forecast Center,NC,North Carolina,no_flooding,9.01,ft,-999,kcfs,RAH,Raleigh
HJBT1,35.71361111,-83.5125,8/12/2025 10:50 AM,West Prong Little Pigeon River at Gatlinburg (Aquarium Bridge),Rising,0.03,Lower Mississippi River Forecast Center,TN,Tennessee,no_flooding,1.06,ft,-999,kcfs,MRX,Morristown
LHMN7,34.9722,-78.9453,8/12/2025 10:50 AM,Little Rockfish Creek at Lakeview Rd near Hope Mills,No change,0,Southeast River Forecast Center,NC,North Carolina,no_flooding,3.15,ft,-999,kcfs,RAH,Raleigh
SHPN7,35.5066,-77.7259,8/12/2025 10:50 AM,Contentnea Creek at Sheppard Ferry,No change,0,Southeast River Forecast Center,NC,North Carolina,no_flooding,15.8,ft,-999,kcfs,MHX,Newport
LBRN7,34.63361111,-79.03777778,8/12/2025 10:50 AM,Lumber River at Lumberton,Rising,0.01,Southeast River Forecast Center,NC,North Carolina,no_flooding,9.92,ft,-999,kcfs,ILM,Wilmington
LCSN7,34.7695,-79.4493,8/12/2025 10:50 AM,Leith Creek above East Church St,No change,0,Southeast River Forecast Center,NC,North Carolina,no_flooding,5.21,ft,-999,kcfs,RAH,Raleigh
MCWN7,36.141417,-81.175987,8/12/2025 10:50 AM,Moravian Creek at Wilkesboro,No change,0,Arkansas-Red Basin RFC,NC,North Carolina,no_flooding,8.32,ft,-999,kcfs,RNK,Blacksburg
NPRN7,34.9356,-79.7641,8/12/2025 10:50 AM,North Prong Falling Creek at Rockingham Rd,Falling,-0.01,Southeast River Forecast Center,NC,North Carolina,no_flooding,1.74,ft,-999,kcfs,RAH,Raleigh
BERN7,35.1028,-77.0366,8/12/2025 10:50 AM,Trent River at New Bern (in MLLW),Rising,0.01,Southeast River Forecast Center,NC,North Carolina,no_flooding,1,ft,-999,kcfs,MHX,Newport
KITN7,36.06071,-75.699941,8/12/2025 10:50 AM,Albemarle Sound at Kitty Hawk (in MLLW),No change,0,Southeast River Forecast Center,NC,North Carolina,no_flooding,0.77,ft,-999,kcfs,MHX,Newport
HWBN7,36.136069,-79.426323,8/12/2025 10:50 AM,Haw River at NC-62,No change,0,Southeast River Forecast Center,NC,North Carolina,no_flooding,2.18,ft,-999,kcfs,RAH,Raleigh
MCFN7,36.0475,-80.3665,8/12/2025 10:50 AM,Muddy Creek (NC) above Muddy Creek at I-40 nr Clemmons,Falling,-0.05,Southeast River Forecast Center,NC,North Carolina,no_flooding,3.41,ft,-999,kcfs,RAH,Raleigh
RCLN7,34.907,-77.539,8/12/2025 10:50 AM,Mill Swamp at Richlands,Rising,0.01,Southeast River Forecast Center,NC,North Carolina,no_flooding,4.67,ft,-999,kcfs,MHX,Newport
ELZN7,34.62666667,-78.57833333,8/12/2025 10:50 AM,Cape Fear River at Elizabethtown,Rising,0.01,Southeast River Forecast Center,NC,North Carolina,no_flooding,17.28,ft,10.5,kcfs,ILM,Wilmington
LRTN7,35.263952,-79.359036,8/12/2025 10:50 AM,Little River (NC) at Niagara Carthage Rd,Rising,0.02,Southeast River Forecast Center,NC,North Carolina,no_flooding,3.99,ft,-999,kcfs,RAH,Raleigh
MDRN7,36.1186,-80.3498,8/12/2025 10:50 AM,Muddy Creek (NC) at Robinhood Rd,Falling,-0.02,Southeast River Forecast Center,NC,North Carolina,no_flooding,2.83,ft,-999,kcfs,RAH,Raleigh
RYAN7,36.03111,-79.79611,8/12/2025 10:50 AM,Ryan Creek below US220 at Greensboro,No change,0,Southeast River Forecast Center,NC,North Carolina,no_flooding,1.17,ft,0.0263,kcfs,RAH,Raleigh
BIPN7,35.43518,-76.3998,8/12/2025 10:50 AM,Pamlico Sound at Bell Island Pier (in MLLW),No change,0,Southeast River Forecast Center,NC,North Carolina,no_flooding,1.04,ft,-999,kcfs,MHX,Newport
RBDN7,35.0693,-77.1346,8/12/2025 10:50 AM,Trent River near River Bend (in MLLW),Rising,0.09,Southeast River Forecast Center,NC,North Carolina,no_flooding,1.17,ft,-999,kcfs,MHX,Newport
BEUN7,34.9368,-77.8596,8/12/2025 10:50 AM,N.E. Cape Fear River near Beulaville,Falling,-0.01,Southeast River Forecast Center,NC,North Carolina,no_flooding,14.71,ft,-999,kcfs,MHX,Newport
GVLN7,35.6005,-77.3682,8/12/2025 10:50 AM,Green Mill Run at 14th St in Greenville,Falling,-0.01,Southeast River Forecast Center,NC,North Carolina,no_flooding,1.37,ft,-999,kcfs,MHX,Newport
NSPN7,35.916764,-78.97066,8/12/2025 10:50 AM,New Hope Creek at NC-54,Rising,0.03,Southeast River Forecast Center,NC,North Carolina,no_flooding,7.72,ft,-999,kcfs,RAH,Raleigh
TFMN7,35.9511,-78.9269,8/12/2025 10:50 AM,Third Fork Creek at ML King Pkwy in Durham,Falling,-0.05,Southeast River Forecast Center,NC,North Carolina,no_flooding,1.19,ft,-999,kcfs,RAH,Raleigh
CRMN7,35.707513,-82.032933,8/12/2025 10:50 AM,Catawba River at N Main St (US 221 Business) 2 NW Marion,Falling,-0.01,Southeast River Forecast Center,NC,North Carolina,no_flooding,13.4,ft,-999,kcfs,GSP,Greer
PKCN7,35.6443,-77.3456,8/12/2025 10:50 AM,Parker Creek above Greenville,No change,0,Southeast River Forecast Center,NC,North Carolina,no_flooding,5.63,ft,-999,kcfs,MHX,Newport
WAWN7,35.756939,-78.64067,8/12/2025 10:50 AM,Walnut Creek (NC) at S. Wilmington St.,Falling,-0.05,Southeast River Forecast Center,NC,North Carolina,no_flooding,2.31,ft,0.161,kcfs,RAH,Raleigh
MLLN7,35.1773,-77.0539,8/12/2025 10:50 AM,Mills Branch above Bridgeton,No change,0,Southeast River Forecast Center,NC,North Carolina,no_flooding,7.05,ft,-999,kcfs,MHX,Newport
ARLN7,36.510885,-80.592032,8/12/2025 10:50 AM,Ararat River at Mt Airy,No change,0,Southeast River Forecast Center,NC,North Carolina,no_flooding,12.93,ft,-999,kcfs,RNK,Blacksburg
JMLN7,35.657,-77.4076,8/12/2025 10:50 AM,Johnsons Mill Run near Greenville,No change,0,Southeast River Forecast Center,NC,North Carolina,no_flooding,6.16,ft,-999,kcfs,MHX,Newport
NSFN7,36.220754,-81.640069,8/12/2025 10:50 AM,South Fork New River at US Hwy 221,No change,0,Arkansas-Red Basin RFC,NC,North Carolina,no_flooding,6.9,ft,-999,kcfs,RNK,Blacksburg
BRMN7,35.7811,-78.77716,8/12/2025 10:50 AM,Walnut Creek (NC) at Byrum St in Cary,No change,0,Southeast River Forecast Center,NC,North Carolina,no_flooding,0.98,ft,-999,kcfs,RAH,Raleigh
BVKN7,35.72995,-78.894812,8/12/2025 10:50 AM,Beaver Creek (NC) at Kelly Rd,Falling,-0.01,Southeast River Forecast Center,NC,North Carolina,no_flooding,1.92,ft,-999,kcfs,RAH,Raleigh
CCBN7,35.0644,-78.8905,8/12/2025 10:50 AM,Cross Creek NC at Blue Street at Fayetteville,Falling,-0.02,Southeast River Forecast Center,NC,North Carolina,no_flooding,5.1,ft,-999,kcfs,RAH,Raleigh
ENON7,36.07222222,-78.90777778,8/12/2025 10:50 AM,Eno River at Durham,Falling,-0.12,Southeast River Forecast Center,NC,North Carolina,no_flooding,5.16,ft,1.14,kcfs,RAH,Raleigh
LCRN7,35.98222222,-78.82444444,8/12/2025 10:50 AM,Little Lick Creek at Oak Grove,Falling,-0.01,Southeast River Forecast Center,NC,North Carolina,no_flooding,1.73,ft,-999,kcfs,RAH,Raleigh
SHPN7,35.5066,-77.7259,8/12/2025 10:50 AM,Contentnea Creek at Sheppard Ferry,No change,0,Southeast River Forecast Center,NC,North Carolina,no_flooding,15.8,ft,-999,kcfs,MHX,Newport
APSN7,35.71861111,-78.7525,8/12/2025 10:50 AM,Swift Creek near Apex,Falling,-0.07,Southeast River Forecast Center,NC,North Carolina,no_flooding,3.15,ft,-999,kcfs,RAH,Raleigh
CKCN7,35.41416667,-80.75194444,8/12/2025 10:50 AM,Clarke Creek NC near HARRISBURG,Falling,-0.01,Southeast River Forecast Center,NC,North Carolina,no_flooding,4.16,ft,0.103,kcfs,GSP,Greer
BKJN7,35.77295,-78.7369528,8/12/2025 10:50 AM,Walnut Creek (NC) at Buck Jones Road,No change,0,Southeast River Forecast Center,NC,North Carolina,no_flooding,1.39,ft,0.01,kcfs,RAH,Raleigh
NBWN7,36.07916667,-79.81333333,8/12/2025 10:50 AM,North Buffalo Creek at Westover Terrace,Falling,-0.01,Southeast River Forecast Center,NC,North Carolina,no_flooding,0.86,ft,-999,kcfs,RAH,Raleigh
NBUN7,36.09777778,-79.78194444,8/12/2025 10:50 AM,North Buffalo Creek at Church St in Greensboro,Falling,-0.01,Southeast River Forecast Center,NC,North Carolina,no_flooding,2.64,ft,0.0302,kcfs,RAH,Raleigh
HBSN7,36.05916667,-78.97805556,8/12/2025 10:50 AM,Eno River near Huckleberry Springs,Falling,-0.05,Southeast River Forecast Center,NC,North Carolina,no_flooding,4.5,ft,-999,kcfs,RAH,Raleigh
SHPN7,35.5066,-77.7259,8/12/2025 10:50 AM,Contentnea Creek at Sheppard Ferry,No change,0,Southeast River Forecast Center,NC,North Carolina,no_flooding,15.8,ft,-999,kcfs,MHX,Newport
SALV2,36.89666667,-81.74638889,8/12/2025 10:55 AM,North Fork Holston River at Saltville,No change,0,Lower Mississippi River Forecast Center,VA,Virginia,no_flooding,0.82,ft,0.0653,kcfs,RNK,Blacksburg
SMFV2,36.80722222,-81.62222222,8/12/2025 10:55 AM,Middle Fork Holston River at Seven Mile Ford,No change,0,Lower Mississippi River Forecast Center,VA,Virginia,no_flooding,1.26,ft,0.0608,kcfs,RNK,Blacksburg
RDVT1,35.8169,-83.5904,8/12/2025 10:55 AM,West Prong Little Pigeon River 3NW Pigeon Forge (River Divide),Rising,0.01,Lower Mississippi River Forecast Center,TN,Tennessee,no_flooding,3.11,ft,-999,kcfs,MRX,Morristown
FESN7,35.2676,-75.5218,8/12/2025 10:55 AM,Cape Creek at Fessenden Center in Buxton (in MLLW),Falling,-0.08,Southeast River Forecast Center,NC,North Carolina,no_flooding,0.85,ft,-999,kcfs,MHX,Newport
RTRN7,35.42666667,-82.91972222,8/12/2025 11:00 AM,Pigeon River (NC) near (W Fork) nr Retreat,Rising,0.01,Lower Mississippi River Forecast Center,NC,North Carolina,no_flooding,2.05,ft,0.171,kcfs,GSP,Greer
SMRN7,35.23611111,-80.77111111,8/12/2025 11:00 AM,Briar Creek at Shamrock Drive,Falling,-0.07,Southeast River Forecast Center,NC,North Carolina,no_flooding,2.22,ft,0.0768,kcfs,GSP,Greer
TLNG1,34.66666667,-84.92833333,8/12/2025 11:00 AM,Conasauga River at Tilton,No change,0,Southeast River Forecast Center,GA,Georgia,no_flooding,2.91,ft,0.304,kcfs,FFC,Peachtree City
RLHN7,35.8375,-78.67388889,8/12/2025 11:00 AM,Crabtree Creek at Glenwood Ave,Falling,-0.11,Southeast River Forecast Center,NC,North Carolina,no_flooding,9.43,ft,0.978,kcfs,RAH,Raleigh
SBHN7,36.03777778,-79.80027778,8/12/2025 11:00 AM,South Buffalo Creek at US220 Nr Greensboro,Falling,-0.04,Southeast River Forecast Center,NC,North Carolina,no_flooding,2.3,ft,0.005,kcfs,RAH,Raleigh
STEN7,35.240278,-80.868333,8/12/2025 11:00 AM,Stewart Creek at State St.,No change,0,Southeast River Forecast Center,NC,North Carolina,no_flooding,1.04,ft,-999,kcfs,GSP,Greer
STRS1,34.38305556,-82.5775,8/12/2025 11:00 AM,Rocky River SC near Starr,No change,0,Southeast River Forecast Center,SC,South Carolina,no_flooding,3.95,ft,0.121,kcfs,GSP,Greer
TIGT1,35.8078,-83.5879,8/12/2025 11:00 AM,Waldens Creek 2NW Pigeon Forge (Tiger Drive),Falling,-0.01,Lower Mississippi River Forecast Center,TN,Tennessee,no_flooding,2.36,ft,-999,kcfs,MRX,Morristown
TRLN7,35.76833333,-78.69111111,8/12/2025 11:00 AM,Walnut Creek (NC) at Trailwood Drive,Falling,-0.04,Southeast River Forecast Center,NC,North Carolina,no_flooding,5.67,ft,0.065,kcfs,RAH,Raleigh
TUGG1,34.71166667,-83.35138889,8/12/2025 11:00 AM,Tallulah River at TUGALO DAM,Rising,0.09,Southeast River Forecast Center,GA,Georgia,no_flooding,890.22,ft,-999,kcfs,GSP,Greer
SMON7,35.228333,-80.869167,8/12/2025 11:00 AM,Stewart Creek at W Morehead St (US 29),No change,0,Southeast River Forecast Center,NC,North Carolina,no_flooding,1.45,ft,-999,kcfs,GSP,Greer
STSN7,35.105,-80.95361111,8/12/2025 11:00 AM,Steele Creek at Carowinds Blvd,Rising,0.04,Southeast River Forecast Center,NC,North Carolina,no_flooding,1.58,ft,0.0218,kcfs,GSP,Greer
TWNT1,35.66444444,-83.71138889,8/12/2025 11:00 AM,Little River (TN) at Townsend,No change,0,Lower Mississippi River Forecast Center,TN,Tennessee,no_flooding,1.96,ft,0.191,kcfs,MRX,Morristown
TLUG1,34.73888889,-83.39555556,8/12/2025 11:00 AM,Tallulah River at TALLULAH FALLS DAM,Falling,-0.06,Southeast River Forecast Center,GA,Georgia,no_flooding,1499.02,ft,-999,kcfs,GSP,Greer
SBPN7,36.04972222,-79.85611111,8/12/2025 11:00 AM,South Buffalo Creek near Pomona,Falling,-0.01,Southeast River Forecast Center,NC,North Carolina,no_flooding,1.21,ft,0.019,kcfs,RAH,Raleigh
TERG1,34.7656,-83.41673,8/12/2025 11:00 AM,Tallulah River at MATHIS-TERRORA DAM,Rising,0.06,Southeast River Forecast Center,GA,Georgia,no_flooding,1688.82,ft,-999,kcfs,GSP,Greer
RDBG1,34.56416667,-84.83305556,8/12/2025 11:00 AM,Coosawattee River near Pine Chapel / Redbud,Falling,-0.02,Southeast River Forecast Center,GA,Georgia,no_flooding,5.04,ft,0.721,kcfs,FFC,Peachtree City
TIGG1,34.79472222,-83.54027778,8/12/2025 11:00 AM,Tallulah River at BURTON DAM,Rising,0.01,Southeast River Forecast Center,GA,Georgia,no_flooding,1865.15,ft,-999,kcfs,GSP,Greer
ROEG1,34.23222222,-85.11694444,8/12/2025 11:00 AM,Etowah River at GA 1 Loop near Rome,Rising,0.04,Southeast River Forecast Center,GA,Georgia,no_flooding,13.14,ft,0.836,kcfs,FFC,Peachtree City
SEDN7,35.7873,-78.76389,8/12/2025 11:00 AM,Walnut Creek (NC) below Maynard St in Cary,Falling,-0.01,Southeast River Forecast Center,NC,North Carolina,no_flooding,1.76,ft,-999,kcfs,RAH,Raleigh
WALN7,35.75833333,-78.58277778,8/12/2025 11:00 AM,Walnut Creek (NC) at Sunnybrook Dr in Raleigh,Falling,-0.21,Southeast River Forecast Center,NC,North Carolina,no_flooding,8.14,ft,0.831,kcfs,RAH,Raleigh
WROV2,36.9293,-81.1322,8/12/2025 11:00 AM,Reed Creek at Old Stage Road near Wytheville,Rising,0.01,Ohio River Forecast Center,VA,Virginia,no_flooding,5.74,ft,-999,kcfs,RNK,Blacksburg
SDRV2,36.61944444,-79.50444444,8/12/2025 11:00 AM,Sandy River near Danville,No change,0,Southeast River Forecast Center,VA,Virginia,no_flooding,1.26,ft,0.0434,kcfs,RNK,Blacksburg
TOMN7,34.75472222,-78.28916667,8/12/2025 11:00 AM,Black River near Tomahawk,Rising,0.01,Southeast River Forecast Center,NC,North Carolina,no_flooding,9.86,ft,1.74,kcfs,RAH,Raleigh
YNHG1,34.67972222,-83.33,8/12/2025 11:00 AM,Tugalo River at YONAH DAM,Falling,-0.09,Southeast River Forecast Center,GA,Georgia,no_flooding,743.16,ft,-999,kcfs,GSP,Greer
WLCV2,36.767028,-83.030226,8/12/2025 11:00 AM,Wallen Creek at Pennington Gap,Rising,0.01,Lower Mississippi River Forecast Center,VA,Virginia,no_flooding,4.79,ft,-999,kcfs,MRX,Morristown
WLSS1,34.61472222,-82.44416667,8/12/2025 11:00 AM,Saluda River near WILLIAMSTON,Falling,-0.02,Southeast River Forecast Center,SC,South Carolina,no_flooding,4.56,ft,0.653,kcfs,GSP,Greer
WLVT1,35.7697,-83.6542,8/12/2025 11:00 AM,Waldens Creek 6WSW Pigeon Forge (Little Valley),No change,0,Lower Mississippi River Forecast Center,TN,Tennessee,no_flooding,1.03,ft,-999,kcfs,MRX,Morristown
WRLN7,35.76025,-78.600081,8/12/2025 11:00 AM,Walnut Creek (NC) at Rose Ln in Raleigh,Falling,-0.21,Southeast River Forecast Center,NC,North Carolina,no_flooding,8.3,ft,-999,kcfs,RAH,Raleigh
UPCN7,35.78792,-78.770444,8/12/2025 11:00 AM,Walnut Creek (NC) at Clay St,Rising,0.01,Southeast River Forecast Center,NC,North Carolina,no_flooding,0.26,ft,-999,kcfs,RAH,Raleigh
WSTN7,35.206667,-80.921944,8/12/2025 11:00 AM,Taggart Creek at West Blvd (NC 160),Falling,-0.01,Southeast River Forecast Center,NC,North Carolina,no_flooding,1.74,ft,0.0138,kcfs,GSP,Greer
WRLS1,34.39138889,-82.13944444,8/12/2025 11:00 AM,Reedy River above Waterloo,Falling,-0.01,Southeast River Forecast Center,SC,South Carolina,no_flooding,4.82,ft,0.212,kcfs,GSP,Greer
BCGN7,35.12713056,-78.9748306,8/12/2025 11:00 AM,Beaver Creek at Gruber Road at Fort Bragg,Falling,-0.01,Southeast River Forecast Center,NC,North Carolina,no_flooding,6.94,ft,-999,kcfs,RAH,Raleigh
BIRN7,35.461389,-83.353611,8/12/2025 11:00 AM,"Oconaluftee River below Contesky Dr, in Birdtown",Falling,-0.01,Lower Mississippi River Forecast Center,NC,North Carolina,no_flooding,1.74,ft,0.442,kcfs,GSP,Greer
BRBN7,35.71777778,-80.59583333,8/12/2025 11:00 AM,N Second Creek above Statesville Blvd (US 70) 4 S Woodleaf,Falling,-0.11,Southeast River Forecast Center,NC,North Carolina,no_flooding,3.61,ft,0.265,kcfs,GSP,Greer
EDSN7,36.52555556,-79.76555556,8/12/2025 11:00 AM,Smith River at Eden,No change,0,Southeast River Forecast Center,NC,North Carolina,no_flooding,2.58,ft,0.461,kcfs,RNK,Blacksburg
ERRG1,34.25638889,-85.15055556,8/12/2025 11:00 AM,Etowah River at Coosa Valley Fairgrounds at Rome,Rising,0.08,Southeast River Forecast Center,GA,Georgia,no_flooding,4.69,ft,-999,kcfs,FFC,Peachtree City
FISS1,34.975,-81.18,8/12/2025 11:00 AM,Fishing Creek at Highway 5 below York,No change,0,Southeast River Forecast Center,SC,South Carolina,no_flooding,2.95,ft,-999,kcfs,GSP,Greer
NFPG1,33.90583333,-84.225,8/12/2025 11:00 AM,North Fork Peachtree Creek at Graves Road near Norcross,No change,0,Southeast River Forecast Center,GA,Georgia,no_flooding,1.55,ft,-999,kcfs,FFC,Peachtree City
NICG1,33.80333333,-84.52138889,8/12/2025 11:00 AM,Nickajack Creek at US Highway 78 and 278 near Mableton,Falling,-0.01,Southeast River Forecast Center,GA,Georgia,no_flooding,1.46,ft,0.0016,kcfs,FFC,Peachtree City
OCTT1,35.0966,-84.6541,8/12/2025 11:00 AM,Ocoee Dam #1 Tailwater at Parksville,Rising,0.12,Lower Mississippi River Forecast Center,TN,Tennessee,no_flooding,713.23,ft,-999,kcfs,MRX,Morristown
RCKN7,34.94583333,-79.86972222,8/12/2025 11:00 AM,Pee Dee River near Rockingham,No change,0,Southeast River Forecast Center,NC,North Carolina,no_flooding,4.04,ft,7.91,kcfs,RAH,Raleigh
CARS1,34.595,-81.42138889,8/12/2025 11:00 AM,Broad River in NC/SC near CARLISLE,Rising,0.17,Southeast River Forecast Center,SC,South Carolina,no_flooding,10.28,ft,16.4,kcfs,GSP,Greer
FCLN7,35.0798,-78.8882,8/12/2025 11:00 AM,Cross Creek at Langdon St,Falling,-0.03,Southeast River Forecast Center,NC,North Carolina,no_flooding,3.88,ft,-999,kcfs,RAH,Raleigh
MBHG1,33.72916667,-83.93722222,8/12/2025 11:00 AM,Big Haynes Creek at Jack Turner Dam near Milstead,Falling,-0.01,Southeast River Forecast Center,GA,Georgia,no_flooding,2.6,ft,0.0614,kcfs,FFC,Peachtree City
MSHN7,35.81638889,-78.59361111,8/12/2025 11:00 AM,Marsh Creek (NC) at New Hope,Falling,-0.02,Southeast River Forecast Center,NC,North Carolina,no_flooding,3.79,ft,-999,kcfs,RAH,Raleigh
OAKT1,35.9831307,-84.557992,8/12/2025 11:00 AM,Emory River at Oakdale,Falling,-0.01,Lower Mississippi River Forecast Center,TN,Tennessee,no_flooding,2.29,ft,0.0786,kcfs,MRX,Morristown
SRCS1,34.52,-82.15722222,8/12/2025 11:00 AM,South Rabon Creek near Gray Court,Rising,0.01,Southeast River Forecast Center,SC,South Carolina,no_flooding,0.13,ft,-999,kcfs,GSP,Greer
CDPN7,35.78512,-78.77405,8/12/2025 11:00 AM,Walnut Creek (NC) at Downstream Side of E Park,Falling,-0.01,Southeast River Forecast Center,NC,North Carolina,no_flooding,1.2,ft,-999,kcfs,RAH,Raleigh
CODN7,35.50388889,-80.73638889,8/12/2025 11:00 AM,Coddle Creek at SR 1612 NR DAVIDSON,No change,0,Southeast River Forecast Center,NC,North Carolina,no_flooding,2.13,ft,0.0364,kcfs,GSP,Greer
EBNN7,35.84527778,-78.72472222,8/12/2025 11:00 AM,Crabtree Creek at Ebenezer Church Rd,Falling,-0.03,Southeast River Forecast Center,NC,North Carolina,no_flooding,8.04,ft,-999,kcfs,RAH,Raleigh
HPNN7,36.13778,-79.86,8/12/2025 11:00 AM,Horsepen Creek at US22O Near Greensboro,Falling,-0.01,Southeast River Forecast Center,NC,North Carolina,no_flooding,2.04,ft,0.0152,kcfs,RAH,Raleigh
OMBN7,35.0082,-78.3411,8/12/2025 11:00 AM,Williams Old Mill Branch at US 421,Falling,-0.11,Southeast River Forecast Center,NC,North Carolina,no_flooding,7.39,ft,-999,kcfs,RAH,Raleigh
SBNV2,36.69333333,-78.90055556,8/12/2025 11:00 AM,Dan River at South Boston,Rising,0.01,Southeast River Forecast Center,VA,Virginia,no_flooding,6.93,ft,1.34,kcfs,RNK,Blacksburg
SCON7,36.20916667,-77.38388889,8/12/2025 11:00 AM,Roanoke River near Scotland Neck,Falling,-0.09,Southeast River Forecast Center,NC,North Carolina,no_flooding,12.57,ft,7.27,kcfs,RAH,Raleigh
TLNG1,34.66666667,-84.92833333,8/12/2025 11:00 AM,Conasauga River at Tilton,No change,0,Southeast River Forecast Center,GA,Georgia,no_flooding,2.91,ft,0.304,kcfs,FFC,Peachtree City
ASTG1,33.72105556,-84.6149167,8/12/2025 11:00 AM,Sweetwater Creek below Austell,Rising,0.01,Southeast River Forecast Center,GA,Georgia,no_flooding,1.12,ft,0.0569,kcfs,FFC,Peachtree City
BRTG1,34.35222222,-84.20638889,8/12/2025 11:00 AM,Etowah River at Kelly Bridge Road near Matt,Rising,0.01,Southeast River Forecast Center,GA,Georgia,no_flooding,1.48,ft,-999,kcfs,FFC,Peachtree City
BTCG1,34.01694444,-84.64333333,8/12/2025 11:00 AM,Butler Creek at Mack Dobbs Road near Kennesaw,No change,0,Southeast River Forecast Center,GA,Georgia,no_flooding,2.31,ft,0,kcfs,FFC,Peachtree City
NOCG1,33.96972222,-83.3775,8/12/2025 11:00 AM,North Oconee River at College Street at Athens,Falling,-0.01,Southeast River Forecast Center,GA,Georgia,no_flooding,4.82,ft,0.216,kcfs,FFC,Peachtree City
NRTT1,36.220833,-84.090278,8/12/2025 11:00 AM,Clinch River below Norris Dam,Falling,-0.04,Lower Mississippi River Forecast Center,TN,Tennessee,no_flooding,827.06,ft,-999,kcfs,MRX,Morristown
OTKG1,34.49555556,-84.96527778,8/12/2025 11:00 AM,Oothkalooga Creek at GA 53 Spur at Calhoun,No change,0,Southeast River Forecast Center,GA,Georgia,no_flooding,7.14,ft,0.025,kcfs,FFC,Peachtree City
OWFN7,35.81583333,-78.62583333,8/12/2025 11:00 AM,Crabtree Creek at Old Wake Forest Road,Falling,-0.08,Southeast River Forecast Center,NC,North Carolina,no_flooding,5.83,ft,-999,kcfs,RAH,Raleigh
PING1,34.57638889,-84.86027778,8/12/2025 11:00 AM,Coosawattee River at Pine Chapel Road near Resaca,Falling,-0.01,Southeast River Forecast Center,GA,Georgia,no_flooding,2.13,ft,-999,kcfs,FFC,Peachtree City
TLUG1,34.73888889,-83.39555556,8/12/2025 11:00 AM,Tallulah River at TALLULAH FALLS DAM,Falling,-0.06,Southeast River Forecast Center,GA,Georgia,no_flooding,1499.02,ft,-999,kcfs,GSP,Greer
WHMS1,34.50916667,-81.59833333,8/12/2025 11:00 AM,Enoree River at Whitmire,No change,0,Southeast River Forecast Center,SC,South Carolina,no_flooding,17.81,ft,0.907,kcfs,CAE,West Columbia
WLLN7,35.85972222,-77.04027778,8/12/2025 11:00 AM,Roanoke River at Williamston,Rising,0.01,Southeast River Forecast Center,NC,North Carolina,no_flooding,5.61,ft,3.71,kcfs,MHX,Newport
ADRN7,35.821111,-78.6341667,8/12/2025 11:00 AM,Crabtree Creek at Anderson Drive,Falling,-0.06,Southeast River Forecast Center,NC,North Carolina,no_flooding,7.44,ft,-999,kcfs,RAH,Raleigh
BCRS1,34.24361111,-79.745,8/12/2025 11:00 AM,Black Creek (SC) near Quinby,Falling,-0.02,Southeast River Forecast Center,SC,South Carolina,no_flooding,5.37,ft,0.471,kcfs,ILM,Wilmington
BDMS1,34.9868083,-81.00833889,8/12/2025 11:00 AM,Big Dutchman Creek at Rock Hill,Falling,-0.03,Southeast River Forecast Center,SC,South Carolina,no_flooding,2.62,ft,0.107,kcfs,GSP,Greer
BVDG1,34.16861111,-82.89666667,8/12/2025 11:00 AM,Beaverdam Creek above Elberton,Rising,0.01,Southeast River Forecast Center,GA,Georgia,no_flooding,2.09,ft,0.0162,kcfs,GSP,Greer
DLNG1,34.78844444,-84.9750278,8/12/2025 11:00 AM,Mill Creek at Dalton,Rising,0.01,Southeast River Forecast Center,GA,Georgia,no_flooding,4.33,ft,0.0199,kcfs,FFC,Peachtree City
EFDN7,36.15083333,-77.69305556,8/12/2025 11:00 AM,Fishing Creek near Enfield,No change,0,Southeast River Forecast Center,NC,North Carolina,no_flooding,4.09,ft,0.223,kcfs,RAH,Raleigh
GALS1,34.05694444,-79.24722222,8/12/2025 11:00 AM,Little Pee Dee River near Galivants Ferry,Rising,0.02,Southeast River Forecast Center,SC,South Carolina,action,8.03,ft,3.17,kcfs,ILM,Wilmington
HALV2,36.77638889,-78.91611111,8/12/2025 11:00 AM,Banister River at Halifax,No change,0,Southeast River Forecast Center,VA,Virginia,no_flooding,3.3,ft,0.185,kcfs,RNK,Blacksburg
HOKN7,35.42888889,-77.5825,8/12/2025 11:00 AM,Contentnea Creek at Hookerton,Rising,0.1,Southeast River Forecast Center,NC,North Carolina,no_flooding,11.38,ft,1.47,kcfs,MHX,Newport
HWDS1,34.50833333,-82.85527778,8/12/2025 11:00 AM,Savannah River at Lake Hartwell,Falling,-0.03,Southeast River Forecast Center,SC,South Carolina,no_flooding,658.14,ft,-999,kcfs,GSP,Greer
KGTG1,34.20888889,-84.97861111,8/12/2025 11:00 AM,Etowah River near Kingston,Falling,-0.18,Southeast River Forecast Center,GA,Georgia,no_flooding,4.45,ft,1.31,kcfs,FFC,Peachtree City
REDN7,36.175,-81.16888889,8/12/2025 11:00 AM,Reddies River at N. Wilkesboro,Falling,-0.01,Southeast River Forecast Center,NC,North Carolina,no_flooding,1.28,ft,0.103,kcfs,RNK,Blacksburg
RHIS1,34.98472222,-80.97416667,8/12/2025 11:00 AM,Catawba River above  Rock Hill,Falling,-0.01,Southeast River Forecast Center,SC,South Carolina,no_flooding,3.79,ft,1.61,kcfs,GSP,Greer
STRS1,34.38305556,-82.5775,8/12/2025 11:00 AM,Rocky River SC near Starr,No change,0,Southeast River Forecast Center,SC,South Carolina,no_flooding,3.95,ft,0.121,kcfs,GSP,Greer
TIGT1,35.8078,-83.5879,8/12/2025 11:00 AM,Waldens Creek 2NW Pigeon Forge (Tiger Drive),Falling,-0.01,Lower Mississippi River Forecast Center,TN,Tennessee,no_flooding,2.36,ft,-999,kcfs,MRX,Morristown
TLRT1,35.36194444,-84.27916667,8/12/2025 11:00 AM,Tellico River near Tellico Plains,Rising,0.04,Lower Mississippi River Forecast Center,TN,Tennessee,no_flooding,1,ft,0.104,kcfs,MRX,Morristown
TUGG1,34.71166667,-83.35138889,8/12/2025 11:00 AM,Tallulah River at TUGALO DAM,Rising,0.09,Southeast River Forecast Center,GA,Georgia,no_flooding,890.22,ft,-999,kcfs,GSP,Greer
CCKS1,33.81611111,-80.8275,8/12/2025 11:00 AM,Cedar Creek (Richland County) at Congaree NP Near Gadsden SC,Falling,-0.03,Southeast River Forecast Center,SC,South Carolina,no_flooding,6.99,ft,-999,kcfs,CAE,West Columbia
CRBN7,35.81111111,-78.61194444,8/12/2025 11:00 AM,Crabtree Creek at Capitol Blvd (US Rt 1),Falling,-0.07,Southeast River Forecast Center,NC,North Carolina,no_flooding,5.41,ft,1.11,kcfs,RAH,Raleigh
CTVG1,34.14277778,-84.83916667,8/12/2025 11:00 AM,Etowah River at GA 61 near Cartersville,Falling,-0.02,Southeast River Forecast Center,GA,Georgia,no_flooding,4.95,ft,0.446,kcfs,FFC,Peachtree City
DGTT1,35.957778,-83.546389,8/12/2025 11:00 AM,French Broad River below Douglas Dam,Falling,-0.32,Lower Mississippi River Forecast Center,TN,Tennessee,no_flooding,868.5,ft,-999,kcfs,MRX,Morristown
EZBT1,36.3559188,-82.2235467,8/12/2025 11:00 AM,Watauga River at Elizabethton,Rising,1.29,Lower Mississippi River Forecast Center,TN,Tennessee,no_flooding,4.27,ft,1.32,kcfs,MRX,Morristown
LABN7,35.42055556,-81.26527778,8/12/2025 11:00 AM,South Fork Catawba River near Laboratory,No change,0,Southeast River Forecast Center,NC,North Carolina,no_flooding,3.01,ft,0.594,kcfs,GSP,Greer
NNRS1,35.03166667,-81.49361111,8/12/2025 11:00 AM,Broad River in NC/SC at Ninety Nine Islands Dam,Falling,-0.08,Southeast River Forecast Center,SC,South Carolina,no_flooding,102.14,ft,-999,kcfs,GSP,Greer
OKRN7,36.17277778,-79.95333333,8/12/2025 11:00 AM,Reedy Creek at NC2128 Nr Oak Ridge,No change,0,Southeast River Forecast Center,NC,North Carolina,no_flooding,4.19,ft,0.044,kcfs,RAH,Raleigh
SEET1,35.58138889,-84.74805556,8/12/2025 11:00 AM,Sewee Creek at Decatur 5NE,Falling,-0.02,Lower Mississippi River Forecast Center,TN,Tennessee,no_flooding,0.27,ft,0.0822,kcfs,MRX,Morristown
WBTT1,35.608889,-84.778056,8/12/2025 11:00 AM,Tennessee River below Watts Bar Dam,Rising,0.31,Lower Mississippi River Forecast Center,TN,Tennessee,no_flooding,682.97,ft,-999,kcfs,MRX,Morristown
WCCS1,34.88927778,-81.0686944,8/12/2025 11:00 AM,Wildcat Creek below Rock Hill,Rising,0.82,Southeast River Forecast Center,SC,South Carolina,no_flooding,5.14,ft,0.357,kcfs,GSP,Greer
WLSS1,34.61472222,-82.44416667,8/12/2025 11:00 AM,Saluda River near WILLIAMSTON,Falling,-0.02,Southeast River Forecast Center,SC,South Carolina,no_flooding,4.56,ft,0.653,kcfs,GSP,Greer
WLVT1,35.7697,-83.6542,8/12/2025 11:00 AM,Waldens Creek 6WSW Pigeon Forge (Little Valley),No change,0,Lower Mississippi River Forecast Center,TN,Tennessee,no_flooding,1.03,ft,-999,kcfs,MRX,Morristown
BLTN7,35.568333,-82.544722,8/12/2025 11:00 AM,"Swannanoa River below Hendersonville Rd (NC 81), in Biltmore Village (2 S Asheville)",No change,0,Lower Mississippi River Forecast Center,NC,North Carolina,no_flooding,1.62,ft,0.0775,kcfs,GSP,Greer
CSQG1,34.61861111,-83.52888889,8/12/2025 11:00 AM,Soque River at GA 197 NR Clarkesville,No change,0,Southeast River Forecast Center,GA,Georgia,no_flooding,4.11,ft,0.158,kcfs,GSP,Greer
CTBS1,34.83611111,-80.87972222,8/12/2025 11:00 AM,Catawba River above Catawba,Falling,-0.22,Southeast River Forecast Center,SC,South Carolina,no_flooding,8.05,ft,6.58,kcfs,GSP,Greer
GADS1,33.81055556,-80.86722222,8/12/2025 11:00 AM,Congaree River at Congaree National Park,Rising,0.06,Southeast River Forecast Center,SC,South Carolina,no_flooding,9.89,ft,11,kcfs,CAE,West Columbia
HOLG1,34.71666667,-84.77,8/12/2025 11:00 AM,Holly Creek near Chatsworth,Rising,0.13,Southeast River Forecast Center,GA,Georgia,no_flooding,2.35,ft,0.0805,kcfs,FFC,Peachtree City
KTRG1,34.24277778,-84.88972222,8/12/2025 11:00 AM,Two Run Creek near Kingston,No change,0,Southeast River Forecast Center,GA,Georgia,no_flooding,1.21,ft,0.0066,kcfs,FFC,Peachtree City
MTCS1,34.07138889,-82.50083333,8/12/2025 11:00 AM,Little River near Mt Carmel,Falling,-0.19,Southeast River Forecast Center,SC,South Carolina,no_flooding,10.84,ft,2.35,kcfs,GSP,Greer
PACG1,34.16194444,-83.525,8/12/2025 11:00 AM,Parks Creek at Lyle Field Road near Jefferson,No change,0,Southeast River Forecast Center,GA,Georgia,no_flooding,2.97,ft,-999,kcfs,FFC,Peachtree City
PAMN7,35.54333333,-77.06194444,8/12/2025 11:00 AM,Pamlico River at Washington (in MLLW),Rising,0.02,Southeast River Forecast Center,NC,North Carolina,no_flooding,3.03,ft,-999,kcfs,MHX,Newport
PCTG1,33.7759722,-84.4406111,8/12/2025 11:00 AM,Proctor Creek near Atlanta,No change,0,Southeast River Forecast Center,GA,Georgia,no_flooding,1.21,ft,0.0021,kcfs,FFC,Peachtree City
PGVN7,35.61666667,-77.37277778,8/12/2025 11:00 AM,Tar River at Greenville,Falling,-0.09,Southeast River Forecast Center,NC,North Carolina,no_flooding,7.64,ft,3.16,kcfs,MHX,Newport
RDBG1,34.56416667,-84.83305556,8/12/2025 11:00 AM,Coosawattee River near Pine Chapel / Redbud,Falling,-0.02,Southeast River Forecast Center,GA,Georgia,no_flooding,5.04,ft,0.721,kcfs,FFC,Peachtree City
TIGG1,34.79472222,-83.54027778,8/12/2025 11:00 AM,Tallulah River at BURTON DAM,Rising,0.01,Southeast River Forecast Center,GA,Georgia,no_flooding,1865.15,ft,-999,kcfs,GSP,Greer
BBGS1,35.124017,-81.587872,8/12/2025 11:00 AM,"Broad River at Shelby Hwy (SC 18), 4 W Blacksburg",Falling,-0.12,Southeast River Forecast Center,SC,South Carolina,no_flooding,10.56,ft,13.6,kcfs,GSP,Greer
BRDG1,34.88166667,-84.28166667,8/12/2025 11:00 AM,Toccoa River at Blue Ridge Dam,Rising,0.03,Lower Mississippi River Forecast Center,GA,Georgia,no_flooding,1683.01,ft,-999,kcfs,FFC,Peachtree City
COLS1,33.99305556,-81.05,8/12/2025 11:00 AM,Congaree River at Columbia,Falling,-0.08,Southeast River Forecast Center,SC,South Carolina,no_flooding,5.42,ft,9.55,kcfs,CAE,West Columbia
CPAT1,35.63722222,-83.49333333,8/12/2025 11:00 AM,West Prong Little Pigeon River at Chimney Picnic Area,No change,0,Lower Mississippi River Forecast Center,TN,Tennessee,no_flooding,0.05,ft,-999,kcfs,MRX,Morristown
DLCG1,33.70555556,-84.2925,8/12/2025 11:00 AM,Doolittle Creek at Flat Shoals Rd near Decatur,No change,0,Southeast River Forecast Center,GA,Georgia,no_flooding,1.06,ft,-999,kcfs,FFC,Peachtree City
ELKN7,36.24055556,-80.84916667,8/12/2025 11:00 AM,Yadkin River at Elkin,Falling,-0.03,Southeast River Forecast Center,NC,North Carolina,no_flooding,2.03,ft,0.97,kcfs,RNK,Blacksburg
FDTT1,35.7875,-84.249722,8/12/2025 11:00 AM,Tennessee River below Ft. Loudoun Dam (Lenoir City 1E),Rising,0.06,Lower Mississippi River Forecast Center,TN,Tennessee,no_flooding,741.29,ft,-999,kcfs,MRX,Morristown
GRHV2,36.93944444,-80.88694444,8/12/2025 11:00 AM,Reed Creek at Grahams Forge,No change,0,Ohio River Forecast Center,VA,Virginia,no_flooding,1.59,ft,0.116,kcfs,RNK,Blacksburg
LIBS1,34.80138889,-82.74861111,8/12/2025 11:00 AM,Twelve mile creek near Liberty,No change,0,Southeast River Forecast Center,SC,South Carolina,no_flooding,2.03,ft,0.122,kcfs,GSP,Greer
MGFG1,33.96833333,-84.38277778,8/12/2025 11:00 AM,Chattahoochee River below Morgan Falls Dam near Roswell,Falling,-0.11,Southeast River Forecast Center,GA,Georgia,no_flooding,811.56,ft,1.33,kcfs,FFC,Peachtree City
NACG1,34.755,-83.50111111,8/12/2025 11:00 AM,Tallulah River at NACOOCHEE DAM,Rising,0.05,Southeast River Forecast Center,GA,Georgia,no_flooding,1751.09,ft,-999,kcfs,GSP,Greer
PRSS1,34.87333333,-81.53166667,8/12/2025 11:00 AM,Pacolet River near Saratt,Rising,0.05,Southeast River Forecast Center,SC,South Carolina,no_flooding,12.22,ft,-999,kcfs,GSP,Greer
RNGN7,36.18333,-77.87611,8/12/2025 11:00 AM,Little Fishing Creek (NC) near Ringwood,Falling,-0.01,Southeast River Forecast Center,NC,North Carolina,no_flooding,2.42,ft,0.0391,kcfs,RAH,Raleigh
ROEG1,34.23222222,-85.11694444,8/12/2025 11:00 AM,Etowah River at GA 1 Loop near Rome,Rising,0.04,Southeast River Forecast Center,GA,Georgia,no_flooding,13.14,ft,0.836,kcfs,FFC,Peachtree City
YADN7,35.85667,-80.38694,8/12/2025 11:00 AM,Yadkin River at Yadkin College,Rising,0.08,Southeast River Forecast Center,NC,North Carolina,no_flooding,1.86,ft,2.06,kcfs,RAH,Raleigh
CATG1,34.60361111,-84.69555556,8/12/2025 11:00 AM,Coosawattee River at Carters,Rising,0.02,Southeast River Forecast Center,GA,Georgia,no_flooding,4.77,ft,0.591,kcfs,FFC,Peachtree City
CCKV2,36.64583333,-80.91944444,8/12/2025 11:00 AM,Chestnut Creek at Galax,Falling,-0.02,Ohio River Forecast Center,VA,Virginia,no_flooding,1.62,ft,0.0639,kcfs,RNK,Blacksburg
CHAG1,33.81694444,-84.48,8/12/2025 11:00 AM,Chattahoochee River at GA 280 near Atlanta,Falling,-0.27,Southeast River Forecast Center,GA,Georgia,no_flooding,5.96,ft,2.07,kcfs,FFC,Peachtree City
CRLT1,36.168,-83.5041,8/12/2025 11:00 AM,Holston River below Cherokee Dam,No change,0,Lower Mississippi River Forecast Center,TN,Tennessee,no_flooding,926.14,ft,-999,kcfs,MRX,Morristown
CSFS1,34.63194444,-80.18138889,8/12/2025 11:00 AM,Black Creek (SC) below Chesterfield,Falling,-0.02,Southeast River Forecast Center,SC,South Carolina,no_flooding,7.35,ft,-999,kcfs,CAE,West Columbia
EFFS1,34.05138889,-79.75416667,8/12/2025 11:00 AM,Lynches River at Effingham,Falling,-0.02,Southeast River Forecast Center,SC,South Carolina,no_flooding,8.07,ft,1.41,kcfs,ILM,Wilmington
GILS1,33.98944444,-80.97444444,8/12/2025 11:00 AM,Gills Creek at Columbia,Falling,-0.01,Southeast River Forecast Center,SC,South Carolina,no_flooding,1.58,ft,0.0284,kcfs,CAE,West Columbia
NEPT1,35.96055556,-83.17444444,8/12/2025 11:00 AM,Pigeon River at Newport,Falling,-0.27,Lower Mississippi River Forecast Center,TN,Tennessee,no_flooding,3.45,ft,0.781,kcfs,MRX,Morristown
SDRV2,36.61944444,-79.50444444,8/12/2025 11:00 AM,Sandy River near Danville,No change,0,Southeast River Forecast Center,VA,Virginia,no_flooding,1.26,ft,0.0434,kcfs,RNK,Blacksburg
SFMG1,33.66611111,-84.22472222,8/12/2025 11:00 AM,South River at Flakes Mill Road near Snapfinger,Falling,-0.01,Southeast River Forecast Center,GA,Georgia,no_flooding,2.49,ft,0.057,kcfs,FFC,Peachtree City
TOMN7,34.75472222,-78.28916667,8/12/2025 11:00 AM,Black River near Tomahawk,Rising,0.01,Southeast River Forecast Center,NC,North Carolina,no_flooding,9.86,ft,1.74,kcfs,RAH,Raleigh
WLBK2,36.74333333,-84.15611111,8/12/2025 11:00 AM,Cumberland River at Williamsburg,No change,0,Ohio River Forecast Center,KY,Kentucky,no_flooding,3.39,ft,0.537,kcfs,JKL,Jackson
WSSN7,35.757912,-78.623826,8/12/2025 11:00 AM,Walnut Creek (NC) at S. State St.,Falling,-0.04,Southeast River Forecast Center,NC,North Carolina,no_flooding,3.46,ft,-999,kcfs,RAH,Raleigh
YNHG1,34.67972222,-83.33,8/12/2025 11:00 AM,Tugalo River at YONAH DAM,Falling,-0.09,Southeast River Forecast Center,GA,Georgia,no_flooding,743.16,ft,-999,kcfs,GSP,Greer
BGSN7,34.71027778,-78.83638889,8/12/2025 11:00 AM,Big Swamp near Tarheel,Rising,0.02,Southeast River Forecast Center,NC,North Carolina,no_flooding,7,ft,0.059,kcfs,ILM,Wilmington
BHCG1,33.66138889,-83.92777778,8/12/2025 11:00 AM,Big Haynes Creek at Bald Rock Road near Milstead,Falling,-0.02,Southeast River Forecast Center,GA,Georgia,no_flooding,0.86,ft,-999,kcfs,FFC,Peachtree City
DACG1,34.01027778,-83.89416667,8/12/2025 11:00 AM,Apalachee River near Fence Road near Dacula,No change,0,Southeast River Forecast Center,GA,Georgia,no_flooding,0.41,ft,0.0017,kcfs,FFC,Peachtree City
ETWG1,34.16305556,-84.74111111,8/12/2025 11:00 AM,Etowah River at Allatoona Dam above Cartersville,No change,0,Southeast River Forecast Center,GA,Georgia,no_flooding,1.26,ft,0.32,kcfs,FFC,Peachtree City
LOGG1,33.82138889,-83.9425,8/12/2025 11:00 AM,Brushy Fork Creek at Beaver Road near Loganville,Falling,-0.01,Southeast River Forecast Center,GA,Georgia,no_flooding,1.42,ft,0.0014,kcfs,FFC,Peachtree City
LSRS1,34.04444444,-81.69722222,8/12/2025 11:00 AM,Little Saluda River near Saluda,Rising,0.33,Southeast River Forecast Center,SC,South Carolina,no_flooding,12.18,ft,-999,kcfs,CAE,West Columbia
MHTT1,35.887222,-84.323333,8/12/2025 11:00 AM,Clinch River below Melton Hill Dam,No change,0,Lower Mississippi River Forecast Center,TN,Tennessee,no_flooding,740.8,ft,-999,kcfs,MRX,Morristown
PNFG1,33.72111111,-83.29555556,8/12/2025 11:00 AM,Oconee River near Penfield,Falling,-0.02,Southeast River Forecast Center,GA,Georgia,no_flooding,5.17,ft,1.01,kcfs,FFC,Peachtree City
SIMS1,34.65277778,-82.29777778,8/12/2025 11:00 AM,Reedy River near Highway 418,Falling,-0.18,Southeast River Forecast Center,SC,South Carolina,no_flooding,6.01,ft,0.234,kcfs,GSP,Greer
STPN7,34.83472222,-78.82416667,8/12/2025 11:00 AM,Cape Fear River at W.O. Huske Lock,Rising,0.01,Southeast River Forecast Center,NC,North Carolina,no_flooding,38.15,ft,10.8,kcfs,ILM,Wilmington
BIGG1,33.81527778,-83.99013889,8/12/2025 11:00 AM,Big Haynes Creek at Lenora Road near Snellville,Falling,-0.03,Southeast River Forecast Center,GA,Georgia,no_flooding,3.02,ft,0.0138,kcfs,FFC,Peachtree City
BLAS1,35.137628,-81.597906,8/12/2025 11:00 AM,"Broad River at Gaston Shoals Reservoir/Gaston Shoals Dam, 5 WNW Blacksburg",Falling,-0.14,Southeast River Forecast Center,SC,South Carolina,no_flooding,97.67,ft,-999,kcfs,GSP,Greer
CHFS1,35.07,-81.54972222,8/12/2025 11:00 AM,Broad River in NC/SC near CHEROKEE FALLS,Falling,-0.12,Southeast River Forecast Center,SC,South Carolina,no_flooding,30.63,ft,-999,kcfs,GSP,Greer
CRCT1,36.37972222,-83.04666667,8/12/2025 11:00 AM,Crockett Creek below Rogersville,No change,0,Lower Mississippi River Forecast Center,TN,Tennessee,no_flooding,0.59,ft,0.0006,kcfs,MRX,Morristown
DLBG1,34.62916667,-84.91722222,8/12/2025 11:00 AM,Conasauga River at Sloan Bridge below Dalton,No change,0,Southeast River Forecast Center,GA,Georgia,no_flooding,0.15,ft,-999,kcfs,FFC,Peachtree City
FONN7,35.45055556,-83.80555556,8/12/2025 11:00 AM,Little Tennessee River at FONTANA DAM TVA,Rising,0.02,Lower Mississippi River Forecast Center,NC,North Carolina,no_flooding,1699.68,ft,-999,kcfs,GSP,Greer
KINS1,33.66111111,-79.83611111,8/12/2025 11:00 AM,Black River at Kingstree,Rising,0.01,Southeast River Forecast Center,SC,South Carolina,no_flooding,5.14,ft,0.311,kcfs,ILM,Wilmington
LNGS1,33.9125,-78.71527778,8/12/2025 11:00 AM,Waccamaw River at Longs,Rising,0.01,Southeast River Forecast Center,SC,South Carolina,action,11.93,ft,5.53,kcfs,ILM,Wilmington
MCKN7,35.845,-80.658889,8/12/2025 11:00 AM,"S Yadkin River below Foster Rd, 6 SW Mocksville",Falling,-0.01,Southeast River Forecast Center,NC,North Carolina,no_flooding,3.08,ft,0.334,kcfs,GSP,Greer
MODS1,33.72916667,-82.18194444,8/12/2025 11:00 AM,Stevens Creek near Modoc,Rising,1.02,Southeast River Forecast Center,SC,South Carolina,no_flooding,4.98,ft,1.06,kcfs,CAE,West Columbia
NICS1,34.225833,-79.13444,8/12/2025 11:00 AM,Lumber River near Nichols,Rising,0.01,Southeast River Forecast Center,SC,South Carolina,action,18.15,ft,2.63,kcfs,ILM,Wilmington
PDES1,34.20416667,-79.54861111,8/12/2025 11:00 AM,Pee Dee River at Pee Dee,Falling,-0.1,Southeast River Forecast Center,SC,South Carolina,no_flooding,10.11,ft,6.74,kcfs,ILM,Wilmington
RBDS1,34.10111111,-82.61805556,8/12/2025 11:00 AM,Russell Lake near Savannah River,Rising,0.01,Southeast River Forecast Center,SC,South Carolina,no_flooding,473.05,ft,-999,kcfs,GSP,Greer
RRDN7,36.46027778,-77.63444444,8/12/2025 11:00 AM,Roanoke River at Roanoke Rapids,No change,0,Southeast River Forecast Center,NC,North Carolina,no_flooding,3.42,ft,2.74,kcfs,RAH,Raleigh
RWLG1,33.98583333,-84.31611111,8/12/2025 11:00 AM,Chattahoochee River above Roswell,Falling,-0.18,Southeast River Forecast Center,GA,Georgia,no_flooding,4.29,ft,2.31,kcfs,FFC,Peachtree City
TERG1,34.7656,-83.41673,8/12/2025 11:00 AM,Tallulah River at MATHIS-TERRORA DAM,Rising,0.06,Southeast River Forecast Center,GA,Georgia,no_flooding,1688.82,ft,-999,kcfs,GSP,Greer
WKSN7,36.1525,-81.14555556,8/12/2025 11:00 AM,Yadkin River at Wilkesboro,Falling,-0.01,Southeast River Forecast Center,NC,North Carolina,no_flooding,2.47,ft,0.682,kcfs,RNK,Blacksburg
ALTS1,34.24305556,-81.31972222,8/12/2025 11:00 AM,Broad River in NC/SC at Alston,Rising,0.03,Southeast River Forecast Center,SC,South Carolina,no_flooding,4.52,ft,3.3,kcfs,CAE,West Columbia
BRMN7,35.7811,-78.77716,8/12/2025 11:00 AM,Walnut Creek (NC) at Byrum St in Cary,No change,0,Southeast River Forecast Center,NC,North Carolina,no_flooding,0.98,ft,-999,kcfs,RAH,Raleigh
CMDS1,34.24444444,-80.65416667,8/12/2025 11:00 AM,Wateree River near Camden,Rising,0.13,Southeast River Forecast Center,SC,South Carolina,no_flooding,13.78,ft,9.42,kcfs,CAE,West Columbia
CYNG1,34.81388889,-83.30611111,8/12/2025 11:00 AM,Chattooga River at Hwy 76,Rising,0.04,Southeast River Forecast Center,GA,Georgia,no_flooding,1.69,ft,0.468,kcfs,GSP,Greer
DICG1,34.07138889,-84.13027778,8/12/2025 11:00 AM,Dick Creek at Old Atlanta Road near Suwanee,Falling,-0.02,Southeast River Forecast Center,GA,Georgia,no_flooding,5.79,ft,0.408,kcfs,FFC,Peachtree City
DWLG1,34.3794444,-84.0647,8/12/2025 11:00 AM,Etowah River  0.2 mi downstream GA 53 near Dawsonville,Rising,0.01,Southeast River Forecast Center,GA,Georgia,no_flooding,3.9,ft,-999,kcfs,FFC,Peachtree City
DWSG1,34.35805556,-84.11333333,8/12/2025 11:00 AM,Etowah River at GA 9 near Dawsonville,No change,0,Southeast River Forecast Center,GA,Georgia,no_flooding,3.93,ft,0.147,kcfs,FFC,Peachtree City
ETNG1,34.8275,-84.8509722,8/12/2025 11:00 AM,Conasauga River at GA 286 near Eton,Rising,0.01,Southeast River Forecast Center,GA,Georgia,no_flooding,2.61,ft,0.109,kcfs,FFC,Peachtree City
HDCG1,34.70083333,-83.72944444,8/12/2025 11:00 AM,Chattahoochee River at Helen,Rising,0.03,Southeast River Forecast Center,GA,Georgia,no_flooding,0.69,ft,0.0748,kcfs,FFC,Peachtree City
HLCG1,34.265,-84.47388889,8/12/2025 11:00 AM,Hickory Log Creek near Canton,No change,0,Southeast River Forecast Center,GA,Georgia,no_flooding,0.86,ft,-999,kcfs,FFC,Peachtree City
IRMS1,34.05194444,-81.22083333,8/12/2025 11:00 AM,Saluda River at Lake Murray Dam near Irmo,Rising,0.01,Southeast River Forecast Center,SC,South Carolina,no_flooding,358.71,ft,-999,kcfs,CAE,West Columbia
MARN7,35.786389,-82.660833,8/12/2025 11:00 AM,"French Broad River above Rollins Rd, 1 SE Marshall",No change,0,Lower Mississippi River Forecast Center,NC,North Carolina,no_flooding,2.14,ft,1.72,kcfs,GSP,Greer
NRWN7,35.156944,-80.165556,8/12/2025 11:00 AM,Rocky River NC near Norwood,Falling,-0.04,Southeast River Forecast Center,NC,North Carolina,no_flooding,11.11,ft,7.79,kcfs,RAH,Raleigh
SMAG1,33.89361111,-84.45777778,8/12/2025 11:00 AM,Rottenwood Creek at Interstate North Parkway near Smyrna,Falling,-0.01,Southeast River Forecast Center,GA,Georgia,no_flooding,2.39,ft,0.016,kcfs,FFC,Peachtree City
TAPN7,35.43833333,-83.91888889,8/12/2025 11:00 AM,Cheoah river near Tapoco,No change,0,Lower Mississippi River Forecast Center,NC,North Carolina,no_flooding,2.83,ft,0.151,kcfs,GSP,Greer
WRLS1,34.39138889,-82.13944444,8/12/2025 11:00 AM,Reedy River above Waterloo,Falling,-0.01,Southeast River Forecast Center,SC,South Carolina,no_flooding,4.82,ft,0.212,kcfs,GSP,Greer
AANG1,33.82030556,-84.40763889,8/12/2025 11:00 AM,Peachtree Creek at Atlanta,Falling,-0.02,Southeast River Forecast Center,GA,Georgia,no_flooding,2.46,ft,0.0472,kcfs,FFC,Peachtree City
CMDS1,34.24444444,-80.65416667,8/12/2025 11:00 AM,Wateree River near Camden,Rising,0.13,Southeast River Forecast Center,SC,South Carolina,no_flooding,13.78,ft,9.42,kcfs,CAE,West Columbia
CYNG1,34.81388889,-83.30611111,8/12/2025 11:00 AM,Chattooga River at Hwy 76,Rising,0.04,Southeast River Forecast Center,GA,Georgia,no_flooding,1.69,ft,0.468,kcfs,GSP,Greer
DICG1,34.07138889,-84.13027778,8/12/2025 11:00 AM,Dick Creek at Old Atlanta Road near Suwanee,Falling,-0.02,Southeast River Forecast Center,GA,Georgia,no_flooding,5.79,ft,0.408,kcfs,FFC,Peachtree City
DWLG1,34.3794444,-84.0647,8/12/2025 11:00 AM,Etowah River  0.2 mi downstream GA 53 near Dawsonville,Rising,0.01,Southeast River Forecast Center,GA,Georgia,no_flooding,3.9,ft,-999,kcfs,FFC,Peachtree City
DWSG1,34.35805556,-84.11333333,8/12/2025 11:00 AM,Etowah River at GA 9 near Dawsonville,No change,0,Southeast River Forecast Center,GA,Georgia,no_flooding,3.93,ft,0.147,kcfs,FFC,Peachtree City
ETNG1,34.8275,-84.8509722,8/12/2025 11:00 AM,Conasauga River at GA 286 near Eton,Rising,0.01,Southeast River Forecast Center,GA,Georgia,no_flooding,2.61,ft,0.109,kcfs,FFC,Peachtree City
HDCG1,34.70083333,-83.72944444,8/12/2025 11:00 AM,Chattahoochee River at Helen,Rising,0.03,Southeast River Forecast Center,GA,Georgia,no_flooding,0.69,ft,0.0748,kcfs,FFC,Peachtree City
HLCG1,34.265,-84.47388889,8/12/2025 11:00 AM,Hickory Log Creek near Canton,No change,0,Southeast River Forecast Center,GA,Georgia,no_flooding,0.86,ft,-999,kcfs,FFC,Peachtree City
MARN7,35.786389,-82.660833,8/12/2025 11:00 AM,"French Broad River above Rollins Rd, 1 SE Marshall",No change,0,Lower Mississippi River Forecast Center,NC,North Carolina,no_flooding,2.14,ft,1.72,kcfs,GSP,Greer
SMAG1,33.89361111,-84.45777778,8/12/2025 11:00 AM,Rottenwood Creek at Interstate North Parkway near Smyrna,Falling,-0.01,Southeast River Forecast Center,GA,Georgia,no_flooding,2.39,ft,0.016,kcfs,FFC,Peachtree City
TAPN7,35.43833333,-83.91888889,8/12/2025 11:00 AM,Cheoah river near Tapoco,No change,0,Lower Mississippi River Forecast Center,NC,North Carolina,no_flooding,2.83,ft,0.151,kcfs,GSP,Greer
WRLS1,34.39138889,-82.13944444,8/12/2025 11:00 AM,Reedy River above Waterloo,Falling,-0.01,Southeast River Forecast Center,SC,South Carolina,no_flooding,4.82,ft,0.212,kcfs,GSP,Greer
BRDG1,34.88166667,-84.28166667,8/12/2025 11:00 AM,Toccoa River at Blue Ridge Dam,Rising,0.03,Lower Mississippi River Forecast Center,GA,Georgia,no_flooding,1683.01,ft,-999,kcfs,FFC,Peachtree City
COLS1,33.99305556,-81.05,8/12/2025 11:00 AM,Congaree River at Columbia,Falling,-0.08,Southeast River Forecast Center,SC,South Carolina,no_flooding,5.42,ft,9.55,kcfs,CAE,West Columbia
CPAT1,35.63722222,-83.49333333,8/12/2025 11:00 AM,West Prong Little Pigeon River at Chimney Picnic Area,No change,0,Lower Mississippi River Forecast Center,TN,Tennessee,no_flooding,0.05,ft,-999,kcfs,MRX,Morristown
DLCG1,33.70555556,-84.2925,8/12/2025 11:00 AM,Doolittle Creek at Flat Shoals Rd near Decatur,No change,0,Southeast River Forecast Center,GA,Georgia,no_flooding,1.06,ft,-999,kcfs,FFC,Peachtree City
ELKN7,36.24055556,-80.84916667,8/12/2025 11:00 AM,Yadkin River at Elkin,Falling,-0.03,Southeast River Forecast Center,NC,North Carolina,no_flooding,2.03,ft,0.97,kcfs,RNK,Blacksburg
FDTT1,35.7875,-84.249722,8/12/2025 11:00 AM,Tennessee River below Ft. Loudoun Dam (Lenoir City 1E),Rising,0.06,Lower Mississippi River Forecast Center,TN,Tennessee,no_flooding,741.29,ft,-999,kcfs,MRX,Morristown
GRHV2,36.93944444,-80.88694444,8/12/2025 11:00 AM,Reed Creek at Grahams Forge,No change,0,Ohio River Forecast Center,VA,Virginia,no_flooding,1.59,ft,0.116,kcfs,RNK,Blacksburg
LIBS1,34.80138889,-82.74861111,8/12/2025 11:00 AM,Twelve mile creek near Liberty,No change,0,Southeast River Forecast Center,SC,South Carolina,no_flooding,2.03,ft,0.122,kcfs,GSP,Greer
NACG1,34.755,-83.50111111,8/12/2025 11:00 AM,Tallulah River at NACOOCHEE DAM,Rising,0.05,Southeast River Forecast Center,GA,Georgia,no_flooding,1751.09,ft,-999,kcfs,GSP,Greer
PRSS1,34.87333333,-81.53166667,8/12/2025 11:00 AM,Pacolet River near Saratt,Rising,0.05,Southeast River Forecast Center,SC,South Carolina,no_flooding,12.22,ft,-999,kcfs,GSP,Greer
RNGN7,36.18333,-77.87611,8/12/2025 11:00 AM,Little Fishing Creek (NC) near Ringwood,Falling,-0.01,Southeast River Forecast Center,NC,North Carolina,no_flooding,2.42,ft,0.0391,kcfs,RAH,Raleigh
ROEG1,34.23222222,-85.11694444,8/12/2025 11:00 AM,Etowah River at GA 1 Loop near Rome,Rising,0.04,Southeast River Forecast Center,GA,Georgia,no_flooding,13.14,ft,0.836,kcfs,FFC,Peachtree City
YADN7,35.85667,-80.38694,8/12/2025 11:00 AM,Yadkin River at Yadkin College,Rising,0.08,Southeast River Forecast Center,NC,North Carolina,no_flooding,1.86,ft,2.06,kcfs,RAH,Raleigh
ASTG1,33.72105556,-84.6149167,8/12/2025 11:00 AM,Sweetwater Creek below Austell,Rising,0.01,Southeast River Forecast Center,GA,Georgia,no_flooding,1.12,ft,0.0569,kcfs,FFC,Peachtree City
BRTG1,34.35222222,-84.20638889,8/12/2025 11:00 AM,Etowah River at Kelly Bridge Road near Matt,Rising,0.01,Southeast River Forecast Center,GA,Georgia,no_flooding,1.48,ft,-999,kcfs,FFC,Peachtree City
BTCG1,34.01694444,-84.64333333,8/12/2025 11:00 AM,Butler Creek at Mack Dobbs Road near Kennesaw,No change,0,Southeast River Forecast Center,GA,Georgia,no_flooding,2.31,ft,0,kcfs,FFC,Peachtree City
ENNN7,36.13194444,-80.44416667,8/12/2025 11:00 AM,Yadkin River at Enon,Rising,0.01,Southeast River Forecast Center,NC,North Carolina,no_flooding,3.17,ft,1.32,kcfs,RAH,Raleigh
NOCG1,33.96972222,-83.3775,8/12/2025 11:00 AM,North Oconee River at College Street at Athens,Falling,-0.01,Southeast River Forecast Center,GA,Georgia,no_flooding,4.82,ft,0.216,kcfs,FFC,Peachtree City
NRTT1,36.220833,-84.090278,8/12/2025 11:00 AM,Clinch River below Norris Dam,Falling,-0.04,Lower Mississippi River Forecast Center,TN,Tennessee,no_flooding,827.06,ft,-999,kcfs,MRX,Morristown
OTKG1,34.49555556,-84.96527778,8/12/2025 11:00 AM,Oothkalooga Creek at GA 53 Spur at Calhoun,No change,0,Southeast River Forecast Center,GA,Georgia,no_flooding,7.14,ft,0.025,kcfs,FFC,Peachtree City
PING1,34.57638889,-84.86027778,8/12/2025 11:00 AM,Coosawattee River at Pine Chapel Road near Resaca,Falling,-0.01,Southeast River Forecast Center,GA,Georgia,no_flooding,2.13,ft,-999,kcfs,FFC,Peachtree City
TLUG1,34.73888889,-83.39555556,8/12/2025 11:00 AM,Tallulah River at TALLULAH FALLS DAM,Falling,-0.06,Southeast River Forecast Center,GA,Georgia,no_flooding,1499.02,ft,-999,kcfs,GSP,Greer
WHMS1,34.50916667,-81.59833333,8/12/2025 11:00 AM,Enoree River at Whitmire,No change,0,Southeast River Forecast Center,SC,South Carolina,no_flooding,17.81,ft,0.907,kcfs,CAE,West Columbia
WLLN7,35.85972222,-77.04027778,8/12/2025 11:00 AM,Roanoke River at Williamston,Rising,0.01,Southeast River Forecast Center,NC,North Carolina,no_flooding,5.61,ft,3.71,kcfs,MHX,Newport
CCKS1,33.81611111,-80.8275,8/12/2025 11:00 AM,Cedar Creek (Richland County) at Congaree NP Near Gadsden SC,Falling,-0.03,Southeast River Forecast Center,SC,South Carolina,no_flooding,6.99,ft,-999,kcfs,CAE,West Columbia
CTVG1,34.14277778,-84.83916667,8/12/2025 11:00 AM,Etowah River at GA 61 near Cartersville,Falling,-0.02,Southeast River Forecast Center,GA,Georgia,no_flooding,4.95,ft,0.446,kcfs,FFC,Peachtree City
DGTT1,35.957778,-83.546389,8/12/2025 11:00 AM,French Broad River below Douglas Dam,Falling,-0.32,Lower Mississippi River Forecast Center,TN,Tennessee,no_flooding,868.5,ft,-999,kcfs,MRX,Morristown
EZBT1,36.3559188,-82.2235467,8/12/2025 11:00 AM,Watauga River at Elizabethton,Rising,1.29,Lower Mississippi River Forecast Center,TN,Tennessee,no_flooding,4.27,ft,1.32,kcfs,MRX,Morristown
LABN7,35.42055556,-81.26527778,8/12/2025 11:00 AM,South Fork Catawba River near Laboratory,No change,0,Southeast River Forecast Center,NC,North Carolina,no_flooding,3.01,ft,0.594,kcfs,GSP,Greer
MIDN7,35.57083,-78.59056,8/12/2025 11:00 AM,Middle Creek near Clayton,Rising,0.09,Southeast River Forecast Center,NC,North Carolina,no_flooding,2.06,ft,-999,kcfs,RAH,Raleigh
NNRS1,35.03166667,-81.49361111,8/12/2025 11:00 AM,Broad River in NC/SC at Ninety Nine Islands Dam,Falling,-0.08,Southeast River Forecast Center,SC,South Carolina,no_flooding,102.14,ft,-999,kcfs,GSP,Greer
SEET1,35.58138889,-84.74805556,8/12/2025 11:00 AM,Sewee Creek at Decatur 5NE,Falling,-0.02,Lower Mississippi River Forecast Center,TN,Tennessee,no_flooding,0.27,ft,0.0822,kcfs,MRX,Morristown
WBTT1,35.608889,-84.778056,8/12/2025 11:00 AM,Tennessee River below Watts Bar Dam,Rising,0.31,Lower Mississippi River Forecast Center,TN,Tennessee,no_flooding,682.97,ft,-999,kcfs,MRX,Morristown
WCCS1,34.88927778,-81.0686944,8/12/2025 11:00 AM,Wildcat Creek below Rock Hill,Rising,0.82,Southeast River Forecast Center,SC,South Carolina,no_flooding,5.14,ft,0.357,kcfs,GSP,Greer
WLSS1,34.61472222,-82.44416667,8/12/2025 11:00 AM,Saluda River near WILLIAMSTON,Falling,-0.02,Southeast River Forecast Center,SC,South Carolina,no_flooding,4.56,ft,0.653,kcfs,GSP,Greer
WLVT1,35.7697,-83.6542,8/12/2025 11:00 AM,Waldens Creek 6WSW Pigeon Forge (Little Valley),No change,0,Lower Mississippi River Forecast Center,TN,Tennessee,no_flooding,1.03,ft,-999,kcfs,MRX,Morristown
BGSN7,34.71027778,-78.83638889,8/12/2025 11:00 AM,Big Swamp near Tarheel,Rising,0.02,Southeast River Forecast Center,NC,North Carolina,no_flooding,7,ft,0.059,kcfs,ILM,Wilmington
BHCG1,33.66138889,-83.92777778,8/12/2025 11:00 AM,Big Haynes Creek at Bald Rock Road near Milstead,Falling,-0.02,Southeast River Forecast Center,GA,Georgia,no_flooding,0.86,ft,-999,kcfs,FFC,Peachtree City
CHUN7,35.9419,-79.049,8/12/2025 11:00 AM,Booker Creek at SR 1751 near Chapel Hill,Falling,-0.01,Southeast River Forecast Center,NC,North Carolina,no_flooding,4.58,ft,-999,kcfs,RAH,Raleigh
DACG1,34.01027778,-83.89416667,8/12/2025 11:00 AM,Apalachee River near Fence Road near Dacula,No change,0,Southeast River Forecast Center,GA,Georgia,no_flooding,0.41,ft,0.0017,kcfs,FFC,Peachtree City
LOGG1,33.82138889,-83.9425,8/12/2025 11:00 AM,Brushy Fork Creek at Beaver Road near Loganville,Falling,-0.01,Southeast River Forecast Center,GA,Georgia,no_flooding,1.42,ft,0.0014,kcfs,FFC,Peachtree City
MHTT1,35.887222,-84.323333,8/12/2025 11:00 AM,Clinch River below Melton Hill Dam,No change,0,Lower Mississippi River Forecast Center,TN,Tennessee,no_flooding,740.8,ft,-999,kcfs,MRX,Morristown
PNFG1,33.72111111,-83.29555556,8/12/2025 11:00 AM,Oconee River near Penfield,Falling,-0.02,Southeast River Forecast Center,GA,Georgia,no_flooding,5.17,ft,1.01,kcfs,FFC,Peachtree City
SIMS1,34.65277778,-82.29777778,8/12/2025 11:00 AM,Reedy River near Highway 418,Falling,-0.18,Southeast River Forecast Center,SC,South Carolina,no_flooding,6.01,ft,0.234,kcfs,GSP,Greer
STPN7,34.83472222,-78.82416667,8/12/2025 11:00 AM,Cape Fear River at W.O. Huske Lock,Rising,0.01,Southeast River Forecast Center,NC,North Carolina,no_flooding,38.15,ft,10.8,kcfs,ILM,Wilmington
BCGN7,35.12713056,-78.9748306,8/12/2025 11:00 AM,Beaver Creek at Gruber Road at Fort Bragg,Falling,-0.01,Southeast River Forecast Center,NC,North Carolina,no_flooding,6.94,ft,-999,kcfs,RAH,Raleigh
BIRN7,35.461389,-83.353611,8/12/2025 11:00 AM,"Oconaluftee River below Contesky Dr, in Birdtown",Falling,-0.01,Lower Mississippi River Forecast Center,NC,North Carolina,no_flooding,1.74,ft,0.442,kcfs,GSP,Greer
BRBN7,35.71777778,-80.59583333,8/12/2025 11:00 AM,N Second Creek above Statesville Blvd (US 70) 4 S Woodleaf,Falling,-0.11,Southeast River Forecast Center,NC,North Carolina,no_flooding,3.61,ft,0.265,kcfs,GSP,Greer
EDSN7,36.52555556,-79.76555556,8/12/2025 11:00 AM,Smith River at Eden,No change,0,Southeast River Forecast Center,NC,North Carolina,no_flooding,2.58,ft,0.461,kcfs,RNK,Blacksburg
ERRG1,34.25638889,-85.15055556,8/12/2025 11:00 AM,Etowah River at Coosa Valley Fairgrounds at Rome,Rising,0.08,Southeast River Forecast Center,GA,Georgia,no_flooding,4.69,ft,-999,kcfs,FFC,Peachtree City
NFPG1,33.90583333,-84.225,8/12/2025 11:00 AM,North Fork Peachtree Creek at Graves Road near Norcross,No change,0,Southeast River Forecast Center,GA,Georgia,no_flooding,1.55,ft,-999,kcfs,FFC,Peachtree City
NICG1,33.80333333,-84.52138889,8/12/2025 11:00 AM,Nickajack Creek at US Highway 78 and 278 near Mableton,Falling,-0.01,Southeast River Forecast Center,GA,Georgia,no_flooding,1.46,ft,0.0016,kcfs,FFC,Peachtree City
OCTT1,35.0966,-84.6541,8/12/2025 11:00 AM,Ocoee Dam #1 Tailwater at Parksville,Rising,0.12,Lower Mississippi River Forecast Center,TN,Tennessee,no_flooding,713.23,ft,-999,kcfs,MRX,Morristown
RCKN7,34.94583333,-79.86972222,8/12/2025 11:00 AM,Pee Dee River near Rockingham,No change,0,Southeast River Forecast Center,NC,North Carolina,no_flooding,4.04,ft,7.91,kcfs,RAH,Raleigh
BCFN7,35.044521,-78.890172,8/12/2025 11:00 AM,Blounts Creek at Winslow St at Fayetteville,Falling,-0.05,Southeast River Forecast Center,NC,North Carolina,no_flooding,4.15,ft,-999,kcfs,RAH,Raleigh
CHEN7,35.44777778,-83.93888889,8/12/2025 11:00 AM,Little Tennessee River at Cheoah Dam,Rising,0.01,Lower Mississippi River Forecast Center,NC,North Carolina,no_flooding,1150.32,ft,-999,kcfs,GSP,Greer
MBHG1,33.72916667,-83.93722222,8/12/2025 11:00 AM,Big Haynes Creek at Jack Turner Dam near Milstead,Falling,-0.01,Southeast River Forecast Center,GA,Georgia,no_flooding,2.6,ft,0.0614,kcfs,FFC,Peachtree City
OAKT1,35.9831307,-84.557992,8/12/2025 11:00 AM,Emory River at Oakdale,Falling,-0.01,Lower Mississippi River Forecast Center,TN,Tennessee,no_flooding,2.29,ft,0.0786,kcfs,MRX,Morristown
SRCS1,34.52,-82.15722222,8/12/2025 11:00 AM,South Rabon Creek near Gray Court,Rising,0.01,Southeast River Forecast Center,SC,South Carolina,no_flooding,0.13,ft,-999,kcfs,GSP,Greer
BLTN7,35.568333,-82.544722,8/12/2025 11:00 AM,"Swannanoa River below Hendersonville Rd (NC 81), in Biltmore Village (2 S Asheville)",No change,0,Lower Mississippi River Forecast Center,NC,North Carolina,no_flooding,1.62,ft,0.0775,kcfs,GSP,Greer
CSQG1,34.61861111,-83.52888889,8/12/2025 11:00 AM,Soque River at GA 197 NR Clarkesville,No change,0,Southeast River Forecast Center,GA,Georgia,no_flooding,4.11,ft,0.158,kcfs,GSP,Greer
CTBS1,34.83611111,-80.87972222,8/12/2025 11:00 AM,Catawba River above Catawba,Falling,-0.22,Southeast River Forecast Center,SC,South Carolina,no_flooding,8.05,ft,6.58,kcfs,GSP,Greer
GADS1,33.81055556,-80.86722222,8/12/2025 11:00 AM,Congaree River at Congaree National Park,Rising,0.06,Southeast River Forecast Center,SC,South Carolina,no_flooding,9.89,ft,11,kcfs,CAE,West Columbia
HOLG1,34.71666667,-84.77,8/12/2025 11:00 AM,Holly Creek near Chatsworth,Rising,0.13,Southeast River Forecast Center,GA,Georgia,no_flooding,2.35,ft,0.0805,kcfs,FFC,Peachtree City
KTRG1,34.24277778,-84.88972222,8/12/2025 11:00 AM,Two Run Creek near Kingston,No change,0,Southeast River Forecast Center,GA,Georgia,no_flooding,1.21,ft,0.0066,kcfs,FFC,Peachtree City
MTCS1,34.07138889,-82.50083333,8/12/2025 11:00 AM,Little River near Mt Carmel,Falling,-0.19,Southeast River Forecast Center,SC,South Carolina,no_flooding,10.84,ft,2.35,kcfs,GSP,Greer
PACG1,34.16194444,-83.525,8/12/2025 11:00 AM,Parks Creek at Lyle Field Road near Jefferson,No change,0,Southeast River Forecast Center,GA,Georgia,no_flooding,2.97,ft,-999,kcfs,FFC,Peachtree City
PAMN7,35.54333333,-77.06194444,8/12/2025 11:00 AM,Pamlico River at Washington (in MLLW),Rising,0.02,Southeast River Forecast Center,NC,North Carolina,no_flooding,3.03,ft,-999,kcfs,MHX,Newport
PCTG1,33.7759722,-84.4406111,8/12/2025 11:00 AM,Proctor Creek near Atlanta,No change,0,Southeast River Forecast Center,GA,Georgia,no_flooding,1.21,ft,0.0021,kcfs,FFC,Peachtree City
PGVN7,35.61666667,-77.37277778,8/12/2025 11:00 AM,Tar River at Greenville,Falling,-0.09,Southeast River Forecast Center,NC,North Carolina,no_flooding,7.64,ft,3.16,kcfs,MHX,Newport
RDBG1,34.56416667,-84.83305556,8/12/2025 11:00 AM,Coosawattee River near Pine Chapel / Redbud,Falling,-0.02,Southeast River Forecast Center,GA,Georgia,no_flooding,5.04,ft,0.721,kcfs,FFC,Peachtree City
TIGG1,34.79472222,-83.54027778,8/12/2025 11:00 AM,Tallulah River at BURTON DAM,Rising,0.01,Southeast River Forecast Center,GA,Georgia,no_flooding,1865.15,ft,-999,kcfs,GSP,Greer
CODN7,35.50388889,-80.73638889,8/12/2025 11:00 AM,Coddle Creek at SR 1612 NR DAVIDSON,No change,0,Southeast River Forecast Center,NC,North Carolina,no_flooding,2.13,ft,0.0364,kcfs,GSP,Greer
SBNV2,36.69333333,-78.90055556,8/12/2025 11:00 AM,Dan River at South Boston,Rising,0.01,Southeast River Forecast Center,VA,Virginia,no_flooding,6.93,ft,1.34,kcfs,RNK,Blacksburg
SCON7,36.20916667,-77.38388889,8/12/2025 11:00 AM,Roanoke River near Scotland Neck,Falling,-0.09,Southeast River Forecast Center,NC,North Carolina,no_flooding,12.57,ft,7.27,kcfs,RAH,Raleigh
TLNG1,34.66666667,-84.92833333,8/12/2025 11:00 AM,Conasauga River at Tilton,No change,0,Southeast River Forecast Center,GA,Georgia,no_flooding,2.91,ft,0.304,kcfs,FFC,Peachtree City
CCKV2,36.64583333,-80.91944444,8/12/2025 11:00 AM,Chestnut Creek at Galax,Falling,-0.02,Ohio River Forecast Center,VA,Virginia,no_flooding,1.62,ft,0.0639,kcfs,RNK,Blacksburg
CHAG1,33.81694444,-84.48,8/12/2025 11:00 AM,Chattahoochee River at GA 280 near Atlanta,Falling,-0.27,Southeast River Forecast Center,GA,Georgia,no_flooding,5.96,ft,2.07,kcfs,FFC,Peachtree City
CRLT1,36.168,-83.5041,8/12/2025 11:00 AM,Holston River below Cherokee Dam,No change,0,Lower Mississippi River Forecast Center,TN,Tennessee,no_flooding,926.14,ft,-999,kcfs,MRX,Morristown
CSFS1,34.63194444,-80.18138889,8/12/2025 11:00 AM,Black Creek (SC) below Chesterfield,Falling,-0.02,Southeast River Forecast Center,SC,South Carolina,no_flooding,7.35,ft,-999,kcfs,CAE,West Columbia
EFFS1,34.05138889,-79.75416667,8/12/2025 11:00 AM,Lynches River at Effingham,Falling,-0.02,Southeast River Forecast Center,SC,South Carolina,no_flooding,8.07,ft,1.41,kcfs,ILM,Wilmington
FAYN7,35.04722,-78.85805,8/12/2025 11:00 AM,Cape Fear River at Fayetteville,Rising,0.04,Southeast River Forecast Center,NC,North Carolina,no_flooding,19.75,ft,12,kcfs,RAH,Raleigh
GILS1,33.98944444,-80.97444444,8/12/2025 11:00 AM,Gills Creek at Columbia,Falling,-0.01,Southeast River Forecast Center,SC,South Carolina,no_flooding,1.58,ft,0.0284,kcfs,CAE,West Columbia
NEPT1,35.96055556,-83.17444444,8/12/2025 11:00 AM,Pigeon River at Newport,Falling,-0.27,Lower Mississippi River Forecast Center,TN,Tennessee,no_flooding,3.45,ft,0.781,kcfs,MRX,Morristown
SDRV2,36.61944444,-79.50444444,8/12/2025 11:00 AM,Sandy River near Danville,No change,0,Southeast River Forecast Center,VA,Virginia,no_flooding,1.26,ft,0.0434,kcfs,RNK,Blacksburg
SFMG1,33.66611111,-84.22472222,8/12/2025 11:00 AM,South River at Flakes Mill Road near Snapfinger,Falling,-0.01,Southeast River Forecast Center,GA,Georgia,no_flooding,2.49,ft,0.057,kcfs,FFC,Peachtree City
TOMN7,34.75472222,-78.28916667,8/12/2025 11:00 AM,Black River near Tomahawk,Rising,0.01,Southeast River Forecast Center,NC,North Carolina,no_flooding,9.86,ft,1.74,kcfs,RAH,Raleigh
WLBK2,36.74333333,-84.15611111,8/12/2025 11:00 AM,Cumberland River at Williamsburg,No change,0,Ohio River Forecast Center,KY,Kentucky,no_flooding,3.39,ft,0.537,kcfs,JKL,Jackson
WSSN7,35.757912,-78.623826,8/12/2025 11:00 AM,Walnut Creek (NC) at S. State St.,Falling,-0.04,Southeast River Forecast Center,NC,North Carolina,no_flooding,3.46,ft,-999,kcfs,RAH,Raleigh
YNHG1,34.67972222,-83.33,8/12/2025 11:00 AM,Tugalo River at YONAH DAM,Falling,-0.09,Southeast River Forecast Center,GA,Georgia,no_flooding,743.16,ft,-999,kcfs,GSP,Greer
BCRS1,34.24361111,-79.745,8/12/2025 11:00 AM,Black Creek (SC) near Quinby,Falling,-0.02,Southeast River Forecast Center,SC,South Carolina,no_flooding,5.37,ft,0.471,kcfs,ILM,Wilmington
BDMS1,34.9868083,-81.00833889,8/12/2025 11:00 AM,Big Dutchman Creek at Rock Hill,Falling,-0.03,Southeast River Forecast Center,SC,South Carolina,no_flooding,2.62,ft,0.107,kcfs,GSP,Greer
BVDG1,34.16861111,-82.89666667,8/12/2025 11:00 AM,Beaverdam Creek above Elberton,Rising,0.01,Southeast River Forecast Center,GA,Georgia,no_flooding,2.09,ft,0.0162,kcfs,GSP,Greer
DLNG1,34.78844444,-84.9750278,8/12/2025 11:00 AM,Mill Creek at Dalton,Rising,0.01,Southeast River Forecast Center,GA,Georgia,no_flooding,4.33,ft,0.0199,kcfs,FFC,Peachtree City
EFDN7,36.15083333,-77.69305556,8/12/2025 11:00 AM,Fishing Creek near Enfield,No change,0,Southeast River Forecast Center,NC,North Carolina,no_flooding,4.09,ft,0.223,kcfs,RAH,Raleigh
GALS1,34.05694444,-79.24722222,8/12/2025 11:00 AM,Little Pee Dee River near Galivants Ferry,Rising,0.02,Southeast River Forecast Center,SC,South Carolina,action,8.03,ft,3.17,kcfs,ILM,Wilmington
HALV2,36.77638889,-78.91611111,8/12/2025 11:00 AM,Banister River at Halifax,No change,0,Southeast River Forecast Center,VA,Virginia,no_flooding,3.3,ft,0.185,kcfs,RNK,Blacksburg
HOFN7,35.06055556,-79.49416667,8/12/2025 11:00 AM,Drowning Creek at Hoffman,Rising,0.05,Southeast River Forecast Center,NC,North Carolina,no_flooding,4.12,ft,-999,kcfs,RAH,Raleigh
HOKN7,35.42888889,-77.5825,8/12/2025 11:00 AM,Contentnea Creek at Hookerton,Rising,0.1,Southeast River Forecast Center,NC,North Carolina,no_flooding,11.38,ft,1.47,kcfs,MHX,Newport
HWDS1,34.50833333,-82.85527778,8/12/2025 11:00 AM,Savannah River at Lake Hartwell,Falling,-0.03,Southeast River Forecast Center,SC,South Carolina,no_flooding,658.14,ft,-999,kcfs,GSP,Greer
KGTG1,34.20888889,-84.97861111,8/12/2025 11:00 AM,Etowah River near Kingston,Falling,-0.18,Southeast River Forecast Center,GA,Georgia,no_flooding,4.45,ft,1.31,kcfs,FFC,Peachtree City
REDN7,36.175,-81.16888889,8/12/2025 11:00 AM,Reddies River at N. Wilkesboro,Falling,-0.01,Southeast River Forecast Center,NC,North Carolina,no_flooding,1.28,ft,0.103,kcfs,RNK,Blacksburg
RHIS1,34.98472222,-80.97416667,8/12/2025 11:00 AM,Catawba River above  Rock Hill,Falling,-0.01,Southeast River Forecast Center,SC,South Carolina,no_flooding,3.79,ft,1.61,kcfs,GSP,Greer
STRS1,34.38305556,-82.5775,8/12/2025 11:00 AM,Rocky River SC near Starr,No change,0,Southeast River Forecast Center,SC,South Carolina,no_flooding,3.95,ft,0.121,kcfs,GSP,Greer
TIGT1,35.8078,-83.5879,8/12/2025 11:00 AM,Waldens Creek 2NW Pigeon Forge (Tiger Drive),Falling,-0.01,Lower Mississippi River Forecast Center,TN,Tennessee,no_flooding,2.36,ft,-999,kcfs,MRX,Morristown
TLRT1,35.36194444,-84.27916667,8/12/2025 11:00 AM,Tellico River near Tellico Plains,Rising,0.04,Lower Mississippi River Forecast Center,TN,Tennessee,no_flooding,1,ft,0.104,kcfs,MRX,Morristown
TUGG1,34.71166667,-83.35138889,8/12/2025 11:00 AM,Tallulah River at TUGALO DAM,Rising,0.09,Southeast River Forecast Center,GA,Georgia,no_flooding,890.22,ft,-999,kcfs,GSP,Greer
BIGG1,33.81527778,-83.99013889,8/12/2025 11:00 AM,Big Haynes Creek at Lenora Road near Snellville,Falling,-0.03,Southeast River Forecast Center,GA,Georgia,no_flooding,3.02,ft,0.0138,kcfs,FFC,Peachtree City
BLAS1,35.137628,-81.597906,8/12/2025 11:00 AM,"Broad River at Gaston Shoals Reservoir/Gaston Shoals Dam, 5 WNW Blacksburg",Falling,-0.14,Southeast River Forecast Center,SC,South Carolina,no_flooding,97.67,ft,-999,kcfs,GSP,Greer
CRCT1,36.37972222,-83.04666667,8/12/2025 11:00 AM,Crockett Creek below Rogersville,No change,0,Lower Mississippi River Forecast Center,TN,Tennessee,no_flooding,0.59,ft,0.0006,kcfs,MRX,Morristown
DLBG1,34.62916667,-84.91722222,8/12/2025 11:00 AM,Conasauga River at Sloan Bridge below Dalton,No change,0,Southeast River Forecast Center,GA,Georgia,no_flooding,0.15,ft,-999,kcfs,FFC,Peachtree City
FONN7,35.45055556,-83.80555556,8/12/2025 11:00 AM,Little Tennessee River at FONTANA DAM TVA,Rising,0.02,Lower Mississippi River Forecast Center,NC,North Carolina,no_flooding,1699.68,ft,-999,kcfs,GSP,Greer
KINS1,33.66111111,-79.83611111,8/12/2025 11:00 AM,Black River at Kingstree,Rising,0.01,Southeast River Forecast Center,SC,South Carolina,no_flooding,5.14,ft,0.311,kcfs,ILM,Wilmington
LNGS1,33.9125,-78.71527778,8/12/2025 11:00 AM,Waccamaw River at Longs,Rising,0.01,Southeast River Forecast Center,SC,South Carolina,action,11.93,ft,5.53,kcfs,ILM,Wilmington
MCKN7,35.845,-80.658889,8/12/2025 11:00 AM,"S Yadkin River below Foster Rd, 6 SW Mocksville",Falling,-0.01,Southeast River Forecast Center,NC,North Carolina,no_flooding,3.08,ft,0.334,kcfs,GSP,Greer
MODS1,33.72916667,-82.18194444,8/12/2025 11:00 AM,Stevens Creek near Modoc,Rising,1.02,Southeast River Forecast Center,SC,South Carolina,no_flooding,4.98,ft,1.06,kcfs,CAE,West Columbia
NICS1,34.225833,-79.13444,8/12/2025 11:00 AM,Lumber River near Nichols,Rising,0.01,Southeast River Forecast Center,SC,South Carolina,action,18.15,ft,2.63,kcfs,ILM,Wilmington
PDES1,34.20416667,-79.54861111,8/12/2025 11:00 AM,Pee Dee River at Pee Dee,Falling,-0.1,Southeast River Forecast Center,SC,South Carolina,no_flooding,10.11,ft,6.74,kcfs,ILM,Wilmington
RBDS1,34.10111111,-82.61805556,8/12/2025 11:00 AM,Russell Lake near Savannah River,Rising,0.01,Southeast River Forecast Center,SC,South Carolina,no_flooding,473.05,ft,-999,kcfs,GSP,Greer
RRDN7,36.46027778,-77.63444444,8/12/2025 11:00 AM,Roanoke River at Roanoke Rapids,No change,0,Southeast River Forecast Center,NC,North Carolina,no_flooding,3.42,ft,2.74,kcfs,RAH,Raleigh
RWLG1,33.98583333,-84.31611111,8/12/2025 11:00 AM,Chattahoochee River above Roswell,Falling,-0.18,Southeast River Forecast Center,GA,Georgia,no_flooding,4.29,ft,2.31,kcfs,FFC,Peachtree City
TERG1,34.7656,-83.41673,8/12/2025 11:00 AM,Tallulah River at MATHIS-TERRORA DAM,Rising,0.06,Southeast River Forecast Center,GA,Georgia,no_flooding,1688.82,ft,-999,kcfs,GSP,Greer
WKSN7,36.1525,-81.14555556,8/12/2025 11:00 AM,Yadkin River at Wilkesboro,Falling,-0.01,Southeast River Forecast Center,NC,North Carolina,no_flooding,2.47,ft,0.682,kcfs,RNK,Blacksburg
SLGN7,36.4532,-76.0692,8/12/2025 11:05 AM,Currituck Sound near Buckskin Creek at NC 168 near Sligo,Rising,0.01,Southeast River Forecast Center,NC,North Carolina,no_flooding,0.76,ft,-999,kcfs,AKQ,Wakefield
RFCN7,34.7405,-77.9814,8/12/2025 11:05 AM,Little Rockfish Creek at Wallace,No change,0,Southeast River Forecast Center,NC,North Carolina,no_flooding,1.5,ft,-999,kcfs,MHX,Newport
RFYN7,34.961029,-78.899607,8/12/2025 11:05 AM,Rockfish Creek at Research Dr near Fayetteville,Rising,0.01,Southeast River Forecast Center,NC,North Carolina,no_flooding,3.43,ft,-999,kcfs,RAH,Raleigh
RMLN7,35.910822,-75.669072,8/12/2025 11:05 AM,Shallowbag Bay at Manteo (in MLLW),No change,0,Southeast River Forecast Center,NC,North Carolina,no_flooding,0.67,ft,-999,kcfs,MHX,Newport
SFBN7,36.2764,-81.5521,8/12/2025 11:05 AM,South Fork New River at SR 1100 near Brownwood,No change,0,Ohio River Forecast Center,NC,North Carolina,no_flooding,4.08,ft,-999,kcfs,RNK,Blacksburg
SPBN7,35.5546,-77.75134,8/12/2025 11:05 AM,Contentnea Creek at Speights Bridge,Rising,0.02,Southeast River Forecast Center,NC,North Carolina,no_flooding,13.9,ft,-999,kcfs,MHX,Newport
SNHN7,35.4568,-77.67,8/12/2025 11:05 AM,Contentnea Creek at Snow Hill,Rising,0.01,Southeast River Forecast Center,NC,North Carolina,no_flooding,13.86,ft,-999,kcfs,MHX,Newport
STNN7,35.5861,-77.8115,8/12/2025 11:05 AM,Contentnea Creek near Stantonsburg,Falling,-0.01,Southeast River Forecast Center,NC,North Carolina,no_flooding,13.81,ft,-999,kcfs,MHX,Newport
VAAN7,35.2969,-77.1491,8/12/2025 11:05 AM,Swift Creek at Vanceboro,Rising,0.05,Southeast River Forecast Center,NC,North Carolina,no_flooding,5.75,ft,-999,kcfs,MHX,Newport
SCGN7,35.376,-77.96,8/12/2025 11:05 AM,Stony Creek at Bus US 70,Falling,-0.07,Southeast River Forecast Center,NC,North Carolina,no_flooding,6.68,ft,-999,kcfs,RAH,Raleigh
SPDN7,35.9739,-77.4518,8/12/2025 11:05 AM,Deep Creek (NC) at Dickens Rd,No change,0,Southeast River Forecast Center,NC,North Carolina,no_flooding,3.88,ft,-999,kcfs,RAH,Raleigh
BFCG1,33.82138889,-84.27472222,8/12/2025 11:05 AM,Burnt Fork Creek at Millwood Way near Clarkston,No change,0,Southeast River Forecast Center,GA,Georgia,no_flooding,1.18,ft,-999,kcfs,FFC,Peachtree City
RFYN7,34.961029,-78.899607,8/12/2025 11:05 AM,Rockfish Creek at Research Dr near Fayetteville,Rising,0.01,Southeast River Forecast Center,NC,North Carolina,no_flooding,3.43,ft,-999,kcfs,RAH,Raleigh
ALDN7,36.43833333,-81.65416667,8/12/2025 11:05 AM,North Fork New River at Ashland,Rising,0.01,Ohio River Forecast Center,NC,North Carolina,no_flooding,1.41,ft,-999,kcfs,RNK,Blacksburg
BVCN7,35.0738,-78.9767,8/12/2025 11:05 AM,Beaver Creek (NC) at Morganton Rd,No change,0,Southeast River Forecast Center,NC,North Carolina,no_flooding,9.01,ft,-999,kcfs,RAH,Raleigh
LHMN7,34.9722,-78.9453,8/12/2025 11:05 AM,Little Rockfish Creek at Lakeview Rd near Hope Mills,No change,0,Southeast River Forecast Center,NC,North Carolina,no_flooding,3.15,ft,-999,kcfs,RAH,Raleigh
HNTN7,35.73941,-81.678973,8/12/2025 11:05 AM,Hunting Creek at Morganton,No change,0,Southeast River Forecast Center,NC,North Carolina,no_flooding,2.16,ft,-999,kcfs,GSP,Greer
HWBN7,36.136069,-79.426323,8/12/2025 11:05 AM,Haw River at NC-62,Falling,-0.01,Southeast River Forecast Center,NC,North Carolina,no_flooding,2.17,ft,-999,kcfs,RAH,Raleigh
MCFN7,36.0475,-80.3665,8/12/2025 11:05 AM,Muddy Creek (NC) above Muddy Creek at I-40 nr Clemmons,Falling,-0.04,Southeast River Forecast Center,NC,North Carolina,no_flooding,3.37,ft,-999,kcfs,RAH,Raleigh
IVNV2,36.83472222,-80.95277778,8/12/2025 11:05 AM,New River at Ivanhoe,Falling,-0.01,Ohio River Forecast Center,VA,Virginia,no_flooding,2.94,ft,1.59,kcfs,RNK,Blacksburg
LCSN7,34.7695,-79.4493,8/12/2025 11:05 AM,Leith Creek above East Church St,No change,0,Southeast River Forecast Center,NC,North Carolina,no_flooding,5.21,ft,-999,kcfs,RAH,Raleigh
NPRN7,34.9356,-79.7641,8/12/2025 11:05 AM,North Prong Falling Creek at Rockingham Rd,Rising,0.01,Southeast River Forecast Center,NC,North Carolina,no_flooding,1.75,ft,-999,kcfs,RAH,Raleigh
FRMN7,35.6067,-77.5747,8/12/2025 11:05 AM,Little Contentnea Creek at Farmville,Falling,-0.01,Southeast River Forecast Center,NC,North Carolina,no_flooding,6.01,ft,-999,kcfs,MHX,Newport
CNWN7,35.701,-77.9655,8/12/2025 11:05 AM,Contentnea Creek at US 301,Rising,0.01,Southeast River Forecast Center,NC,North Carolina,no_flooding,6.07,ft,-999,kcfs,RAH,Raleigh
FOSN7,36.17361111,-81.745,8/12/2025 11:05 AM,Watauga River near Foscoe,Rising,0.01,Lower Mississippi River Forecast Center,NC,North Carolina,no_flooding,4.32,ft,-999,kcfs,RNK,Blacksburg
NSPN7,35.916764,-78.97066,8/12/2025 11:05 AM,New Hope Creek at NC-54,Rising,0.01,Southeast River Forecast Center,NC,North Carolina,no_flooding,7.73,ft,-999,kcfs,RAH,Raleigh
TFMN7,35.9511,-78.9269,8/12/2025 11:05 AM,Third Fork Creek at ML King Pkwy in Durham,Falling,-0.03,Southeast River Forecast Center,NC,North Carolina,no_flooding,1.16,ft,-999,kcfs,RAH,Raleigh
CLFN7,36.45777778,-81.56055556,8/12/2025 11:05 AM,North Fork New River at Clifton,No change,0,Ohio River Forecast Center,NC,North Carolina,no_flooding,1.3,ft,-999,kcfs,RNK,Blacksburg
STNN7,35.5861,-77.8115,8/12/2025 11:05 AM,Contentnea Creek near Stantonsburg,Falling,-0.01,Southeast River Forecast Center,NC,North Carolina,no_flooding,13.81,ft,-999,kcfs,MHX,Newport
WAWN7,35.756939,-78.64067,8/12/2025 11:05 AM,Walnut Creek (NC) at S. Wilmington St.,Falling,-0.01,Southeast River Forecast Center,NC,North Carolina,no_flooding,2.3,ft,0.159,kcfs,RAH,Raleigh
CCHN7,35.058,-78.885,8/12/2025 11:05 AM,Cross Creek NC at Hillsboro St,Falling,-0.09,Southeast River Forecast Center,NC,North Carolina,no_flooding,2.42,ft,-999,kcfs,RAH,Raleigh
LRTN7,35.263952,-79.359036,8/12/2025 11:05 AM,Little River (NC) at Niagara Carthage Rd,Rising,0.01,Southeast River Forecast Center,NC,North Carolina,no_flooding,4,ft,-999,kcfs,RAH,Raleigh
MDRN7,36.1186,-80.3498,8/12/2025 11:05 AM,Muddy Creek (NC) at Robinhood Rd,Falling,-0.02,Southeast River Forecast Center,NC,North Carolina,no_flooding,2.81,ft,-999,kcfs,RAH,Raleigh
RYAN7,36.03111,-79.79611,8/12/2025 11:05 AM,Ryan Creek below US220 at Greensboro,No change,0,Southeast River Forecast Center,NC,North Carolina,no_flooding,1.17,ft,0.0263,kcfs,RAH,Raleigh
BVKN7,35.72995,-78.894812,8/12/2025 11:05 AM,Beaver Creek (NC) at Kelly Rd,No change,0,Southeast River Forecast Center,NC,North Carolina,no_flooding,1.92,ft,-999,kcfs,RAH,Raleigh
SPDN7,35.9739,-77.4518,8/12/2025 11:05 AM,Deep Creek (NC) at Dickens Rd,No change,0,Southeast River Forecast Center,NC,North Carolina,no_flooding,3.88,ft,-999,kcfs,RAH,Raleigh
SPDN7,35.9739,-77.4518,8/12/2025 11:05 AM,Deep Creek (NC) at Dickens Rd,No change,0,Southeast River Forecast Center,NC,North Carolina,no_flooding,3.88,ft,-999,kcfs,RAH,Raleigh
TFMN7,35.9511,-78.9269,8/12/2025 11:05 AM,Third Fork Creek at ML King Pkwy in Durham,Falling,-0.03,Southeast River Forecast Center,NC,North Carolina,no_flooding,1.16,ft,-999,kcfs,RAH,Raleigh
BFCG1,33.82138889,-84.27472222,8/12/2025 11:05 AM,Burnt Fork Creek at Millwood Way near Clarkston,No change,0,Southeast River Forecast Center,GA,Georgia,no_flooding,1.18,ft,-999,kcfs,FFC,Peachtree City
RFYN7,34.961029,-78.899607,8/12/2025 11:05 AM,Rockfish Creek at Research Dr near Fayetteville,Rising,0.01,Southeast River Forecast Center,NC,North Carolina,no_flooding,3.43,ft,-999,kcfs,RAH,Raleigh
STNN7,35.5861,-77.8115,8/12/2025 11:05 AM,Contentnea Creek near Stantonsburg,Falling,-0.01,Southeast River Forecast Center,NC,North Carolina,no_flooding,13.81,ft,-999,kcfs,MHX,Newport
WAWN7,35.756939,-78.64067,8/12/2025 11:05 AM,Walnut Creek (NC) at S. Wilmington St.,Falling,-0.01,Southeast River Forecast Center,NC,North Carolina,no_flooding,2.3,ft,0.159,kcfs,RAH,Raleigh
RYAN7,36.03111,-79.79611,8/12/2025 11:05 AM,Ryan Creek below US220 at Greensboro,No change,0,Southeast River Forecast Center,NC,North Carolina,no_flooding,1.17,ft,0.0263,kcfs,RAH,Raleigh
BFTN7,34.718417,-76.673118,8/12/2025 11:06 AM,Atlantic Coast at Beaufort Marine Lab (in MLLW),Rising,0.44,Southeast River Forecast Center,NC,North Carolina,no_flooding,1.69,ft,-999,kcfs,MHX,Newport
DUKN7,36.18333333,-75.75,8/12/2025 11:06 AM,Atlantic Coast at Duck (in MLLW),Rising,0.52,Southeast River Forecast Center,NC,North Carolina,no_flooding,2.11,ft,-999,kcfs,MHX,Newport
MROS1,33.655,-78.91833333,8/12/2025 11:06 AM,Atlantic Coast at Myrtle Beach Springmaid Pier (IN MLLW),Rising,0.7,Southeast River Forecast Center,SC,South Carolina,no_flooding,2.67,ft,-999,kcfs,ILM,Wilmington
ORIN7,35.79638889,-75.54972222,8/12/2025 11:06 AM,Pamlico Sound at Oregon Inlet Marina (in MLLW),Rising,0.08,Southeast River Forecast Center,NC,North Carolina,no_flooding,1.17,ft,-999,kcfs,MHX,Newport
ELZV2,36.8436,-76.3647,8/12/2025 11:06 AM,Elizabeth River near Pinehurst in Portsmouth (IN MLLW),Rising,0.2,Middle Atlantic River Forecast Center,VA,Virginia,no_flooding,0.86,ft,-999,kcfs,AKQ,Wakefield
EZMV2,36.862,-76.3095,8/12/2025 11:06 AM,Elizabeth River at the Midtown Tunnel (in MLLW),Rising,0.2,Middle Atlantic River Forecast Center,VA,Virginia,no_flooding,0.91,ft,-999,kcfs,AKQ,Wakefield
MNPV2,36.77833333,-76.30166667,8/12/2025 11:06 AM,Elizabeth River near Money Point (IN MLLW),Rising,0.2,Middle Atlantic River Forecast Center,VA,Virginia,no_flooding,0.77,ft,-999,kcfs,AKQ,Wakefield
NLRV2,36.61811,-76.046302,8/12/2025 11:06 AM,North Landing River near Creeds,No change,0,Southeast River Forecast Center,VA,Virginia,no_flooding,0.84,ft,-999,kcfs,AKQ,Wakefield
LHNV2,36.906611,-76.095583,8/12/2025 11:06 AM,Lynnhaven River near Lynnhaven Inlet (IN MLLW),Rising,0.22,Middle Atlantic River Forecast Center,VA,Virginia,no_flooding,1.19,ft,-999,kcfs,AKQ,Wakefield
HCGN7,35.20805556,-75.70305556,8/12/2025 11:06 AM,Pamlico Sound at Coast Guard Hatteras (in MLLW),Rising,0.02,Southeast River Forecast Center,NC,North Carolina,no_flooding,0.9,ft,-999,kcfs,MHX,Newport
JMPN7,34.213404,-77.786688,8/12/2025 11:06 AM,Atlantic Coast at Johnnie Mercers Pier at Wrightsville Beach (MLLW),Rising,0.65,Southeast River Forecast Center,NC,North Carolina,no_flooding,2.57,ft,-999,kcfs,ILM,Wilmington
DCSN7,35.45694444,-83.43805556,8/12/2025 11:10 AM,Deep Creek (NC) at Deep Creek road near Bryson City,Rising,0.01,Lower Mississippi River Forecast Center,NC,North Carolina,no_flooding,2.68,ft,-999,kcfs,GSP,Greer
GIST1,35.8707,-83.5967,8/12/2025 11:10 AM,Gists Creek 2W Sevierville,Rising,0.01,Lower Mississippi River Forecast Center,TN,Tennessee,no_flooding,0.95,ft,-999,kcfs,MRX,Morristown
SALV2,36.89666667,-81.74638889,8/12/2025 11:10 AM,North Fork Holston River at Saltville,No change,0,Lower Mississippi River Forecast Center,VA,Virginia,no_flooding,0.82,ft,0.0653,kcfs,RNK,Blacksburg
SMFV2,36.80722222,-81.62222222,8/12/2025 11:10 AM,Middle Fork Holston River at Seven Mile Ford,No change,0,Lower Mississippi River Forecast Center,VA,Virginia,no_flooding,1.26,ft,0.0608,kcfs,RNK,Blacksburg
WALT1,35.7853,-83.6265,8/12/2025 11:10 AM,Waldens Creek 4W Pigeon Forge (Old Valley),No change,0,Lower Mississippi River Forecast Center,TN,Tennessee,no_flooding,0.07,ft,-999,kcfs,MRX,Morristown
SPAN7,36.46027778,-81.16777778,8/12/2025 11:10 AM,Little River near Sparta,No change,0,Ohio River Forecast Center,NC,North Carolina,no_flooding,1.61,ft,-999,kcfs,RNK,Blacksburg
SRCN7,34.845,-78.259,8/12/2025 11:10 AM,Six Runs Creek at US 241,Rising,0.09,Southeast River Forecast Center,NC,North Carolina,no_flooding,7.18,ft,-999,kcfs,RAH,Raleigh
BASV2,36.77,-80.00111111,8/12/2025 11:10 AM,Smith River at Bassett,No change,0,Southeast River Forecast Center,VA,Virginia,no_flooding,2.07,ft,0.264,kcfs,RNK,Blacksburg
CCGN7,35.23737,-81.16395,8/12/2025 11:10 AM,Catawba Creek (NC) at E Hudson Blvd 2 SW Gastonia,No change,0,Southeast River Forecast Center,NC,North Carolina,no_flooding,2,ft,-999,kcfs,GSP,Greer
CUSN7,35.14194444,-83.29416667,8/12/2025 11:10 AM,"Cullasaja River at Peaceful Cove Rd (above Cullasaja River RV Park), 6 SE Franklin",Rising,0.02,Lower Mississippi River Forecast Center,NC,North Carolina,no_flooding,2.45,ft,-999,kcfs,GSP,Greer
JEFN7,36.42166667,-81.49583333,8/12/2025 11:10 AM,Little Buffalo Creek near Jefferson,No change,0,Ohio River Forecast Center,NC,North Carolina,no_flooding,1.52,ft,-999,kcfs,RNK,Blacksburg
MACN7,36.5402,-75.9723,8/12/2025 11:10 AM,Currituck Sound at Marsh Causeway @ NC 615,No change,0,Southeast River Forecast Center,NC,North Carolina,no_flooding,0.68,ft,-999,kcfs,AKQ,Wakefield
RDVT1,35.8169,-83.5904,8/12/2025 11:10 AM,West Prong Little Pigeon River 3NW Pigeon Forge (River Divide),No change,0,Lower Mississippi River Forecast Center,TN,Tennessee,no_flooding,3.11,ft,-999,kcfs,MRX,Morristown
RDVT1,35.8169,-83.5904,8/12/2025 11:10 AM,West Prong Little Pigeon River 3NW Pigeon Forge (River Divide),No change,0,Lower Mississippi River Forecast Center,TN,Tennessee,no_flooding,3.11,ft,-999,kcfs,MRX,Morristown
SPAN7,36.46027778,-81.16777778,8/12/2025 11:10 AM,Little River near Sparta,No change,0,Ohio River Forecast Center,NC,North Carolina,no_flooding,1.61,ft,-999,kcfs,RNK,Blacksburg
CCGN7,35.23737,-81.16395,8/12/2025 11:10 AM,Catawba Creek (NC) at E Hudson Blvd 2 SW Gastonia,No change,0,Southeast River Forecast Center,NC,North Carolina,no_flooding,2,ft,-999,kcfs,GSP,Greer
CUSN7,35.14194444,-83.29416667,8/12/2025 11:10 AM,"Cullasaja River at Peaceful Cove Rd (above Cullasaja River RV Park), 6 SE Franklin",Rising,0.02,Lower Mississippi River Forecast Center,NC,North Carolina,no_flooding,2.45,ft,-999,kcfs,GSP,Greer
DCSN7,35.45694444,-83.43805556,8/12/2025 11:10 AM,Deep Creek (NC) at Deep Creek road near Bryson City,Rising,0.01,Lower Mississippi River Forecast Center,NC,North Carolina,no_flooding,2.68,ft,-999,kcfs,GSP,Greer
JEFN7,36.42166667,-81.49583333,8/12/2025 11:10 AM,Little Buffalo Creek near Jefferson,No change,0,Ohio River Forecast Center,NC,North Carolina,no_flooding,1.52,ft,-999,kcfs,RNK,Blacksburg
NSSN7,35.229375,-77.84627,8/12/2025 11:10 AM,Neuse River above Neuse River at Main St in Seven Springs,Rising,0.01,Southeast River Forecast Center,NC,North Carolina,action,12.24,ft,-999,kcfs,RAH,Raleigh
SALV2,36.89666667,-81.74638889,8/12/2025 11:10 AM,North Fork Holston River at Saltville,No change,0,Lower Mississippi River Forecast Center,VA,Virginia,no_flooding,0.82,ft,0.0653,kcfs,RNK,Blacksburg
SMFV2,36.80722222,-81.62222222,8/12/2025 11:10 AM,Middle Fork Holston River at Seven Mile Ford,No change,0,Lower Mississippi River Forecast Center,VA,Virginia,no_flooding,1.26,ft,0.0608,kcfs,RNK,Blacksburg
WALT1,35.7853,-83.6265,8/12/2025 11:10 AM,Waldens Creek 4W Pigeon Forge (Old Valley),No change,0,Lower Mississippi River Forecast Center,TN,Tennessee,no_flooding,0.07,ft,-999,kcfs,MRX,Morristown
BRAN7,35.312,-78.646,8/12/2025 11:10 AM,Black River at Antioch Church Rd,Falling,-0.01,Southeast River Forecast Center,NC,North Carolina,no_flooding,2.05,ft,-999,kcfs,RAH,Raleigh
SRCN7,34.845,-78.259,8/12/2025 11:10 AM,Six Runs Creek at US 241,Rising,0.09,Southeast River Forecast Center,NC,North Carolina,no_flooding,7.18,ft,-999,kcfs,RAH,Raleigh
KERV2,36.59833333,-78.29916667,8/12/2025 11:11 AM,Roanoke River at John H. Kerr Dam,Rising,0.01,Southeast River Forecast Center,VA,Virginia,no_flooding,300.95,ft,-999,kcfs,AKQ,Wakefield
BGCV2,36.679806,-75.984,8/12/2025 11:12 AM,Beggars Bridge Creek near Dawley Corners,No change,0,Southeast River Forecast Center,VA,Virginia,no_flooding,0.5,ft,-999,kcfs,AKQ,Wakefield
NMDV2,36.73916667,-76.58277778,8/12/2025 11:12 AM,Nansemond River at Suffolk (IN MLLW),Falling,-0.14,Middle Atlantic River Forecast Center,VA,Virginia,no_flooding,0.4,ft,-999,kcfs,AKQ,Wakefield
WLON7,34.22666667,-77.95333333,8/12/2025 11:12 AM,Cape Fear River at Wilmington (IN MLLW),Falling,-0.09,Southeast River Forecast Center,NC,North Carolina,no_flooding,0.17,ft,-999,kcfs,ILM,Wilmington
EZMV2,36.862,-76.3095,8/12/2025 11:12 AM,Elizabeth River at the Midtown Tunnel (in MLLW),Rising,0.06,Middle Atlantic River Forecast Center,VA,Virginia,no_flooding,0.97,ft,-999,kcfs,AKQ,Wakefield
MNPV2,36.77833333,-76.30166667,8/12/2025 11:12 AM,Elizabeth River near Money Point (IN MLLW),Rising,0.06,Middle Atlantic River Forecast Center,VA,Virginia,no_flooding,0.83,ft,-999,kcfs,AKQ,Wakefield
WLON7,34.22666667,-77.95333333,8/12/2025 11:12 AM,Cape Fear River at Wilmington (IN MLLW),Falling,-0.09,Southeast River Forecast Center,NC,North Carolina,no_flooding,0.17,ft,-999,kcfs,ILM,Wilmington
BLVG1,34.845,-83.93861111,8/12/2025 11:15 AM,Nottely River near Blairsville,Rising,0.01,Lower Mississippi River Forecast Center,GA,Georgia,no_flooding,3.15,ft,0.307,kcfs,FFC,Peachtree City
IGCV2,36.895933,-82.026579,8/12/2025 11:15 AM,Big Cedar Creek 1E Lebanon,Falling,-0.01,Lower Mississippi River Forecast Center,VA,Virginia,no_flooding,3.67,ft,-999,kcfs,MRX,Morristown
LSAN7,35.14805556,-80.85777778,8/12/2025 11:15 AM,Little Sugar Creek (NC) at Archdale Drive,Rising,0.78,Southeast River Forecast Center,NC,North Carolina,no_flooding,4.12,ft,0.319,kcfs,GSP,Greer
MCBS1,34.51388889,-80.18333333,8/12/2025 11:15 AM,Black Creek (SC) near Mcbee,Rising,0.01,Southeast River Forecast Center,SC,South Carolina,no_flooding,7.16,ft,0.174,kcfs,CAE,West Columbia
NPBG1,33.83138889,-84.34277778,8/12/2025 11:15 AM,North Fork Peachtree Creek at Buford Highway at Atlanta,Falling,-0.01,Southeast River Forecast Center,GA,Georgia,no_flooding,4.06,ft,0.0193,kcfs,FFC,Peachtree City
PHFN7,35.8029,-78.6202,8/12/2025 11:15 AM,Pigeon House Creek at Fenton St,Falling,-0.01,Southeast River Forecast Center,NC,North Carolina,no_flooding,4.22,ft,-999,kcfs,RAH,Raleigh
PNVN7,35.09083333,-80.89944444,8/12/2025 11:15 AM,Sugar Creek NC at NC 51 nr Pineville,Falling,-0.02,Southeast River Forecast Center,NC,North Carolina,no_flooding,1.67,ft,0.0668,kcfs,GSP,Greer
PRCG1,33.79416667,-84.47444444,8/12/2025 11:15 AM,Proctor Creek at Jackson Parkway at Atlanta,No change,0,Southeast River Forecast Center,GA,Georgia,no_flooding,3.26,ft,0.0023,kcfs,FFC,Peachtree City
SMCG1,33.97916667,-84.45222222,8/12/2025 11:15 AM,Sewell Mill Creek at GA 120 near Marietta,No change,0,Southeast River Forecast Center,GA,Georgia,no_flooding,1.08,ft,-999,kcfs,FFC,Peachtree City
SMON7,35.228333,-80.869167,8/12/2025 11:15 AM,Stewart Creek at W Morehead St (US 29),No change,0,Southeast River Forecast Center,NC,North Carolina,no_flooding,1.45,ft,-999,kcfs,GSP,Greer
STHG1,33.67888889,-84.35805556,8/12/2025 11:15 AM,South River at Forrest Park Road at Atlanta,No change,0,Southeast River Forecast Center,GA,Georgia,no_flooding,3.06,ft,0.0167,kcfs,FFC,Peachtree City
STSN7,35.105,-80.95361111,8/12/2025 11:15 AM,Steele Creek at Carowinds Blvd,Rising,0.03,Southeast River Forecast Center,NC,North Carolina,no_flooding,1.61,ft,0.0234,kcfs,GSP,Greer
TWNT1,35.66444444,-83.71138889,8/12/2025 11:15 AM,Little River (TN) at Townsend,Rising,0.02,Lower Mississippi River Forecast Center,TN,Tennessee,no_flooding,1.98,ft,0.199,kcfs,MRX,Morristown
UTYG1,33.74333333,-84.56833333,8/12/2025 11:15 AM,Utoy Creek at Great Southwest Parkway near Atlanta,Falling,-0.01,Southeast River Forecast Center,GA,Georgia,no_flooding,2.76,ft,0.0053,kcfs,FFC,Peachtree City
BKCN7,35.309167,-80.673611,8/12/2025 11:15 AM,Back Creek at Caldwell Rd near Harrisburg,Rising,1,Southeast River Forecast Center,NC,North Carolina,no_flooding,4.25,ft,0.0878,kcfs,GSP,Greer
BRIN7,35.20611111,-80.80583333,8/12/2025 11:15 AM,Briar Creek below Edward's Branch,Rising,0.58,Southeast River Forecast Center,NC,North Carolina,no_flooding,3.58,ft,-999,kcfs,GSP,Greer
CRFN7,35.36138889,-80.8975,8/12/2025 11:15 AM,Gar Creek at SR 2074 NR CROFT #6531,No change,0,Southeast River Forecast Center,NC,North Carolina,no_flooding,1.15,ft,0,kcfs,GSP,Greer
DABV2,36.59727,-79.40405,8/12/2025 11:15 AM,Apple Branch at Goodyear Blvd in Danville,Falling,-0.01,Southeast River Forecast Center,VA,Virginia,no_flooding,2.82,ft,-999,kcfs,RNK,Blacksburg
DTAS1,34.53527778,-81.54833333,8/12/2025 11:15 AM,Tyger River near Delta,Rising,0.05,Southeast River Forecast Center,SC,South Carolina,no_flooding,8.07,ft,1.87,kcfs,GSP,Greer
HJBT1,35.71361111,-83.5125,8/12/2025 11:15 AM,West Prong Little Pigeon River at Gatlinburg (Aquarium Bridge),No change,0,Lower Mississippi River Forecast Center,TN,Tennessee,no_flooding,1.06,ft,-999,kcfs,MRX,Morristown
IRWN7,35.19777778,-80.90444444,8/12/2025 11:15 AM,Irwin Creek at WWTP,Falling,-0.08,Southeast River Forecast Center,NC,North Carolina,no_flooding,1.34,ft,0.0509,kcfs,GSP,Greer
POCT1,35.7077,-83.3826,8/12/2025 11:15 AM,Porters Creek 3S Pittman Center (Greenbrier),Falling,-0.01,Lower Mississippi River Forecast Center,TN,Tennessee,no_flooding,0.58,ft,-999,kcfs,MRX,Morristown
RLHN7,35.8375,-78.67388889,8/12/2025 11:15 AM,Crabtree Creek at Glenwood Ave,Falling,-0.05,Southeast River Forecast Center,NC,North Carolina,no_flooding,9.38,ft,0.963,kcfs,RAH,Raleigh
SBHN7,36.03777778,-79.80027778,8/12/2025 11:15 AM,South Buffalo Creek at US220 Nr Greensboro,Rising,0.01,Southeast River Forecast Center,NC,North Carolina,no_flooding,2.31,ft,0.0052,kcfs,RAH,Raleigh
STEN7,35.240278,-80.868333,8/12/2025 11:15 AM,Stewart Creek at State St.,No change,0,Southeast River Forecast Center,NC,North Carolina,no_flooding,1.04,ft,-999,kcfs,GSP,Greer
STWG1,33.94111111,-84.10777778,8/12/2025 11:15 AM,Sweetwater Creek (E ATL) at Club Drive near Lilburn,No change,0,Southeast River Forecast Center,GA,Georgia,no_flooding,2.98,ft,0.0113,kcfs,FFC,Peachtree City
BALG1,34.31055556,-84.40333333,8/12/2025 11:15 AM,Sharp Mountain Creek at Old GA 5 below Ball Ground,Falling,-0.01,Southeast River Forecast Center,GA,Georgia,no_flooding,3.13,ft,0.0641,kcfs,FFC,Peachtree City
BMCV2,36.648295,-82.553548,8/12/2025 11:15 AM,Big Moccasin Creek at Gate City,Rising,0.01,Lower Mississippi River Forecast Center,VA,Virginia,no_flooding,3.63,ft,-999,kcfs,MRX,Morristown
CHES1,34.70833333,-79.875,8/12/2025 11:15 AM,Pee Dee River at Cheraw,Rising,0.4,Southeast River Forecast Center,SC,South Carolina,no_flooding,8.6,ft,7.6,kcfs,CAE,West Columbia
DPGV2,36.56157,-79.37488,8/12/2025 11:15 AM,Pumpkin Creek at Goodyear Blvd in Danville,No change,0,Southeast River Forecast Center,VA,Virginia,no_flooding,2.11,ft,-999,kcfs,RNK,Blacksburg
EBSN7,35.20333333,-80.77222222,8/12/2025 11:15 AM,Edwards Branch at Sheffield drive,Falling,-0.1,Southeast River Forecast Center,NC,North Carolina,no_flooding,1.07,ft,0.0016,kcfs,GSP,Greer
GBRN7,35.29944444,-80.94638889,8/12/2025 11:15 AM,Gum Branch at Gum Branch road,No change,0,Southeast River Forecast Center,NC,North Carolina,no_flooding,1.89,ft,0.0115,kcfs,GSP,Greer
ISNN7,35.15861111,-80.71333333,8/12/2025 11:15 AM,Irvins Creek at Sam Newell Road,Rising,0.9,Southeast River Forecast Center,NC,North Carolina,no_flooding,3.79,ft,0.176,kcfs,GSP,Greer
JOHN7,35.83361111,-81.71194444,8/12/2025 11:15 AM,Johns River at Arneys Store,No change,0,Southeast River Forecast Center,NC,North Carolina,no_flooding,3.28,ft,0.906,kcfs,GSP,Greer
LRLS1,34.50075,-82.008944,8/12/2025 11:15 AM,Little River at Gordon Street in Laurens,Falling,-0.05,Southeast River Forecast Center,SC,South Carolina,no_flooding,2.67,ft,-999,kcfs,GSP,Greer
RTRN7,35.42666667,-82.91972222,8/12/2025 11:15 AM,Pigeon River (NC) near (W Fork) nr Retreat,Rising,0.01,Lower Mississippi River Forecast Center,NC,North Carolina,no_flooding,2.06,ft,0.173,kcfs,GSP,Greer
SLTS1,35.08388889,-82.46,8/12/2025 11:15 AM,North Saluda River at Highway 11,Falling,-0.02,Southeast River Forecast Center,SC,South Carolina,no_flooding,4.46,ft,0.109,kcfs,GSP,Greer
SMRN7,35.23611111,-80.77111111,8/12/2025 11:15 AM,Briar Creek at Shamrock Drive,Falling,-0.08,Southeast River Forecast Center,NC,North Carolina,no_flooding,2.14,ft,0.0674,kcfs,GSP,Greer
SPJG1,33.80277778,-84.34083333,8/12/2025 11:15 AM,South Fork Peachtree Creek at Johnson Road near Atlanta,No change,0,Southeast River Forecast Center,GA,Georgia,no_flooding,3.5,ft,0.014,kcfs,FFC,Peachtree City
BLBV2,36.741903,-80.002438,8/12/2025 11:15 AM,Blackberry Creek near Bassett,Falling,-0.02,Southeast River Forecast Center,VA,Virginia,no_flooding,3.14,ft,-999,kcfs,RNK,Blacksburg
DFCV2,36.58672,-79.37891,8/12/2025 11:15 AM,Fall Creek at River Street in Danville,Falling,-0.02,Southeast River Forecast Center,VA,Virginia,no_flooding,1.37,ft,-999,kcfs,RNK,Blacksburg
GCKN7,35.13027778,-80.63138889,8/12/2025 11:15 AM,Goose Creek at Hwy 1524 nr Indian Trail,Rising,0.23,Southeast River Forecast Center,NC,North Carolina,no_flooding,1.09,ft,0.033,kcfs,GSP,Greer
LSMN7,35.20361111,-80.83694444,8/12/2025 11:15 AM,Little Sugar Creek (NC) at Medical Center Dr,Falling,-0.04,Southeast River Forecast Center,NC,North Carolina,no_flooding,3.62,ft,0.123,kcfs,GSP,Greer
MCCN7,35.11833333,-80.80666667,8/12/2025 11:15 AM,McAlpine Creek at Colony Rd,Rising,0.82,Southeast River Forecast Center,NC,North Carolina,no_flooding,4.41,ft,-999,kcfs,GSP,Greer
MCDN7,35.38972222,-80.92111111,8/12/2025 11:15 AM,McDowell Creek at Beatties Ford Rd.,Rising,0.01,Southeast River Forecast Center,NC,North Carolina,no_flooding,4.35,ft,0.0785,kcfs,GSP,Greer
NBSG1,34.0218611,-84.5529444,8/12/2025 11:15 AM,Noonday Creek Upstream of Chastain Meadows Parkway near Kennesaw,Falling,-0.03,Southeast River Forecast Center,GA,Georgia,no_flooding,2.41,ft,-999,kcfs,FFC,Peachtree City
NCKG1,33.86916667,-84.37888889,8/12/2025 11:15 AM,Nancy Creek at Rickenbacker Drive at Atlanta,Falling,-0.01,Southeast River Forecast Center,GA,Georgia,no_flooding,1.36,ft,0.0538,kcfs,FFC,Peachtree City
GAPV2,36.865056,-82.771167,8/12/2025 11:15 AM,South Fork Powell River at Big Stone Gap,Falling,-0.01,Lower Mississippi River Forecast Center,VA,Virginia,no_flooding,3.01,ft,-999,kcfs,MRX,Morristown
GATT1,35.699444,-83.527222,8/12/2025 11:15 AM,West Prong Little Pigeon River above Gatlinburg,No change,0,Lower Mississippi River Forecast Center,TN,Tennessee,no_flooding,3.17,ft,0.0572,kcfs,MRX,Morristown
LCCN7,35.727383,-81.244858,8/12/2025 11:15 AM,Lyle Creek at Section House Rd 2 NW Conover,Falling,-0.01,Southeast River Forecast Center,NC,North Carolina,no_flooding,0.82,ft,-999,kcfs,GSP,Greer
LHCN7,35.16444444,-80.85305556,8/12/2025 11:15 AM,Little Hope Creek at SENECA PLACE,Falling,-0.19,Southeast River Forecast Center,NC,North Carolina,no_flooding,3.67,ft,0.0138,kcfs,GSP,Greer
LNDN7,35.415315,-81.5608,8/12/2025 11:15 AM,First Broad River at Lawndale,Falling,-0.2,Southeast River Forecast Center,NC,North Carolina,no_flooding,5.04,ft,1.22,kcfs,GSP,Greer
PIGN7,35.78722222,-78.65472222,8/12/2025 11:15 AM,Pigeon House Creek at Cameron Village,Falling,-0.01,Southeast River Forecast Center,NC,North Carolina,no_flooding,1.54,ft,-999,kcfs,RAH,Raleigh
TRLN7,35.76833333,-78.69111111,8/12/2025 11:15 AM,Walnut Creek (NC) at Trailwood Drive,Falling,-0.02,Southeast River Forecast Center,NC,North Carolina,no_flooding,5.65,ft,0.064,kcfs,RAH,Raleigh
CWPN7,35.46388889,-82.9,8/12/2025 11:15 AM,West Fork Pigeon River near Bethel,Rising,0.01,Lower Mississippi River Forecast Center,NC,North Carolina,no_flooding,0.93,ft,0.193,kcfs,GSP,Greer
GCBG1,34.26944444,-83.46777778,8/12/2025 11:15 AM,Grove Creek at US 441 and GA 15 near Commerce,No change,0,Southeast River Forecast Center,GA,Georgia,no_flooding,6.85,ft,0.0419,kcfs,FFC,Peachtree City
NANG1,33.83822222,-84.43927778,8/12/2025 11:15 AM,Nancy Creek at West Wesley Road at Atlanta,Falling,-0.02,Southeast River Forecast Center,GA,Georgia,no_flooding,2.2,ft,0.0322,kcfs,FFC,Peachtree City
PINN7,35.08527778,-80.88222222,8/12/2025 11:15 AM,Little Sugar Creek (NC) at NC51 Pineville,Rising,0.03,Southeast River Forecast Center,NC,North Carolina,no_flooding,2.21,ft,0.0841,kcfs,GSP,Greer
RDCN7,35.25861111,-80.66277778,8/12/2025 11:15 AM,Reedy Creek below I-485 nr Pine Ridge,Falling,-0.14,Southeast River Forecast Center,NC,North Carolina,no_flooding,5.1,ft,0.215,kcfs,GSP,Greer
WLCV2,36.767028,-83.030226,8/12/2025 11:15 AM,Wallen Creek at Pennington Gap,No change,0,Lower Mississippi River Forecast Center,VA,Virginia,no_flooding,4.79,ft,-999,kcfs,MRX,Morristown
WODG1,34.12222222,-84.50444444,8/12/2025 11:15 AM,Little River at GA 5 near Woodstock,Falling,-0.01,Southeast River Forecast Center,GA,Georgia,no_flooding,0.99,ft,0.0437,kcfs,FFC,Peachtree City
WRLN7,35.76025,-78.600081,8/12/2025 11:15 AM,Walnut Creek (NC) at Rose Ln in Raleigh,Falling,-0.11,Southeast River Forecast Center,NC,North Carolina,no_flooding,8.19,ft,-999,kcfs,RAH,Raleigh
BSPN7,35.210833,-81.6975,8/12/2025 11:15 AM,"Broad River above Sandy Run Ck, 3 SSW Boiling Springs",Falling,-0.16,Southeast River Forecast Center,NC,North Carolina,no_flooding,5.82,ft,6.45,kcfs,GSP,Greer
FMCN7,35.07694444,-80.8225,8/12/2025 11:15 AM,Fourmile Creek (NC) at Elm Lane,Rising,0.36,Southeast River Forecast Center,NC,North Carolina,no_flooding,6.2,ft,0.157,kcfs,GSP,Greer
GSRV2,36.935665,-82.486582,8/12/2025 11:15 AM,Guest River at Riverview,No change,0,Lower Mississippi River Forecast Center,VA,Virginia,no_flooding,3.43,ft,-999,kcfs,MRX,Morristown
LLGN7,35.39611111,-82.9375,8/12/2025 11:15 AM,Pigeon River (NC) above (W Fork) Abv Lake Logan,No change,0,Lower Mississippi River Forecast Center,NC,North Carolina,no_flooding,1.8,ft,0.178,kcfs,GSP,Greer
MTVV2,36.664183,-79.883794,8/12/2025 11:15 AM,Smith River at Martinsville Hydroelectic Dam,Rising,0.01,Southeast River Forecast Center,VA,Virginia,no_flooding,696.2,ft,-999,kcfs,RNK,Blacksburg
NELS1,34.66416667,-81.44916667,8/12/2025 11:15 AM,Broad River in NC/SC at Neal Shoals Reservoir,Rising,0.03,Southeast River Forecast Center,SC,South Carolina,no_flooding,335.19,ft,-999,kcfs,GSP,Greer
BCBV2,36.63166667,-82.13388889,8/12/2025 11:15 AM,Beaver Creek (VA) at Bristol,No change,0,Lower Mississippi River Forecast Center,VA,Virginia,no_flooding,3.24,ft,-999,kcfs,MRX,Morristown
CAMS1,35.10638889,-82.12972222,8/12/2025 11:15 AM,South Pacolet River near Campobello,Rising,0.1,Southeast River Forecast Center,SC,South Carolina,no_flooding,4.6,ft,0.148,kcfs,GSP,Greer
DMCV2,36.625567,-81.770457,8/12/2025 11:15 AM,Laurel Creek 1SE Damascus,Rising,0.05,Lower Mississippi River Forecast Center,VA,Virginia,no_flooding,2.67,ft,0.626,kcfs,MRX,Morristown
DOET1,36.34444444,-82.21027778,8/12/2025 11:15 AM,Doe River at Elizabethton,No change,0,Lower Mississippi River Forecast Center,TN,Tennessee,no_flooding,1.51,ft,0.12,kcfs,MRX,Morristown
FNGS1,35.12083333,-81.98611111,8/12/2025 11:15 AM,North Pacolet River near Fingerville,Falling,-0.05,Southeast River Forecast Center,SC,South Carolina,no_flooding,4.35,ft,0.377,kcfs,GSP,Greer
FREG1,34.29305556,-84.26361111,8/12/2025 11:15 AM,Settingdown Creek near Ball Ground,Rising,0.01,Southeast River Forecast Center,GA,Georgia,no_flooding,1.04,ft,0.0307,kcfs,FFC,Peachtree City
IRSN7,35.26194444,-80.83694444,8/12/2025 11:15 AM,Irwin Creek at Statesville Ave,Rising,0.12,Southeast River Forecast Center,NC,North Carolina,no_flooding,2.15,ft,0.005,kcfs,GSP,Greer
LAWG1,33.92583333,-84.03777778,8/12/2025 11:15 AM,Pew Creek at Patterson Road near Lawrenceville,No change,0,Southeast River Forecast Center,GA,Georgia,no_flooding,3.44,ft,0.0034,kcfs,FFC,Peachtree City
MALN7,35.13777778,-80.7675,8/12/2025 11:15 AM,McAlpine Creek below Sardis Road,Rising,0.57,Southeast River Forecast Center,NC,North Carolina,no_flooding,3.74,ft,0.56,kcfs,GSP,Greer
NEEN7,35.33638889,-83.52694444,8/12/2025 11:15 AM,Little Tennessee River near NEEDMORE,Rising,0.01,Lower Mississippi River Forecast Center,NC,North Carolina,no_flooding,2.41,ft,0.497,kcfs,GSP,Greer
PAWN7,35.24027778,-80.97444444,8/12/2025 11:15 AM,Paw Creek at Wilkinson Blvd,Falling,-0.02,Southeast River Forecast Center,NC,North Carolina,no_flooding,1.4,ft,-999,kcfs,GSP,Greer
ROSN7,35.14222222,-82.82416667,8/12/2025 11:15 AM,French Broad River at Rosman,Falling,-0.03,Lower Mississippi River Forecast Center,NC,North Carolina,no_flooding,2.79,ft,0.282,kcfs,GSP,Greer
SEPG1,33.68388889,-84.41527778,8/12/2025 11:15 AM,South River at Springdale Road near East Point,No change,0,Southeast River Forecast Center,GA,Georgia,no_flooding,2.29,ft,-999,kcfs,FFC,Peachtree City
SMHS1,34.02722222,-81.04194444,8/12/2025 11:15 AM,Smith Branch (SC) at North Main St Columbia,No change,0,Southeast River Forecast Center,SC,South Carolina,no_flooding,0.51,ft,0.0026,kcfs,CAE,West Columbia
WALN7,35.75833333,-78.58277778,8/12/2025 11:15 AM,Walnut Creek (NC) at Sunnybrook Dr in Raleigh,Falling,-0.1,Southeast River Forecast Center,NC,North Carolina,no_flooding,8.04,ft,0.81,kcfs,RAH,Raleigh
WROV2,36.9293,-81.1322,8/12/2025 11:15 AM,Reed Creek at Old Stage Road near Wytheville,Falling,-0.02,Ohio River Forecast Center,VA,Virginia,no_flooding,5.72,ft,-999,kcfs,RNK,Blacksburg
AWRN7,35.13972222,-80.91111111,8/12/2025 11:15 AM,Sugar Creek NC at Arrowood Rd,Falling,-0.04,Southeast River Forecast Center,NC,North Carolina,no_flooding,1.24,ft,-999,kcfs,GSP,Greer
GATV2,36.60861111,-82.56805556,8/12/2025 11:15 AM,North Fork Holston River near Gate City,No change,0,Lower Mississippi River Forecast Center,VA,Virginia,no_flooding,1.84,ft,0.203,kcfs,MRX,Morristown
GVLS1,34.8,-82.3651213,8/12/2025 11:15 AM,Reedy River at Greenville @ I-85,Falling,-0.01,Southeast River Forecast Center,SC,South Carolina,no_flooding,0.9,ft,0.0555,kcfs,GSP,Greer
KNOT1,35.94583333,-83.94666667,8/12/2025 11:15 AM,Tennessee River at Knoxville,Falling,-0.04,Lower Mississippi River Forecast Center,TN,Tennessee,no_flooding,812.94,ft,61.7,kcfs,MRX,Morristown
LSTN7,35.25027778,-80.80833333,8/12/2025 11:15 AM,Little Sugar Creek (NC) below 36th street,Falling,-0.22,Southeast River Forecast Center,NC,North Carolina,no_flooding,2.18,ft,-999,kcfs,GSP,Greer
TFLG1,34.73194444,-83.37583333,8/12/2025 11:15 AM,Tallulah River above TALLULAH FALLS PWR HOUSE,Falling,-0.01,Southeast River Forecast Center,GA,Georgia,no_flooding,5.18,ft,0.0456,kcfs,GSP,Greer
WNDN7,36.04805556,-76.98416667,8/12/2025 11:15 AM,Cashie River near Windsor,No change,0,Southeast River Forecast Center,NC,North Carolina,no_flooding,3.45,ft,0,kcfs,AKQ,Wakefield
CAMN7,35.18666667,-80.73666667,8/12/2025 11:15 AM,Campbell Creek (NC) at Idlewild road,Falling,-0.14,Southeast River Forecast Center,NC,North Carolina,no_flooding,1.99,ft,0.052,kcfs,GSP,Greer
CEPN7,35.46166667,-82.86972222,8/12/2025 11:15 AM,East Fork Pigeon River above Canton,Rising,0.02,Lower Mississippi River Forecast Center,NC,North Carolina,no_flooding,0.74,ft,0.146,kcfs,GSP,Greer
COFN7,35.14583333,-80.92694444,8/12/2025 11:15 AM,Coffee Creek at Highway 49,Falling,-0.02,Southeast River Forecast Center,NC,North Carolina,no_flooding,2.84,ft,0.0104,kcfs,GSP,Greer
DFIV2,36.711381,-82.795715,8/12/2025 11:15 AM,North Fork Clinch River at Duffield,Falling,-0.01,Lower Mississippi River Forecast Center,VA,Virginia,no_flooding,3.3,ft,-999,kcfs,MRX,Morristown
DROV2,36.5784,-79.43138,8/12/2025 11:15 AM,Dan River at Robertson Bridge in Danville,Falling,-0.02,Southeast River Forecast Center,VA,Virginia,no_flooding,4.5,ft,-999,kcfs,RNK,Blacksburg
SWAG1,34.09638889,-84.0780556,8/12/2025 11:15 AM,Level Creek at Suwanee Dam Road near Suwanee,No change,0,Southeast River Forecast Center,GA,Georgia,no_flooding,3.64,ft,0.0058,kcfs,FFC,Peachtree City
WSTN7,35.206667,-80.921944,8/12/2025 11:15 AM,Taggart Creek at West Blvd (NC 160),Falling,-0.01,Southeast River Forecast Center,NC,North Carolina,no_flooding,1.73,ft,0.0134,kcfs,GSP,Greer
CNWS1,33.83277778,-79.04416667,8/12/2025 11:15 AM,Waccamaw River near Conway,Rising,0.02,Southeast River Forecast Center,SC,South Carolina,action,10.64,ft,-999,kcfs,ILM,Wilmington
CTPN7,35.521944,-82.848056,8/12/2025 11:15 AM,"Pigeon River above Old River Rd (NC 215), 1 SW Canton",Rising,0.02,Lower Mississippi River Forecast Center,NC,North Carolina,no_flooding,2.07,ft,0.361,kcfs,GSP,Greer
IBRN7,35.21083333,-80.80083333,8/12/2025 11:15 AM,Briar Creek at Independence Blvd,Rising,0.57,Southeast River Forecast Center,NC,North Carolina,no_flooding,3.47,ft,-999,kcfs,GSP,Greer
MCIN7,35.17583333,-80.71916667,8/12/2025 11:15 AM,McAlpine Creek at Idlewild,Falling,-0.15,Southeast River Forecast Center,NC,North Carolina,no_flooding,3.79,ft,0.227,kcfs,GSP,Greer
MCMN7,35.14083333,-80.82,8/12/2025 11:15 AM,McMullen Creek at Sharon View,Falling,-0.01,Southeast River Forecast Center,NC,North Carolina,no_flooding,1.33,ft,0.018,kcfs,GSP,Greer
MCPN7,35.06638889,-80.86972222,8/12/2025 11:15 AM,McAlpine Creek at Waste Water Treatment Plant,Rising,0.11,Southeast River Forecast Center,NC,North Carolina,no_flooding,3.24,ft,0.2,kcfs,GSP,Greer
SBPN7,36.04972222,-79.85611111,8/12/2025 11:15 AM,South Buffalo Creek near Pomona,No change,0,Southeast River Forecast Center,NC,North Carolina,no_flooding,1.21,ft,0.019,kcfs,RAH,Raleigh
BCLN7,35.17527778,-80.83083333,8/12/2025 11:15 AM,Briar Creek at Colony Road,Rising,0.25,Southeast River Forecast Center,NC,North Carolina,no_flooding,3.33,ft,0.0602,kcfs,GSP,Greer
BRPN7,35.1825,-80.82,8/12/2025 11:15 AM,Briar Creek at Providence road,Rising,0.12,Southeast River Forecast Center,NC,North Carolina,no_flooding,2.07,ft,-999,kcfs,GSP,Greer
BVDV2,36.631536,-81.790337,8/12/2025 11:15 AM,Beaverdam Creek at Damascus,Falling,-0.01,Lower Mississippi River Forecast Center,VA,Virginia,no_flooding,4.02,ft,-999,kcfs,MRX,Morristown
BVRN7,35.17222222,-80.98333333,8/12/2025 11:15 AM,Beaverdam Creek above Windy Gap Rd,No change,0,Southeast River Forecast Center,NC,North Carolina,no_flooding,0.2,ft,-999,kcfs,GSP,Greer
CMRG1,34.20027778,-83.51583333,8/12/2025 11:15 AM,North Oconee River at Woodbridge Road near Commerce,No change,0,Southeast River Forecast Center,GA,Georgia,no_flooding,2.16,ft,-999,kcfs,FFC,Peachtree City
DRIV2,36.5872,-79.38265,8/12/2025 11:15 AM,Dan River at Riverwalk Trail in Danville,No change,0,Southeast River Forecast Center,VA,Virginia,no_flooding,4.37,ft,-999,kcfs,RNK,Blacksburg
EMCS1,34.645,-82.80055556,8/12/2025 11:15 AM,Eighteen Mile Creek below Pendleton,Falling,-0.04,Southeast River Forecast Center,SC,South Carolina,no_flooding,4.36,ft,-999,kcfs,GSP,Greer
HSPN7,35.889717,-82.821,8/12/2025 11:15 AM,"French Broad River above Silver Mine Ck, in Hot Springs",Rising,0.07,Lower Mississippi River Forecast Center,NC,North Carolina,no_flooding,3.21,ft,2.35,kcfs,GSP,Greer
LRYN7,35.30055556,-80.97277778,8/12/2025 11:15 AM,Long Creek at Rhyne NC,Falling,-0.02,Southeast River Forecast Center,NC,North Carolina,no_flooding,1.9,ft,0.0162,kcfs,GSP,Greer
LSHN7,35.17916667,-80.84638889,8/12/2025 11:15 AM,Little Sugar Creek (NC) at Hillside Avenue,Falling,-0.41,Southeast River Forecast Center,NC,North Carolina,no_flooding,2.42,ft,-999,kcfs,GSP,Greer
MCLN7,35.33277778,-80.71583333,8/12/2025 11:15 AM,Mallard Creek below Stony Creek nr Harrisburg,Rising,0.09,Southeast River Forecast Center,NC,North Carolina,no_flooding,3.11,ft,0.0183,kcfs,GSP,Greer
REYN7,35.25638889,-80.70055556,8/12/2025 11:15 AM,Reedy Creek at SR 2803,Rising,0.03,Southeast River Forecast Center,NC,North Carolina,no_flooding,1.91,ft,-999,kcfs,GSP,Greer
RFDN7,34.99861111,-79.21527778,8/12/2025 11:15 AM,Rockfish Creek near Raeford,Rising,0.04,Southeast River Forecast Center,NC,North Carolina,no_flooding,4.54,ft,-999,kcfs,RAH,Raleigh
ALTS1,34.24305556,-81.31972222,8/12/2025 11:15 AM,Broad River in NC/SC at Alston,Rising,1.24,Southeast River Forecast Center,SC,South Carolina,no_flooding,5.76,ft,5.92,kcfs,CAE,West Columbia
CMRG1,34.20027778,-83.51583333,8/12/2025 11:15 AM,North Oconee River at Woodbridge Road near Commerce,No change,0,Southeast River Forecast Center,GA,Georgia,no_flooding,2.16,ft,-999,kcfs,FFC,Peachtree City
DONG1,34.42555556,-84.21194444,8/12/2025 11:15 AM,Amicalola Creek near Dawsonville,Falling,-0.01,Southeast River Forecast Center,GA,Georgia,no_flooding,0.59,ft,0.0861,kcfs,FFC,Peachtree City
EMCS1,34.645,-82.80055556,8/12/2025 11:15 AM,Eighteen Mile Creek below Pendleton,Falling,-0.04,Southeast River Forecast Center,SC,South Carolina,no_flooding,4.36,ft,-999,kcfs,GSP,Greer
HSPN7,35.889717,-82.821,8/12/2025 11:15 AM,"French Broad River above Silver Mine Ck, in Hot Springs",Rising,0.07,Lower Mississippi River Forecast Center,NC,North Carolina,no_flooding,3.21,ft,2.35,kcfs,GSP,Greer
IRMS1,34.05194444,-81.22083333,8/12/2025 11:15 AM,Saluda River at Lake Murray Dam near Irmo,No change,0,Southeast River Forecast Center,SC,South Carolina,no_flooding,358.71,ft,-999,kcfs,CAE,West Columbia
NUDN7,35.94111111,-78.58333333,8/12/2025 11:15 AM,Neuse River at Falls Lake,Rising,0.01,Southeast River Forecast Center,NC,North Carolina,no_flooding,253.71,ft,-999,kcfs,RAH,Raleigh
REYN7,35.25638889,-80.70055556,8/12/2025 11:15 AM,Reedy Creek at SR 2803,Rising,0.03,Southeast River Forecast Center,NC,North Carolina,no_flooding,1.91,ft,-999,kcfs,GSP,Greer
RFDN7,34.99861111,-79.21527778,8/12/2025 11:15 AM,Rockfish Creek near Raeford,Rising,0.04,Southeast River Forecast Center,NC,North Carolina,no_flooding,4.54,ft,-999,kcfs,RAH,Raleigh
BBGS1,35.124017,-81.587872,8/12/2025 11:15 AM,"Broad River at Shelby Hwy (SC 18), 4 W Blacksburg",Falling,-0.07,Southeast River Forecast Center,SC,South Carolina,no_flooding,10.49,ft,13.4,kcfs,GSP,Greer
CAMS1,35.10638889,-82.12972222,8/12/2025 11:15 AM,South Pacolet River near Campobello,Rising,0.1,Southeast River Forecast Center,SC,South Carolina,no_flooding,4.6,ft,0.148,kcfs,GSP,Greer
CLYN7,35.64722222,-78.40611111,8/12/2025 11:15 AM,Neuse River near Clayton,Rising,0.24,Southeast River Forecast Center,NC,North Carolina,minor,11.54,ft,7.65,kcfs,RAH,Raleigh
CMMG1,34.16259917,-84.0754666,8/12/2025 11:15 AM,Chattahoochee River at Lake Sidney Lanier near Buford,No change,0,Southeast River Forecast Center,GA,Georgia,no_flooding,1069.74,ft,-999,kcfs,FFC,Peachtree City
CNNG1,34.24,-84.49472222,8/12/2025 11:15 AM,Etowah River at Canton,Falling,-0.01,Southeast River Forecast Center,GA,Georgia,no_flooding,1.74,ft,0.379,kcfs,FFC,Peachtree City
DOET1,36.34444444,-82.21027778,8/12/2025 11:15 AM,Doe River at Elizabethton,No change,0,Lower Mississippi River Forecast Center,TN,Tennessee,no_flooding,1.51,ft,0.12,kcfs,MRX,Morristown
FKLV2,36.68027778,-76.91861111,8/12/2025 11:15 AM,Blackwater River (VA) near FRANKLIN,Falling,-0.04,Southeast River Forecast Center,VA,Virginia,no_flooding,0.67,ft,-999,kcfs,AKQ,Wakefield
FNGS1,35.12083333,-81.98611111,8/12/2025 11:15 AM,North Pacolet River near Fingerville,Falling,-0.05,Southeast River Forecast Center,SC,South Carolina,no_flooding,4.35,ft,0.377,kcfs,GSP,Greer
FREG1,34.29305556,-84.26361111,8/12/2025 11:15 AM,Settingdown Creek near Ball Ground,Rising,0.01,Southeast River Forecast Center,GA,Georgia,no_flooding,1.04,ft,0.0307,kcfs,FFC,Peachtree City
LAWG1,33.92583333,-84.03777778,8/12/2025 11:15 AM,Pew Creek at Patterson Road near Lawrenceville,No change,0,Southeast River Forecast Center,GA,Georgia,no_flooding,3.44,ft,0.0034,kcfs,FFC,Peachtree City
LTLN7,36.14166667,-78.91944444,8/12/2025 11:15 AM,Little River (NC) near Orange Factory,Falling,-0.06,Southeast River Forecast Center,NC,North Carolina,no_flooding,2.03,ft,-999,kcfs,RAH,Raleigh
MAHG1,33.99527778,-84.69305556,8/12/2025 11:15 AM,Allatoona Creek at Stilesboro Road near Acworth,Falling,-0.01,Southeast River Forecast Center,GA,Georgia,no_flooding,5,ft,0.003,kcfs,FFC,Peachtree City
MGFG1,33.96833333,-84.38277778,8/12/2025 11:15 AM,Chattahoochee River below Morgan Falls Dam near Roswell,Falling,-0.03,Southeast River Forecast Center,GA,Georgia,no_flooding,811.53,ft,1.31,kcfs,FFC,Peachtree City
NEEN7,35.33638889,-83.52694444,8/12/2025 11:15 AM,Little Tennessee River near NEEDMORE,Rising,0.01,Lower Mississippi River Forecast Center,NC,North Carolina,no_flooding,2.41,ft,0.497,kcfs,GSP,Greer
ROSN7,35.14222222,-82.82416667,8/12/2025 11:15 AM,French Broad River at Rosman,Falling,-0.03,Lower Mississippi River Forecast Center,NC,North Carolina,no_flooding,2.79,ft,0.282,kcfs,GSP,Greer
SEPG1,33.68388889,-84.41527778,8/12/2025 11:15 AM,South River at Springdale Road near East Point,No change,0,Southeast River Forecast Center,GA,Georgia,no_flooding,2.29,ft,-999,kcfs,FFC,Peachtree City
SMHS1,34.02722222,-81.04194444,8/12/2025 11:15 AM,Smith Branch (SC) at North Main St Columbia,No change,0,Southeast River Forecast Center,SC,South Carolina,no_flooding,0.51,ft,0.0026,kcfs,CAE,West Columbia
WALN7,35.75833333,-78.58277778,8/12/2025 11:15 AM,Walnut Creek (NC) at Sunnybrook Dr in Raleigh,Falling,-0.1,Southeast River Forecast Center,NC,North Carolina,no_flooding,8.04,ft,0.81,kcfs,RAH,Raleigh
WROV2,36.9293,-81.1322,8/12/2025 11:15 AM,Reed Creek at Old Stage Road near Wytheville,Falling,-0.02,Ohio River Forecast Center,VA,Virginia,no_flooding,5.72,ft,-999,kcfs,RNK,Blacksburg
GCKN7,35.13027778,-80.63138889,8/12/2025 11:15 AM,Goose Creek at Hwy 1524 nr Indian Trail,Rising,0.23,Southeast River Forecast Center,NC,North Carolina,no_flooding,1.09,ft,0.033,kcfs,GSP,Greer
KINN7,35.25777778,-77.58555556,8/12/2025 11:15 AM,Neuse River at Kinston,Rising,0.05,Southeast River Forecast Center,NC,North Carolina,no_flooding,11.23,ft,4.55,kcfs,MHX,Newport
MYVT1,35.785536,-83.884703,8/12/2025 11:15 AM,Little River (TN) near Maryville,Rising,0.04,Lower Mississippi River Forecast Center,TN,Tennessee,no_flooding,5.96,ft,0.296,kcfs,MRX,Morristown
NBSG1,34.0218611,-84.5529444,8/12/2025 11:15 AM,Noonday Creek Upstream of Chastain Meadows Parkway near Kennesaw,Falling,-0.03,Southeast River Forecast Center,GA,Georgia,no_flooding,2.41,ft,-999,kcfs,FFC,Peachtree City
NCKG1,33.86916667,-84.37888889,8/12/2025 11:15 AM,Nancy Creek at Rickenbacker Drive at Atlanta,Falling,-0.01,Southeast River Forecast Center,GA,Georgia,no_flooding,1.36,ft,0.0538,kcfs,FFC,Peachtree City
CTRG1,34.6165833,-84.673111,8/12/2025 11:15 AM,Coosawattee River at Carters Lake near Carters,Rising,0.12,Southeast River Forecast Center,GA,Georgia,action,1074.19,ft,-999,kcfs,FFC,Peachtree City
DILN7,35.38444444,-83.29166667,8/12/2025 11:15 AM,Tuckasegee River at Barkers creek nr Dillsboro,Falling,-0.01,Lower Mississippi River Forecast Center,NC,North Carolina,no_flooding,3.85,ft,0.48,kcfs,GSP,Greer
GCBG1,34.26944444,-83.46777778,8/12/2025 11:15 AM,Grove Creek at US 441 and GA 15 near Commerce,No change,0,Southeast River Forecast Center,GA,Georgia,no_flooding,6.85,ft,0.0419,kcfs,FFC,Peachtree City
GLDN7,35.3375,-77.9975,8/12/2025 11:15 AM,Neuse River near Goldsboro,Rising,0.02,Southeast River Forecast Center,NC,North Carolina,no_flooding,13.5,ft,6.1,kcfs,RAH,Raleigh
NANG1,33.83822222,-84.43927778,8/12/2025 11:15 AM,Nancy Creek at West Wesley Road at Atlanta,Falling,-0.02,Southeast River Forecast Center,GA,Georgia,no_flooding,2.2,ft,0.0322,kcfs,FFC,Peachtree City
RDCN7,35.25861111,-80.66277778,8/12/2025 11:15 AM,Reedy Creek below I-485 nr Pine Ridge,Falling,-0.14,Southeast River Forecast Center,NC,North Carolina,no_flooding,5.1,ft,0.215,kcfs,GSP,Greer
WLCV2,36.767028,-83.030226,8/12/2025 11:15 AM,Wallen Creek at Pennington Gap,No change,0,Lower Mississippi River Forecast Center,VA,Virginia,no_flooding,4.79,ft,-999,kcfs,MRX,Morristown
WODG1,34.12222222,-84.50444444,8/12/2025 11:15 AM,Little River at GA 5 near Woodstock,Falling,-0.01,Southeast River Forecast Center,GA,Georgia,no_flooding,0.99,ft,0.0437,kcfs,FFC,Peachtree City
WRLN7,35.76025,-78.600081,8/12/2025 11:15 AM,Walnut Creek (NC) at Rose Ln in Raleigh,Falling,-0.11,Southeast River Forecast Center,NC,North Carolina,no_flooding,8.19,ft,-999,kcfs,RAH,Raleigh
ETWG1,34.16305556,-84.74111111,8/12/2025 11:15 AM,Etowah River at Allatoona Dam above Cartersville,No change,0,Southeast River Forecast Center,GA,Georgia,no_flooding,1.26,ft,0.32,kcfs,FFC,Peachtree City
IBFN7,35.32166667,-80.54083333,8/12/2025 11:15 AM,Rocky River NC near ROCKY RIVER/ ABV IRISH BUFFALO CK,Rising,1.62,Southeast River Forecast Center,NC,North Carolina,no_flooding,4.99,ft,0.775,kcfs,GSP,Greer
LOWN7,35.285278,-81.101111,8/12/2025 11:15 AM,"SF Catawba River below George Poston Park, 1 N Lowell",No change,0,Southeast River Forecast Center,NC,North Carolina,no_flooding,4.55,ft,1.53,kcfs,GSP,Greer
LSRS1,34.04444444,-81.69722222,8/12/2025 11:15 AM,Little Saluda River near Saluda,Rising,0.14,Southeast River Forecast Center,SC,South Carolina,no_flooding,12.32,ft,-999,kcfs,CAE,West Columbia
SWAG1,34.09638889,-84.0780556,8/12/2025 11:15 AM,Level Creek at Suwanee Dam Road near Suwanee,No change,0,Southeast River Forecast Center,GA,Georgia,no_flooding,3.64,ft,0.0058,kcfs,FFC,Peachtree City
WSTN7,35.206667,-80.921944,8/12/2025 11:15 AM,Taggart Creek at West Blvd (NC 160),Falling,-0.01,Southeast River Forecast Center,NC,North Carolina,no_flooding,1.73,ft,0.0134,kcfs,GSP,Greer
ARRN7,36.40444444,-80.56194444,8/12/2025 11:15 AM,Ararat River at Ararat,Falling,-0.02,Southeast River Forecast Center,NC,North Carolina,no_flooding,1.39,ft,0.311,kcfs,RNK,Blacksburg
BLVG1,34.845,-83.93861111,8/12/2025 11:15 AM,Nottely River near Blairsville,Rising,0.01,Lower Mississippi River Forecast Center,GA,Georgia,no_flooding,3.15,ft,0.307,kcfs,FFC,Peachtree City
CVLG1,34.16380556,-84.7277222,8/12/2025 11:15 AM,Etowah River at Allatoona Lake near Cartersville,No change,0,Southeast River Forecast Center,GA,Georgia,no_flooding,838.9,ft,-999,kcfs,FFC,Peachtree City
FISS1,34.975,-81.18,8/12/2025 11:15 AM,Fishing Creek at Highway 5 below York,Rising,0.02,Southeast River Forecast Center,SC,South Carolina,no_flooding,2.97,ft,-999,kcfs,GSP,Greer
NPBG1,33.83138889,-84.34277778,8/12/2025 11:15 AM,North Fork Peachtree Creek at Buford Highway at Atlanta,Falling,-0.01,Southeast River Forecast Center,GA,Georgia,no_flooding,4.06,ft,0.0193,kcfs,FFC,Peachtree City
PNVN7,35.09083333,-80.89944444,8/12/2025 11:15 AM,Sugar Creek NC at NC 51 nr Pineville,Falling,-0.02,Southeast River Forecast Center,NC,North Carolina,no_flooding,1.67,ft,0.0668,kcfs,GSP,Greer
PRCG1,33.79416667,-84.47444444,8/12/2025 11:15 AM,Proctor Creek at Jackson Parkway at Atlanta,No change,0,Southeast River Forecast Center,GA,Georgia,no_flooding,3.26,ft,0.0023,kcfs,FFC,Peachtree City
SMCG1,33.97916667,-84.45222222,8/12/2025 11:15 AM,Sewell Mill Creek at GA 120 near Marietta,No change,0,Southeast River Forecast Center,GA,Georgia,no_flooding,1.08,ft,-999,kcfs,FFC,Peachtree City
SMON7,35.228333,-80.869167,8/12/2025 11:15 AM,Stewart Creek at W Morehead St (US 29),No change,0,Southeast River Forecast Center,NC,North Carolina,no_flooding,1.45,ft,-999,kcfs,GSP,Greer
STHG1,33.67888889,-84.35805556,8/12/2025 11:15 AM,South River at Forrest Park Road at Atlanta,No change,0,Southeast River Forecast Center,GA,Georgia,no_flooding,3.06,ft,0.0167,kcfs,FFC,Peachtree City
STSN7,35.105,-80.95361111,8/12/2025 11:15 AM,Steele Creek at Carowinds Blvd,Rising,0.03,Southeast River Forecast Center,NC,North Carolina,no_flooding,1.61,ft,0.0234,kcfs,GSP,Greer
TWNT1,35.66444444,-83.71138889,8/12/2025 11:15 AM,Little River (TN) at Townsend,Rising,0.02,Lower Mississippi River Forecast Center,TN,Tennessee,no_flooding,1.98,ft,0.199,kcfs,MRX,Morristown
UTYG1,33.74333333,-84.56833333,8/12/2025 11:15 AM,Utoy Creek at Great Southwest Parkway near Atlanta,Falling,-0.01,Southeast River Forecast Center,GA,Georgia,no_flooding,2.76,ft,0.0053,kcfs,FFC,Peachtree City
ARTT1,36.5425219,-83.6300294,8/12/2025 11:15 AM,Powell River near Arthur,No change,0,Lower Mississippi River Forecast Center,TN,Tennessee,no_flooding,2.74,ft,0.368,kcfs,MRX,Morristown
BKCN7,35.309167,-80.673611,8/12/2025 11:15 AM,Back Creek at Caldwell Rd near Harrisburg,Rising,1,Southeast River Forecast Center,NC,North Carolina,no_flooding,4.25,ft,0.0878,kcfs,GSP,Greer
CARS1,34.595,-81.42138889,8/12/2025 11:15 AM,Broad River in NC/SC near CARLISLE,Rising,0.15,Southeast River Forecast Center,SC,South Carolina,no_flooding,10.43,ft,16.8,kcfs,GSP,Greer
DALN7,36.29888889,-80.43138889,8/12/2025 11:15 AM,Little Yadkin River near Dalton,No change,0,Southeast River Forecast Center,NC,North Carolina,no_flooding,0.57,ft,0.0117,kcfs,RNK,Blacksburg
LAWS1,34.94805556,-81.86888889,8/12/2025 11:15 AM,Lawsons Fork Creek at Spartanburg,Falling,-0.27,Southeast River Forecast Center,SC,South Carolina,no_flooding,6.95,ft,0.421,kcfs,GSP,Greer
LCRN7,35.98222222,-78.82444444,8/12/2025 11:15 AM,Little Lick Creek at Oak Grove,Falling,-0.02,Southeast River Forecast Center,NC,North Carolina,no_flooding,1.71,ft,-999,kcfs,RAH,Raleigh
POCT1,35.7077,-83.3826,8/12/2025 11:15 AM,Porters Creek 3S Pittman Center (Greenbrier),Falling,-0.01,Lower Mississippi River Forecast Center,TN,Tennessee,no_flooding,0.58,ft,-999,kcfs,MRX,Morristown
RLHN7,35.8375,-78.67388889,8/12/2025 11:15 AM,Crabtree Creek at Glenwood Ave,Falling,-0.05,Southeast River Forecast Center,NC,North Carolina,no_flooding,9.38,ft,0.963,kcfs,RAH,Raleigh
SBHN7,36.03777778,-79.80027778,8/12/2025 11:15 AM,South Buffalo Creek at US220 Nr Greensboro,Rising,0.01,Southeast River Forecast Center,NC,North Carolina,no_flooding,2.31,ft,0.0052,kcfs,RAH,Raleigh
STEN7,35.240278,-80.868333,8/12/2025 11:15 AM,Stewart Creek at State St.,No change,0,Southeast River Forecast Center,NC,North Carolina,no_flooding,1.04,ft,-999,kcfs,GSP,Greer
STWG1,33.94111111,-84.10777778,8/12/2025 11:15 AM,Sweetwater Creek (E ATL) at Club Drive near Lilburn,No change,0,Southeast River Forecast Center,GA,Georgia,no_flooding,2.98,ft,0.0113,kcfs,FFC,Peachtree City
BSGV2,36.86888889,-82.77555556,8/12/2025 11:15 AM,Powell River at Big Stone Gap,No change,0,Lower Mississippi River Forecast Center,VA,Virginia,no_flooding,2.57,ft,0.111,kcfs,MRX,Morristown
BSPN7,35.210833,-81.6975,8/12/2025 11:15 AM,"Broad River above Sandy Run Ck, 3 SSW Boiling Springs",Falling,-0.16,Southeast River Forecast Center,NC,North Carolina,no_flooding,5.82,ft,6.45,kcfs,GSP,Greer
MONN7,35.62722222,-79.11611111,8/12/2025 11:15 AM,Deep River near Moncure,Rising,0.01,Southeast River Forecast Center,NC,North Carolina,no_flooding,3.11,ft,1.77,kcfs,RAH,Raleigh
NELS1,34.66416667,-81.44916667,8/12/2025 11:15 AM,Broad River in NC/SC at Neal Shoals Reservoir,Rising,0.03,Southeast River Forecast Center,SC,South Carolina,no_flooding,335.19,ft,-999,kcfs,GSP,Greer
BALG1,34.31055556,-84.40333333,8/12/2025 11:15 AM,Sharp Mountain Creek at Old GA 5 below Ball Ground,Falling,-0.01,Southeast River Forecast Center,GA,Georgia,no_flooding,3.13,ft,0.0641,kcfs,FFC,Peachtree City
CHES1,34.70833333,-79.875,8/12/2025 11:15 AM,Pee Dee River at Cheraw,Rising,0.4,Southeast River Forecast Center,SC,South Carolina,no_flooding,8.6,ft,7.6,kcfs,CAE,West Columbia
KILN7,35.43416667,-81.03,8/12/2025 11:15 AM,Killian Creek near MARIPOSA,Falling,-0.03,Southeast River Forecast Center,NC,North Carolina,no_flooding,3.4,ft,0.0445,kcfs,GSP,Greer
LRLS1,34.50075,-82.008944,8/12/2025 11:15 AM,Little River at Gordon Street in Laurens,Falling,-0.05,Southeast River Forecast Center,SC,South Carolina,no_flooding,2.67,ft,-999,kcfs,GSP,Greer
LRZN7,35.822,-78.352,8/12/2025 11:15 AM,Little River (NC) near Zebulon,Falling,-0.03,Southeast River Forecast Center,NC,North Carolina,no_flooding,2.88,ft,-999,kcfs,RAH,Raleigh
LUCN7,35.691111,-78.10972,8/12/2025 11:15 AM,Contentnea Creek near Lucama,Rising,0.09,Southeast River Forecast Center,NC,North Carolina,no_flooding,4.61,ft,0.335,kcfs,RAH,Raleigh
MBHN7,36.14972222,-78.89666667,8/12/2025 11:15 AM,Mountain Creek at SR1617 Nr Bahama,Falling,-0.02,Southeast River Forecast Center,NC,North Carolina,no_flooding,4.49,ft,-999,kcfs,RAH,Raleigh
MNCG1,34.70305556,-84.53944444,8/12/2025 11:15 AM,Mountaintown Creek at GA 282 near Ellijay,No change,0,Southeast River Forecast Center,GA,Georgia,no_flooding,3.17,ft,0.103,kcfs,FFC,Peachtree City
RTRN7,35.42666667,-82.91972222,8/12/2025 11:15 AM,Pigeon River (NC) near (W Fork) nr Retreat,Rising,0.01,Lower Mississippi River Forecast Center,NC,North Carolina,no_flooding,2.06,ft,0.173,kcfs,GSP,Greer
SLTS1,35.08388889,-82.46,8/12/2025 11:15 AM,North Saluda River at Highway 11,Falling,-0.02,Southeast River Forecast Center,SC,South Carolina,no_flooding,4.46,ft,0.109,kcfs,GSP,Greer
SMRN7,35.23611111,-80.77111111,8/12/2025 11:15 AM,Briar Creek at Shamrock Drive,Falling,-0.08,Southeast River Forecast Center,NC,North Carolina,no_flooding,2.14,ft,0.0674,kcfs,GSP,Greer
SPJG1,33.80277778,-84.34083333,8/12/2025 11:15 AM,South Fork Peachtree Creek at Johnson Road near Atlanta,No change,0,Southeast River Forecast Center,GA,Georgia,no_flooding,3.5,ft,0.014,kcfs,FFC,Peachtree City
CATG1,34.60361111,-84.69555556,8/12/2025 11:15 AM,Coosawattee River at Carters,Rising,0.03,Southeast River Forecast Center,GA,Georgia,no_flooding,4.8,ft,0.605,kcfs,FFC,Peachtree City
CCPS1,33.69,-81.25416667,8/12/2025 11:15 AM,Cedar Creek near Thor ,No change,0,Southeast River Forecast Center,SC,South Carolina,no_flooding,2.39,ft,-999,kcfs,CAE,West Columbia
GATV2,36.60861111,-82.56805556,8/12/2025 11:15 AM,North Fork Holston River near Gate City,No change,0,Lower Mississippi River Forecast Center,VA,Virginia,no_flooding,1.84,ft,0.203,kcfs,MRX,Morristown
GVLS1,34.8,-82.3651213,8/12/2025 11:15 AM,Reedy River at Greenville @ I-85,Falling,-0.01,Southeast River Forecast Center,SC,South Carolina,no_flooding,0.9,ft,0.0555,kcfs,GSP,Greer
KNOT1,35.94583333,-83.94666667,8/12/2025 11:15 AM,Tennessee River at Knoxville,Falling,-0.04,Lower Mississippi River Forecast Center,TN,Tennessee,no_flooding,812.94,ft,61.7,kcfs,MRX,Morristown
NCRG1,33.99722222,-84.20194444,8/12/2025 11:15 AM,Chattahoochee River at Highway 141 near Norcross,Falling,-0.28,Southeast River Forecast Center,GA,Georgia,no_flooding,3.16,ft,1.68,kcfs,FFC,Peachtree City
NHPN7,35.65444444,-79.06833333,8/12/2025 11:15 AM,Haw River at Jordan Lake,Falling,-0.02,Southeast River Forecast Center,NC,North Carolina,no_flooding,217.65,ft,-999,kcfs,RAH,Raleigh
OOBT1,35.3276313,-84.7051057,8/12/2025 11:15 AM,Oostanaula Creek at Sanford 1SE,Rising,0.01,Lower Mississippi River Forecast Center,TN,Tennessee,no_flooding,2.46,ft,0.062,kcfs,MRX,Morristown
TFLG1,34.73194444,-83.37583333,8/12/2025 11:15 AM,Tallulah River above TALLULAH FALLS PWR HOUSE,Falling,-0.01,Southeast River Forecast Center,GA,Georgia,no_flooding,5.18,ft,0.0456,kcfs,GSP,Greer
WNDN7,36.04805556,-76.98416667,8/12/2025 11:15 AM,Cashie River near Windsor,No change,0,Southeast River Forecast Center,NC,North Carolina,no_flooding,3.45,ft,0,kcfs,AKQ,Wakefield
BRSS1,34.88333333,-82.30138889,8/12/2025 11:15 AM,Brushy Creek near Old Spartanburg Rd,Falling,-0.05,Southeast River Forecast Center,SC,South Carolina,no_flooding,1.7,ft,0.0137,kcfs,GSP,Greer
CALG1,34.51888889,-84.95444444,8/12/2025 11:15 AM,Oostanaula River at Calhoun,Rising,0.04,Southeast River Forecast Center,GA,Georgia,no_flooding,3.62,ft,-999,kcfs,FFC,Peachtree City
CHAS1,34.17444444,-81.86416667,8/12/2025 11:15 AM,Saluda River at Chappells,Rising,0.03,Southeast River Forecast Center,SC,South Carolina,no_flooding,6.44,ft,2.62,kcfs,CAE,West Columbia
DOGG1,33.65388889,-84.82111111,8/12/2025 11:15 AM,Dog River at GA 5 near Fairplay,No change,0,Southeast River Forecast Center,GA,Georgia,no_flooding,3.35,ft,0.0133,kcfs,FFC,Peachtree City
LCCN7,35.727383,-81.244858,8/12/2025 11:15 AM,Lyle Creek at Section House Rd 2 NW Conover,Falling,-0.01,Southeast River Forecast Center,NC,North Carolina,no_flooding,0.82,ft,-999,kcfs,GSP,Greer
LNDN7,35.415315,-81.5608,8/12/2025 11:15 AM,First Broad River at Lawndale,Falling,-0.2,Southeast River Forecast Center,NC,North Carolina,no_flooding,5.04,ft,1.22,kcfs,GSP,Greer
NEUN7,35.94,-78.57555556,8/12/2025 11:15 AM,Neuse River above Neuse River Below Falls Dam,Rising,0.01,Southeast River Forecast Center,NC,North Carolina,no_flooding,3.21,ft,2.32,kcfs,RAH,Raleigh
NFBG1,33.84166667,-84.32194444,8/12/2025 11:15 AM,North Fork Peachtree Creek at Briarwood Road near Atlanta,Falling,-0.01,Southeast River Forecast Center,GA,Georgia,no_flooding,2.38,ft,-999,kcfs,FFC,Peachtree City
TRLN7,35.76833333,-78.69111111,8/12/2025 11:15 AM,Walnut Creek (NC) at Trailwood Drive,Falling,-0.02,Southeast River Forecast Center,NC,North Carolina,no_flooding,5.65,ft,0.064,kcfs,RAH,Raleigh
BOCN7,35.9222,-79.0658,8/12/2025 11:15 AM,Bolin Creek at Village Drive,Falling,-0.01,Southeast River Forecast Center,NC,North Carolina,no_flooding,1.54,ft,-999,kcfs,RAH,Raleigh
CHFS1,35.07,-81.54972222,8/12/2025 11:15 AM,Broad River in NC/SC near CHEROKEE FALLS,Falling,-0.04,Southeast River Forecast Center,SC,South Carolina,no_flooding,30.59,ft,-999,kcfs,GSP,Greer
CNWS1,33.83277778,-79.04416667,8/12/2025 11:15 AM,Waccamaw River near Conway,Rising,0.02,Southeast River Forecast Center,SC,South Carolina,action,10.64,ft,-999,kcfs,ILM,Wilmington
HFXN7,36.33111,-77.58028,8/12/2025 11:15 AM,Roanoke River at Halifax,Falling,-0.45,Southeast River Forecast Center,NC,North Carolina,no_flooding,23.82,ft,-999,kcfs,RAH,Raleigh
SBPN7,36.04972222,-79.85611111,8/12/2025 11:15 AM,South Buffalo Creek near Pomona,No change,0,Southeast River Forecast Center,NC,North Carolina,no_flooding,1.21,ft,0.019,kcfs,RAH,Raleigh
EMRN7,35.21944444,-83.37055556,8/12/2025 11:17 AM,Little Tennessee River at Lake Emory Dam,No change,0,Lower Mississippi River Forecast Center,NC,North Carolina,no_flooding,99.57,ft,-999,kcfs,GSP,Greer
JMPN7,34.213404,-77.786688,8/12/2025 11:18 AM,Atlantic Coast at Johnnie Mercers Pier at Wrightsville Beach (MLLW),Rising,0.23,Southeast River Forecast Center,NC,North Carolina,no_flooding,2.8,ft,-999,kcfs,ILM,Wilmington
NLRV2,36.61811,-76.046302,8/12/2025 11:18 AM,North Landing River near Creeds,Rising,0.01,Southeast River Forecast Center,VA,Virginia,no_flooding,0.85,ft,-999,kcfs,AKQ,Wakefield
ELZV2,36.8436,-76.3647,8/12/2025 11:18 AM,Elizabeth River near Pinehurst in Portsmouth (IN MLLW),Rising,0.1,Middle Atlantic River Forecast Center,VA,Virginia,no_flooding,0.96,ft,-999,kcfs,AKQ,Wakefield
MROS1,33.655,-78.91833333,8/12/2025 11:18 AM,Atlantic Coast at Myrtle Beach Springmaid Pier (IN MLLW),Rising,0.31,Southeast River Forecast Center,SC,South Carolina,no_flooding,2.98,ft,-999,kcfs,ILM,Wilmington
LHNV2,36.906611,-76.095583,8/12/2025 11:18 AM,Lynnhaven River near Lynnhaven Inlet (IN MLLW),Rising,0.12,Middle Atlantic River Forecast Center,VA,Virginia,no_flooding,1.31,ft,-999,kcfs,AKQ,Wakefield
BERN7,35.1028,-77.0366,8/12/2025 11:20 AM,Trent River at New Bern (in MLLW),Rising,0.02,Southeast River Forecast Center,NC,North Carolina,no_flooding,1.02,ft,-999,kcfs,MHX,Newport
KITN7,36.06071,-75.699941,8/12/2025 11:20 AM,Albemarle Sound at Kitty Hawk (in MLLW),Falling,-0.01,Southeast River Forecast Center,NC,North Carolina,no_flooding,0.76,ft,-999,kcfs,MHX,Newport
LPNT1,35.86516,-83.50703,8/12/2025 11:20 AM,Little Pigeon River at Cherokee Hills (New Riverside),Falling,-0.01,Lower Mississippi River Forecast Center,TN,Tennessee,no_flooding,0.22,ft,-999,kcfs,MRX,Morristown
SLGN7,36.4532,-76.0692,8/12/2025 11:20 AM,Currituck Sound near Buckskin Creek at NC 168 near Sligo,Rising,0.04,Southeast River Forecast Center,NC,North Carolina,no_flooding,0.8,ft,-999,kcfs,AKQ,Wakefield
AYDN7,35.4565,-77.4854,8/12/2025 11:20 AM,Little Contentnea Creek near Ayden,Rising,0.03,Southeast River Forecast Center,NC,North Carolina,no_flooding,11.63,ft,-999,kcfs,MHX,Newport
RCLN7,34.907,-77.539,8/12/2025 11:20 AM,Mill Swamp at Richlands,No change,0,Southeast River Forecast Center,NC,North Carolina,no_flooding,4.67,ft,-999,kcfs,MHX,Newport
RMLN7,35.910822,-75.669072,8/12/2025 11:20 AM,Shallowbag Bay at Manteo (in MLLW),No change,0,Southeast River Forecast Center,NC,North Carolina,no_flooding,0.67,ft,-999,kcfs,MHX,Newport
LBRN7,34.63361111,-79.03777778,8/12/2025 11:20 AM,Lumber River at Lumberton,Rising,0.01,Southeast River Forecast Center,NC,North Carolina,no_flooding,9.93,ft,-999,kcfs,ILM,Wilmington
MCWN7,36.141417,-81.175987,8/12/2025 11:20 AM,Moravian Creek at Wilkesboro,Rising,0.01,Arkansas-Red Basin RFC,NC,North Carolina,no_flooding,8.33,ft,-999,kcfs,RNK,Blacksburg
RFCN7,34.7405,-77.9814,8/12/2025 11:20 AM,Little Rockfish Creek at Wallace,No change,0,Southeast River Forecast Center,NC,North Carolina,no_flooding,1.5,ft,-999,kcfs,MHX,Newport
MLLN7,35.1773,-77.0539,8/12/2025 11:20 AM,Mills Branch above Bridgeton,Falling,-0.01,Southeast River Forecast Center,NC,North Carolina,no_flooding,7.04,ft,-999,kcfs,MHX,Newport
SCGN7,35.376,-77.96,8/12/2025 11:20 AM,Stony Creek at Bus US 70,Falling,-0.02,Southeast River Forecast Center,NC,North Carolina,no_flooding,6.66,ft,-999,kcfs,RAH,Raleigh
BIPN7,35.43518,-76.3998,8/12/2025 11:20 AM,Pamlico Sound at Bell Island Pier (in MLLW),Falling,-0.17,Southeast River Forecast Center,NC,North Carolina,no_flooding,0.87,ft,-999,kcfs,MHX,Newport
RBDN7,35.0693,-77.1346,8/12/2025 11:20 AM,Trent River near River Bend (in MLLW),Rising,0.04,Southeast River Forecast Center,NC,North Carolina,no_flooding,1.21,ft,-999,kcfs,MHX,Newport
BEUN7,34.9368,-77.8596,8/12/2025 11:20 AM,N.E. Cape Fear River near Beulaville,No change,0,Southeast River Forecast Center,NC,North Carolina,no_flooding,14.71,ft,-999,kcfs,MHX,Newport
GVLN7,35.6005,-77.3682,8/12/2025 11:20 AM,Green Mill Run at 14th St in Greenville,Falling,-0.04,Southeast River Forecast Center,NC,North Carolina,no_flooding,1.33,ft,-999,kcfs,MHX,Newport
SEDN7,35.7873,-78.76389,8/12/2025 11:20 AM,Walnut Creek (NC) below Maynard St in Cary,No change,0,Southeast River Forecast Center,NC,North Carolina,no_flooding,1.76,ft,-999,kcfs,RAH,Raleigh
CRMN7,35.707513,-82.032933,8/12/2025 11:20 AM,Catawba River at N Main St (US 221 Business) 2 NW Marion,Falling,-0.01,Southeast River Forecast Center,NC,North Carolina,no_flooding,13.39,ft,-999,kcfs,GSP,Greer
PKCN7,35.6443,-77.3456,8/12/2025 11:20 AM,Parker Creek above Greenville,Falling,-0.02,Southeast River Forecast Center,NC,North Carolina,no_flooding,5.61,ft,-999,kcfs,MHX,Newport
SNHN7,35.4568,-77.67,8/12/2025 11:20 AM,Contentnea Creek at Snow Hill,Rising,0.02,Southeast River Forecast Center,NC,North Carolina,no_flooding,13.88,ft,-999,kcfs,MHX,Newport
VAAN7,35.2969,-77.1491,8/12/2025 11:20 AM,Swift Creek at Vanceboro,Rising,0.06,Southeast River Forecast Center,NC,North Carolina,no_flooding,5.81,ft,-999,kcfs,MHX,Newport
ARLN7,36.510885,-80.592032,8/12/2025 11:20 AM,Ararat River at Mt Airy,Falling,-0.01,Southeast River Forecast Center,NC,North Carolina,no_flooding,12.92,ft,-999,kcfs,RNK,Blacksburg
JMLN7,35.657,-77.4076,8/12/2025 11:20 AM,Johnsons Mill Run near Greenville,No change,0,Southeast River Forecast Center,NC,North Carolina,no_flooding,6.16,ft,-999,kcfs,MHX,Newport
NSFN7,36.220754,-81.640069,8/12/2025 11:20 AM,South Fork New River at US Hwy 221,Rising,0.01,Arkansas-Red Basin RFC,NC,North Carolina,no_flooding,6.91,ft,-999,kcfs,RNK,Blacksburg
UPCN7,35.78792,-78.770444,8/12/2025 11:20 AM,Walnut Creek (NC) at Clay St,Falling,-0.02,Southeast River Forecast Center,NC,North Carolina,no_flooding,0.24,ft,-999,kcfs,RAH,Raleigh
ELZN7,34.62666667,-78.57833333,8/12/2025 11:20 AM,Cape Fear River at Elizabethtown,Rising,0.01,Southeast River Forecast Center,NC,North Carolina,no_flooding,17.29,ft,10.5,kcfs,ILM,Wilmington
SFBN7,36.2764,-81.5521,8/12/2025 11:20 AM,South Fork New River at SR 1100 near Brownwood,Falling,-0.01,Ohio River Forecast Center,NC,North Carolina,no_flooding,4.07,ft,-999,kcfs,RNK,Blacksburg
SPBN7,35.5546,-77.75134,8/12/2025 11:20 AM,Contentnea Creek at Speights Bridge,Rising,0.01,Southeast River Forecast Center,NC,North Carolina,no_flooding,13.91,ft,-999,kcfs,MHX,Newport
HBSN7,36.05916667,-78.97805556,8/12/2025 11:20 AM,Eno River near Huckleberry Springs,Falling,-0.09,Southeast River Forecast Center,NC,North Carolina,no_flooding,4.41,ft,-999,kcfs,RAH,Raleigh
BKJN7,35.77295,-78.7369528,8/12/2025 11:20 AM,Walnut Creek (NC) at Buck Jones Road,Falling,-0.01,Southeast River Forecast Center,NC,North Carolina,no_flooding,1.38,ft,0.009,kcfs,RAH,Raleigh
SEDN7,35.7873,-78.76389,8/12/2025 11:20 AM,Walnut Creek (NC) below Maynard St in Cary,No change,0,Southeast River Forecast Center,NC,North Carolina,no_flooding,1.76,ft,-999,kcfs,RAH,Raleigh
RCLN7,34.907,-77.539,8/12/2025 11:20 AM,Mill Swamp at Richlands,No change,0,Southeast River Forecast Center,NC,North Carolina,no_flooding,4.67,ft,-999,kcfs,MHX,Newport
RMLN7,35.910822,-75.669072,8/12/2025 11:20 AM,Shallowbag Bay at Manteo (in MLLW),No change,0,Southeast River Forecast Center,NC,North Carolina,no_flooding,0.67,ft,-999,kcfs,MHX,Newport
SCGN7,35.376,-77.96,8/12/2025 11:20 AM,Stony Creek at Bus US 70,Falling,-0.02,Southeast River Forecast Center,NC,North Carolina,no_flooding,6.66,ft,-999,kcfs,RAH,Raleigh
UPCN7,35.78792,-78.770444,8/12/2025 11:20 AM,Walnut Creek (NC) at Clay St,Falling,-0.02,Southeast River Forecast Center,NC,North Carolina,no_flooding,0.24,ft,-999,kcfs,RAH,Raleigh
CCBN7,35.0644,-78.8905,8/12/2025 11:20 AM,Cross Creek NC at Blue Street at Fayetteville,Falling,-0.06,Southeast River Forecast Center,NC,North Carolina,no_flooding,5.04,ft,-999,kcfs,RAH,Raleigh
ENON7,36.07222222,-78.90777778,8/12/2025 11:20 AM,Eno River at Durham,Falling,-0.17,Southeast River Forecast Center,NC,North Carolina,no_flooding,4.99,ft,1.06,kcfs,RAH,Raleigh
GBYN7,35.64527778,-77.42305556,8/12/2025 11:20 AM,Tar River at Rock Springs,Falling,-0.13,Southeast River Forecast Center,NC,North Carolina,no_flooding,9.13,ft,-999,kcfs,MHX,Newport
LPNT1,35.86516,-83.50703,8/12/2025 11:20 AM,Little Pigeon River at Cherokee Hills (New Riverside),Falling,-0.01,Lower Mississippi River Forecast Center,TN,Tennessee,no_flooding,0.22,ft,-999,kcfs,MRX,Morristown
SLGN7,36.4532,-76.0692,8/12/2025 11:20 AM,Currituck Sound near Buckskin Creek at NC 168 near Sligo,Rising,0.04,Southeast River Forecast Center,NC,North Carolina,no_flooding,0.8,ft,-999,kcfs,AKQ,Wakefield
CKCN7,35.41416667,-80.75194444,8/12/2025 11:20 AM,Clarke Creek NC near HARRISBURG,Rising,0.01,Southeast River Forecast Center,NC,North Carolina,no_flooding,4.17,ft,0.104,kcfs,GSP,Greer
RBDN7,35.0693,-77.1346,8/12/2025 11:20 AM,Trent River near River Bend (in MLLW),Rising,0.04,Southeast River Forecast Center,NC,North Carolina,no_flooding,1.21,ft,-999,kcfs,MHX,Newport
APSN7,35.71861111,-78.7525,8/12/2025 11:20 AM,Swift Creek near Apex,Falling,-0.05,Southeast River Forecast Center,NC,North Carolina,no_flooding,3.1,ft,-999,kcfs,RAH,Raleigh
NBWN7,36.07916667,-79.81333333,8/12/2025 11:20 AM,North Buffalo Creek at Westover Terrace,Falling,-0.01,Southeast River Forecast Center,NC,North Carolina,no_flooding,0.85,ft,-999,kcfs,RAH,Raleigh
SNHN7,35.4568,-77.67,8/12/2025 11:20 AM,Contentnea Creek at Snow Hill,Rising,0.02,Southeast River Forecast Center,NC,North Carolina,no_flooding,13.88,ft,-999,kcfs,MHX,Newport
VAAN7,35.2969,-77.1491,8/12/2025 11:20 AM,Swift Creek at Vanceboro,Rising,0.06,Southeast River Forecast Center,NC,North Carolina,no_flooding,5.81,ft,-999,kcfs,MHX,Newport
IVNV2,36.83472222,-80.95277778,8/12/2025 11:20 AM,New River at Ivanhoe,Falling,-0.01,Ohio River Forecast Center,VA,Virginia,no_flooding,2.93,ft,1.58,kcfs,RNK,Blacksburg
RFCN7,34.7405,-77.9814,8/12/2025 11:20 AM,Little Rockfish Creek at Wallace,No change,0,Southeast River Forecast Center,NC,North Carolina,no_flooding,1.5,ft,-999,kcfs,MHX,Newport
GRMN7,35.57388889,-77.17583333,8/12/2025 11:20 AM,Tar River at Grimesland,Rising,0.08,Southeast River Forecast Center,NC,North Carolina,no_flooding,1.28,ft,-999,kcfs,MHX,Newport
NBUN7,36.09777778,-79.78194444,8/12/2025 11:20 AM,North Buffalo Creek at Church St in Greensboro,Falling,-0.03,Southeast River Forecast Center,NC,North Carolina,no_flooding,2.61,ft,0.029,kcfs,RAH,Raleigh
SFBN7,36.2764,-81.5521,8/12/2025 11:20 AM,South Fork New River at SR 1100 near Brownwood,Falling,-0.01,Ohio River Forecast Center,NC,North Carolina,no_flooding,4.07,ft,-999,kcfs,RNK,Blacksburg
SPBN7,35.5546,-77.75134,8/12/2025 11:20 AM,Contentnea Creek at Speights Bridge,Rising,0.01,Southeast River Forecast Center,NC,North Carolina,no_flooding,13.91,ft,-999,kcfs,MHX,Newport
HCGN7,35.20805556,-75.70305556,8/12/2025 11:24 AM,Pamlico Sound at Coast Guard Hatteras (in MLLW),Falling,-0.04,Southeast River Forecast Center,NC,North Carolina,no_flooding,0.86,ft,-999,kcfs,MHX,Newport
CTIN7,35.01833333,-76.31444444,8/12/2025 11:24 AM,Pamlico Sound at Cedar Island (in MLLW),Falling,-0.07,Southeast River Forecast Center,NC,North Carolina,no_flooding,0.55,ft,-999,kcfs,MHX,Newport
BFTN7,34.718417,-76.673118,8/12/2025 11:24 AM,Atlantic Coast at Beaufort Marine Lab (in MLLW),Rising,0.25,Southeast River Forecast Center,NC,North Carolina,no_flooding,1.94,ft,-999,kcfs,MHX,Newport
BGCV2,36.679806,-75.984,8/12/2025 11:24 AM,Beggars Bridge Creek near Dawley Corners,Rising,0.01,Southeast River Forecast Center,VA,Virginia,no_flooding,0.51,ft,-999,kcfs,AKQ,Wakefield
ORIN7,35.79638889,-75.54972222,8/12/2025 11:24 AM,Pamlico Sound at Oregon Inlet Marina (in MLLW),Rising,0.07,Southeast River Forecast Center,NC,North Carolina,no_flooding,1.24,ft,-999,kcfs,MHX,Newport
BLHN7,35.53722222,-76.62277778,8/12/2025 11:24 AM,Pungo River at Belhaven (in MLLW),Falling,-0.03,Southeast River Forecast Center,NC,North Carolina,no_flooding,1.07,ft,-999,kcfs,MHX,Newport
ORLN7,35.02444444,-76.69194444,8/12/2025 11:24 AM,Neuse River at Oriental (in MLLW),Falling,-0.01,Southeast River Forecast Center,NC,North Carolina,no_flooding,0.88,ft,-999,kcfs,MHX,Newport
NMDV2,36.73916667,-76.58277778,8/12/2025 11:24 AM,Nansemond River at Suffolk (IN MLLW),No change,0,Middle Atlantic River Forecast Center,VA,Virginia,no_flooding,0.4,ft,-999,kcfs,AKQ,Wakefield
OCAN7,35.11527778,-75.98722222,8/12/2025 11:25 AM,Pamlico Sound at Ocracoke (in MLLW),Rising,0.25,Southeast River Forecast Center,NC,North Carolina,no_flooding,1.02,ft,-999,kcfs,MHX,Newport
JCKN7,34.751175,-77.43425,8/12/2025 11:25 AM,New River at Jacksonville (in MLLW),Falling,-0.1,Southeast River Forecast Center,NC,North Carolina,no_flooding,0.55,ft,-999,kcfs,MHX,Newport
COLN7,35.9175,-76.25444444,8/12/2025 11:25 AM,Scuppernong River at Columbia (in MLLW),Falling,-0.02,Southeast River Forecast Center,NC,North Carolina,action,2.23,ft,-999,kcfs,MHX,Newport
BASV2,36.77,-80.00111111,8/12/2025 11:25 AM,Smith River at Bassett,No change,0,Southeast River Forecast Center,VA,Virginia,no_flooding,2.07,ft,0.264,kcfs,RNK,Blacksburg
FESN7,35.2676,-75.5218,8/12/2025 11:25 AM,Cape Creek at Fessenden Center in Buxton (in MLLW),Falling,-0.1,Southeast River Forecast Center,NC,North Carolina,no_flooding,0.75,ft,-999,kcfs,MHX,Newport
MDHN7,35.40694444,-80.89055556,8/12/2025 11:25 AM,McDowell Creek near HUNTERSVILLE,No change,0,Southeast River Forecast Center,NC,North Carolina,no_flooding,1.87,ft,0.0194,kcfs,GSP,Greer
EWPN7,36.05638889,-76.61055556,8/12/2025 11:25 AM,Chowan River near Waterfront Park at Edenton,Rising,0.01,Southeast River Forecast Center,NC,North Carolina,no_flooding,0.89,ft,-999,kcfs,AKQ,Wakefield
GIST1,35.8707,-83.5967,8/12/2025 11:25 AM,Gists Creek 2W Sevierville,No change,0,Lower Mississippi River Forecast Center,TN,Tennessee,no_flooding,0.95,ft,-999,kcfs,MRX,Morristown
HJBT1,35.71361111,-83.5125,8/12/2025 11:25 AM,West Prong Little Pigeon River at Gatlinburg (Aquarium Bridge),Falling,-0.02,Lower Mississippi River Forecast Center,TN,Tennessee,no_flooding,1.04,ft,-999,kcfs,MRX,Morristown
HSWN7,35.7198,-77.9201,8/12/2025 11:25 AM,Hominy Swamp at Wilson,Falling,-0.07,Southeast River Forecast Center,NC,North Carolina,no_flooding,4.12,ft,-999,kcfs,RAH,Raleigh
PIGN7,35.78722222,-78.65472222,8/12/2025 11:25 AM,Pigeon House Creek at Cameron Village,No change,0,Southeast River Forecast Center,NC,North Carolina,no_flooding,1.54,ft,-999,kcfs,RAH,Raleigh
KERV2,36.59833333,-78.29916667,8/12/2025 11:26 AM,Roanoke River at John H. Kerr Dam,No change,0,Southeast River Forecast Center,VA,Virginia,no_flooding,300.95,ft,-999,kcfs,AKQ,Wakefield
LLLN7,35.40611111,-78.81333333,8/12/2025 11:28 AM,Cape Fear River at Lillington,Falling,-0.01,Southeast River Forecast Center,NC,North Carolina,no_flooding,7.19,ft,9.28,kcfs,RAH,Raleigh
BCLN7,35.17527778,-80.83083333,8/12/2025 11:30 AM,Briar Creek at Colony Road,Rising,0.07,Southeast River Forecast Center,NC,North Carolina,no_flooding,3.4,ft,0.0656,kcfs,GSP,Greer
BRMN7,35.7811,-78.77716,8/12/2025 11:30 AM,Walnut Creek (NC) at Byrum St in Cary,Rising,0.02,Southeast River Forecast Center,NC,North Carolina,no_flooding,1,ft,-999,kcfs,RAH,Raleigh
BRPN7,35.1825,-80.82,8/12/2025 11:30 AM,Briar Creek at Providence road,Rising,0.16,Southeast River Forecast Center,NC,North Carolina,no_flooding,2.23,ft,-999,kcfs,GSP,Greer
BUCN7,35.55944444,-78.97361111,8/12/2025 11:30 AM,Buckhorn Creek (NC) near Corinth,No change,0,Southeast River Forecast Center,NC,North Carolina,no_flooding,2.11,ft,-999,kcfs,RAH,Raleigh
BVDV2,36.631536,-81.790337,8/12/2025 11:30 AM,Beaverdam Creek at Damascus,Rising,0.03,Lower Mississippi River Forecast Center,VA,Virginia,no_flooding,4.05,ft,-999,kcfs,MRX,Morristown
BVRN7,35.17222222,-80.98333333,8/12/2025 11:30 AM,Beaverdam Creek above Windy Gap Rd,No change,0,Southeast River Forecast Center,NC,North Carolina,no_flooding,0.2,ft,-999,kcfs,GSP,Greer
DAVN7,35.27305556,-82.70583333,8/12/2025 11:30 AM,Davidson River near hwy 276 near Pisgah Forest,Falling,-0.02,Lower Mississippi River Forecast Center,NC,North Carolina,no_flooding,1.41,ft,0.198,kcfs,GSP,Greer
DRIV2,36.5872,-79.38265,8/12/2025 11:30 AM,Dan River at Riverwalk Trail in Danville,Rising,0.01,Southeast River Forecast Center,VA,Virginia,no_flooding,4.38,ft,-999,kcfs,RNK,Blacksburg
HNRN7,35.68444444,-81.40333333,8/12/2025 11:30 AM,South Fork Catawba River near HENRY FORK,Falling,-0.06,Southeast River Forecast Center,NC,North Carolina,no_flooding,2.63,ft,0.434,kcfs,GSP,Greer
LRYN7,35.30055556,-80.97277778,8/12/2025 11:30 AM,Long Creek at Rhyne NC,Falling,-0.01,Southeast River Forecast Center,NC,North Carolina,no_flooding,1.89,ft,0.0157,kcfs,GSP,Greer
LSHN7,35.17916667,-80.84638889,8/12/2025 11:30 AM,Little Sugar Creek (NC) at Hillside Avenue,Falling,-0.11,Southeast River Forecast Center,NC,North Carolina,no_flooding,2.31,ft,-999,kcfs,GSP,Greer
MCLN7,35.33277778,-80.71583333,8/12/2025 11:30 AM,Mallard Creek below Stony Creek nr Harrisburg,Rising,0.17,Southeast River Forecast Center,NC,North Carolina,no_flooding,3.28,ft,0.0272,kcfs,GSP,Greer
NRWN7,35.156944,-80.165556,8/12/2025 11:30 AM,Rocky River NC near Norwood,Falling,-0.09,Southeast River Forecast Center,NC,North Carolina,no_flooding,11.02,ft,7.69,kcfs,RAH,Raleigh
BCBV2,36.63166667,-82.13388889,8/12/2025 11:30 AM,Beaver Creek (VA) at Bristol,No change,0,Lower Mississippi River Forecast Center,VA,Virginia,no_flooding,3.24,ft,-999,kcfs,MRX,Morristown
DMCV2,36.625567,-81.770457,8/12/2025 11:30 AM,Laurel Creek 1SE Damascus,Falling,-0.03,Lower Mississippi River Forecast Center,VA,Virginia,no_flooding,2.64,ft,0.615,kcfs,MRX,Morristown
INDN7,35.125,-80.60277778,8/12/2025 11:30 AM,Goose Creek at SR1525 nr Indian Trail,Rising,0.22,Southeast River Forecast Center,NC,North Carolina,no_flooding,1.84,ft,0.014,kcfs,GSP,Greer
IRSN7,35.26194444,-80.83694444,8/12/2025 11:30 AM,Irwin Creek at Statesville Ave,Rising,0.05,Southeast River Forecast Center,NC,North Carolina,no_flooding,2.2,ft,0.0059,kcfs,GSP,Greer
MALN7,35.13777778,-80.7675,8/12/2025 11:30 AM,McAlpine Creek below Sardis Road,Rising,0.31,Southeast River Forecast Center,NC,North Carolina,no_flooding,4.05,ft,0.641,kcfs,GSP,Greer
PAWN7,35.24027778,-80.97444444,8/12/2025 11:30 AM,Paw Creek at Wilkinson Blvd,No change,0,Southeast River Forecast Center,NC,North Carolina,no_flooding,1.4,ft,-999,kcfs,GSP,Greer
BLAN7,35.299167,-82.623889,8/12/2025 11:30 AM,"French Broad River at Grove Bridge Rd, in Blantyre",Falling,-0.02,Lower Mississippi River Forecast Center,NC,North Carolina,no_flooding,8.15,ft,1,kcfs,GSP,Greer
BLBV2,36.741903,-80.002438,8/12/2025 11:30 AM,Blackberry Creek near Bassett,No change,0,Southeast River Forecast Center,VA,Virginia,no_flooding,3.14,ft,-999,kcfs,RNK,Blacksburg
DFCV2,36.58672,-79.37891,8/12/2025 11:30 AM,Fall Creek at River Street in Danville,No change,0,Southeast River Forecast Center,VA,Virginia,no_flooding,1.37,ft,-999,kcfs,RNK,Blacksburg
ECRN7,36.01944444,-78.89472222,8/12/2025 11:30 AM,Ellerbe Creek (NC) at Club Blvd in Durham,Falling,-0.01,Southeast River Forecast Center,NC,North Carolina,no_flooding,0.54,ft,-999,kcfs,RAH,Raleigh
GTNN7,35.37011,-77.445956,8/12/2025 11:30 AM,Contentnea Creek at Grifton,Rising,0.05,Southeast River Forecast Center,NC,North Carolina,no_flooding,10.81,ft,-999,kcfs,MHX,Newport
JFON7,35.59055556,-81.56694444,8/12/2025 11:30 AM,Jacob Fork below Old NC 18 in Shoups Ford,Falling,-0.01,Southeast River Forecast Center,NC,North Carolina,no_flooding,3.58,ft,0.332,kcfs,GSP,Greer
LSMN7,35.20361111,-80.83694444,8/12/2025 11:30 AM,Little Sugar Creek (NC) at Medical Center Dr,Rising,0.04,Southeast River Forecast Center,NC,North Carolina,no_flooding,3.66,ft,0.128,kcfs,GSP,Greer
MCCN7,35.11833333,-80.80666667,8/12/2025 11:30 AM,McAlpine Creek at Colony Rd,Rising,0.48,Southeast River Forecast Center,NC,North Carolina,no_flooding,4.89,ft,-999,kcfs,GSP,Greer
MCDN7,35.38972222,-80.92111111,8/12/2025 11:30 AM,McDowell Creek at Beatties Ford Rd.,Rising,0.01,Southeast River Forecast Center,NC,North Carolina,no_flooding,4.36,ft,0.0792,kcfs,GSP,Greer
MOCG1,33.94666667,-83.42277778,8/12/2025 11:30 AM,Middle Oconee River at US 78 at Athens,Rising,0.02,Southeast River Forecast Center,GA,Georgia,no_flooding,1.66,ft,0.381,kcfs,FFC,Peachtree City
OWFN7,35.81583333,-78.62583333,8/12/2025 11:30 AM,Crabtree Creek at Old Wake Forest Road,Falling,-0.14,Southeast River Forecast Center,NC,North Carolina,no_flooding,5.69,ft,-999,kcfs,RAH,Raleigh
CRBN7,35.81111111,-78.61194444,8/12/2025 11:30 AM,Crabtree Creek at Capitol Blvd (US Rt 1),Falling,-0.12,Southeast River Forecast Center,NC,North Carolina,no_flooding,5.29,ft,1.08,kcfs,RAH,Raleigh
CWPN7,35.46388889,-82.9,8/12/2025 11:30 AM,West Fork Pigeon River near Bethel,No change,0,Lower Mississippi River Forecast Center,NC,North Carolina,no_flooding,0.93,ft,0.193,kcfs,GSP,Greer
IVYN7,35.76972222,-82.62083333,8/12/2025 11:30 AM,Ivy River near Marshall,Falling,-0.01,Lower Mississippi River Forecast Center,NC,North Carolina,no_flooding,2.35,ft,0.0776,kcfs,GSP,Greer
LMPN7,35.1922,-79.1838,8/12/2025 11:30 AM,Little River (NC) near Mount Pleasant,Rising,0.03,Southeast River Forecast Center,NC,North Carolina,no_flooding,4.17,ft,-999,kcfs,RAH,Raleigh
OKRN7,36.17277778,-79.95333333,8/12/2025 11:30 AM,Reedy Creek at NC2128 Nr Oak Ridge,No change,0,Southeast River Forecast Center,NC,North Carolina,no_flooding,4.19,ft,0.044,kcfs,RAH,Raleigh
PINN7,35.08527778,-80.88222222,8/12/2025 11:30 AM,Little Sugar Creek (NC) at NC51 Pineville,Rising,0.01,Southeast River Forecast Center,NC,North Carolina,no_flooding,2.22,ft,0.0852,kcfs,GSP,Greer
CAMN7,35.18666667,-80.73666667,8/12/2025 11:30 AM,Campbell Creek (NC) at Idlewild road,Falling,-0.07,Southeast River Forecast Center,NC,North Carolina,no_flooding,1.92,ft,0.047,kcfs,GSP,Greer
CEPN7,35.46166667,-82.86972222,8/12/2025 11:30 AM,East Fork Pigeon River above Canton,Rising,0.01,Lower Mississippi River Forecast Center,NC,North Carolina,no_flooding,0.75,ft,0.148,kcfs,GSP,Greer
COFN7,35.14583333,-80.92694444,8/12/2025 11:30 AM,Coffee Creek at Highway 49,Falling,-0.02,Southeast River Forecast Center,NC,North Carolina,no_flooding,2.82,ft,0.0103,kcfs,GSP,Greer
DFIV2,36.711381,-82.795715,8/12/2025 11:30 AM,North Fork Clinch River at Duffield,Rising,0.01,Lower Mississippi River Forecast Center,VA,Virginia,no_flooding,3.31,ft,-999,kcfs,MRX,Morristown
DROV2,36.5784,-79.43138,8/12/2025 11:30 AM,Dan River at Robertson Bridge in Danville,No change,0,Southeast River Forecast Center,VA,Virginia,no_flooding,4.5,ft,-999,kcfs,RNK,Blacksburg
HEPN7,35.635278,-82.990278,8/12/2025 11:30 AM,"Pigeon River below Jonathans Ck, 4 NW Crabtree",Rising,0.04,Lower Mississippi River Forecast Center,NC,North Carolina,no_flooding,2.68,ft,0.464,kcfs,GSP,Greer
CHIN7,34.82888889,-77.83222222,8/12/2025 11:30 AM,N.E. Cape Fear River near Chinquapin,Rising,0.04,Southeast River Forecast Center,NC,North Carolina,no_flooding,10.89,ft,2.46,kcfs,MHX,Newport
CSRN7,35.49305556,-81.68222222,8/12/2025 11:30 AM,First Broad River near Casar,Rising,0.15,Southeast River Forecast Center,NC,North Carolina,no_flooding,2.53,ft,0.355,kcfs,GSP,Greer
EECG1,34.68416667,-84.45861111,8/12/2025 11:30 AM,Cartecay River near Ellijay,Falling,-0.01,Southeast River Forecast Center,GA,Georgia,no_flooding,1.63,ft,0.145,kcfs,FFC,Peachtree City
FBNG1,33.65666667,-84.67361111,8/12/2025 11:30 AM,Chattahoochee River near Fairburn,Falling,-0.03,Southeast River Forecast Center,GA,Georgia,no_flooding,2.22,ft,2.83,kcfs,FFC,Peachtree City
HURG1,34.79,-84.24,8/12/2025 11:30 AM,Toccoa River near Dial,No change,0,Lower Mississippi River Forecast Center,GA,Georgia,no_flooding,1.34,ft,0.27,kcfs,FFC,Peachtree City
IGCV2,36.895933,-82.026579,8/12/2025 11:30 AM,Big Cedar Creek 1E Lebanon,No change,0,Lower Mississippi River Forecast Center,VA,Virginia,no_flooding,3.67,ft,-999,kcfs,MRX,Morristown
LSAN7,35.14805556,-80.85777778,8/12/2025 11:30 AM,Little Sugar Creek (NC) at Archdale Drive,Falling,-0.04,Southeast River Forecast Center,NC,North Carolina,no_flooding,4.08,ft,0.306,kcfs,GSP,Greer
MCBS1,34.51388889,-80.18333333,8/12/2025 11:30 AM,Black Creek (SC) near Mcbee,Rising,0.01,Southeast River Forecast Center,SC,South Carolina,no_flooding,7.17,ft,0.175,kcfs,CAE,West Columbia
PHFN7,35.8029,-78.6202,8/12/2025 11:30 AM,Pigeon House Creek at Fenton St,Falling,-0.01,Southeast River Forecast Center,NC,North Carolina,no_flooding,4.21,ft,-999,kcfs,RAH,Raleigh
BRIN7,35.20611111,-80.80583333,8/12/2025 11:30 AM,Briar Creek below Edward's Branch,Rising,0.29,Southeast River Forecast Center,NC,North Carolina,no_flooding,3.87,ft,-999,kcfs,GSP,Greer
CARN7,35.15776944,-83.4243694,8/12/2025 11:30 AM,Cartoogechaye Creek near Franklin,No change,0,Lower Mississippi River Forecast Center,NC,North Carolina,no_flooding,0.43,ft,-999,kcfs,GSP,Greer
CRFN7,35.36138889,-80.8975,8/12/2025 11:30 AM,Gar Creek at SR 2074 NR CROFT #6531,No change,0,Southeast River Forecast Center,NC,North Carolina,no_flooding,1.15,ft,0,kcfs,GSP,Greer
DABV2,36.59727,-79.40405,8/12/2025 11:30 AM,Apple Branch at Goodyear Blvd in Danville,No change,0,Southeast River Forecast Center,VA,Virginia,no_flooding,2.82,ft,-999,kcfs,RNK,Blacksburg
DTAS1,34.53527778,-81.54833333,8/12/2025 11:30 AM,Tyger River near Delta,Rising,0.03,Southeast River Forecast Center,SC,South Carolina,no_flooding,8.1,ft,1.89,kcfs,GSP,Greer
EGHN7,35.5089,-75.9969,8/12/2025 11:30 AM,Far Creek at Engelhard (in MLLW),Falling,-0.01,Southeast River Forecast Center,NC,North Carolina,no_flooding,1.68,ft,-999,kcfs,MHX,Newport
FCLN7,35.0798,-78.8882,8/12/2025 11:30 AM,Cross Creek at Langdon St,Falling,-0.04,Southeast River Forecast Center,NC,North Carolina,no_flooding,3.84,ft,-999,kcfs,RAH,Raleigh
IRWN7,35.19777778,-80.90444444,8/12/2025 11:30 AM,Irwin Creek at WWTP,Falling,-0.02,Southeast River Forecast Center,NC,North Carolina,no_flooding,1.32,ft,0.0493,kcfs,GSP,Greer
MRSN7,35.39805556,-82.595,8/12/2025 11:30 AM,Mills River near Mills River,No change,0,Lower Mississippi River Forecast Center,NC,North Carolina,no_flooding,2.3,ft,0.168,kcfs,GSP,Greer
MSHN7,35.81638889,-78.59361111,8/12/2025 11:30 AM,Marsh Creek (NC) at New Hope,Falling,-0.03,Southeast River Forecast Center,NC,North Carolina,no_flooding,3.76,ft,-999,kcfs,RAH,Raleigh
BCPT1,36.01833333,-84.05166667,8/12/2025 11:30 AM,Beaver Creek (TN) near Powell,No change,0,Lower Mississippi River Forecast Center,TN,Tennessee,no_flooding,4.19,ft,0.0266,kcfs,MRX,Morristown
BIPN7,35.43518,-76.3998,8/12/2025 11:30 AM,Pamlico Sound at Bell Island Pier (in MLLW),Falling,-0.04,Southeast River Forecast Center,NC,North Carolina,no_flooding,0.83,ft,-999,kcfs,MHX,Newport
CPHT1,34.99138889,-84.37666667,8/12/2025 11:30 AM,Toccoa River (GA) / Ocoee River (TN) at Copperhill,Falling,-0.01,Lower Mississippi River Forecast Center,TN,Tennessee,no_flooding,2.63,ft,0.363,kcfs,MRX,Morristown
FMCN7,35.07694444,-80.8225,8/12/2025 11:30 AM,Fourmile Creek (NC) at Elm Lane,Rising,0.16,Southeast River Forecast Center,NC,North Carolina,no_flooding,6.36,ft,0.17,kcfs,GSP,Greer
GSRV2,36.935665,-82.486582,8/12/2025 11:30 AM,Guest River at Riverview,No change,0,Lower Mississippi River Forecast Center,VA,Virginia,no_flooding,3.43,ft,-999,kcfs,MRX,Morristown
HEWN7,35.305,-83.65222222,8/12/2025 11:30 AM,Nantahala River near Hewitt,No change,0,Lower Mississippi River Forecast Center,NC,North Carolina,no_flooding,1.28,ft,0.0921,kcfs,GSP,Greer
LLGN7,35.39611111,-82.9375,8/12/2025 11:30 AM,Pigeon River (NC) above (W Fork) Abv Lake Logan,No change,0,Lower Mississippi River Forecast Center,NC,North Carolina,no_flooding,1.8,ft,0.178,kcfs,GSP,Greer
MTVV2,36.664183,-79.883794,8/12/2025 11:30 AM,Smith River at Martinsville Hydroelectic Dam,Falling,-0.01,Southeast River Forecast Center,VA,Virginia,no_flooding,696.19,ft,-999,kcfs,RNK,Blacksburg
ABBN7,35.80694444,-80.23472222,8/12/2025 11:30 AM,Abbotts Creek near Lexington,Rising,0.01,Southeast River Forecast Center,NC,North Carolina,no_flooding,3.77,ft,0.082,kcfs,RAH,Raleigh
BCMN7,36.12805556,-79.6616667,8/12/2025 11:30 AM,North Buffalo Creek at SR2819 near McCleansville,No change,0,Southeast River Forecast Center,NC,North Carolina,no_flooding,2.29,ft,0.0875,kcfs,RAH,Raleigh
BMCV2,36.648295,-82.553548,8/12/2025 11:30 AM,Big Moccasin Creek at Gate City,Falling,-0.01,Lower Mississippi River Forecast Center,VA,Virginia,no_flooding,3.62,ft,-999,kcfs,MRX,Morristown
CDPN7,35.78512,-78.77405,8/12/2025 11:30 AM,Walnut Creek (NC) at Downstream Side of E Park,No change,0,Southeast River Forecast Center,NC,North Carolina,no_flooding,1.2,ft,-999,kcfs,RAH,Raleigh
DPGV2,36.56157,-79.37488,8/12/2025 11:30 AM,Pumpkin Creek at Goodyear Blvd in Danville,Rising,0.01,Southeast River Forecast Center,VA,Virginia,no_flooding,2.12,ft,-999,kcfs,RNK,Blacksburg
DUKN7,36.18333333,-75.75,8/12/2025 11:30 AM,Atlantic Coast at Duck (in MLLW),Rising,0.44,Southeast River Forecast Center,NC,North Carolina,no_flooding,2.55,ft,-999,kcfs,MHX,Newport
EBNN7,35.84527778,-78.72472222,8/12/2025 11:30 AM,Crabtree Creek at Ebenezer Church Rd,Falling,-0.09,Southeast River Forecast Center,NC,North Carolina,no_flooding,7.95,ft,-999,kcfs,RAH,Raleigh
EBSN7,35.20333333,-80.77222222,8/12/2025 11:30 AM,Edwards Branch at Sheffield drive,Falling,-0.05,Southeast River Forecast Center,NC,North Carolina,no_flooding,1.02,ft,0.0011,kcfs,GSP,Greer
FTBN7,35.31388889,-77.30277778,8/12/2025 11:30 AM,Neuse River at Fort Barnwell,Rising,0.01,Southeast River Forecast Center,NC,North Carolina,no_flooding,7.83,ft,5,kcfs,MHX,Newport
GBRN7,35.29944444,-80.94638889,8/12/2025 11:30 AM,Gum Branch at Gum Branch road,No change,0,Southeast River Forecast Center,NC,North Carolina,no_flooding,1.89,ft,0.0115,kcfs,GSP,Greer
HPNN7,36.13778,-79.86,8/12/2025 11:30 AM,Horsepen Creek at US22O Near Greensboro,Falling,-0.01,Southeast River Forecast Center,NC,North Carolina,no_flooding,2.03,ft,0.0149,kcfs,RAH,Raleigh
ISNN7,35.15861111,-80.71333333,8/12/2025 11:30 AM,Irvins Creek at Sam Newell Road,Falling,-0.05,Southeast River Forecast Center,NC,North Carolina,no_flooding,3.74,ft,0.168,kcfs,GSP,Greer
JFRN7,36.39333333,-81.40694444,8/12/2025 11:30 AM,South Fork New River near Jefferson,No change,0,Ohio River Forecast Center,NC,North Carolina,no_flooding,2.2,ft,0.318,kcfs,RNK,Blacksburg
JOHN7,35.83361111,-81.71194444,8/12/2025 11:30 AM,Johns River at Arneys Store,No change,0,Southeast River Forecast Center,NC,North Carolina,no_flooding,3.28,ft,0.906,kcfs,GSP,Greer
PCRS1,35.10984144,-81.9595507,8/12/2025 11:30 AM,Pacolet River near Fingerville,Falling,-0.12,Southeast River Forecast Center,SC,South Carolina,no_flooding,10.86,ft,-999,kcfs,GSP,Greer
AWRN7,35.13972222,-80.91111111,8/12/2025 11:30 AM,Sugar Creek NC at Arrowood Rd,Rising,0.01,Southeast River Forecast Center,NC,North Carolina,no_flooding,1.25,ft,-999,kcfs,GSP,Greer
COVN7,35.42333333,-82.11166667,8/12/2025 11:30 AM,Cove Creek at Highway 64,Falling,-0.04,Southeast River Forecast Center,NC,North Carolina,no_flooding,3.52,ft,0.381,kcfs,GSP,Greer
HIBT1,35.88416667,-83.83833333,8/12/2025 11:30 AM,Stock Creek at Knoxville 8SSE at Martin Mill Road,Rising,0.01,Lower Mississippi River Forecast Center,TN,Tennessee,no_flooding,0.74,ft,0.0039,kcfs,MRX,Morristown
LSTN7,35.25027778,-80.80833333,8/12/2025 11:30 AM,Little Sugar Creek (NC) below 36th street,Falling,-0.12,Southeast River Forecast Center,NC,North Carolina,no_flooding,2.06,ft,-999,kcfs,GSP,Greer
ADRN7,35.821111,-78.6341667,8/12/2025 11:30 AM,Crabtree Creek at Anderson Drive,Falling,-0.14,Southeast River Forecast Center,NC,North Carolina,no_flooding,7.3,ft,-999,kcfs,RAH,Raleigh
ALIS1,35.065,-81.13833333,8/12/2025 11:30 AM,Allison Creek near York,Falling,-0.15,Southeast River Forecast Center,SC,South Carolina,no_flooding,5.81,ft,0.204,kcfs,GSP,Greer
GAPV2,36.865056,-82.771167,8/12/2025 11:30 AM,South Fork Powell River at Big Stone Gap,Falling,-0.01,Lower Mississippi River Forecast Center,VA,Virginia,no_flooding,3,ft,-999,kcfs,MRX,Morristown
GATT1,35.699444,-83.527222,8/12/2025 11:30 AM,West Prong Little Pigeon River above Gatlinburg,No change,0,Lower Mississippi River Forecast Center,TN,Tennessee,no_flooding,3.17,ft,0.0572,kcfs,MRX,Morristown
LHCN7,35.16444444,-80.85305556,8/12/2025 11:30 AM,Little Hope Creek at SENECA PLACE,Falling,-0.06,Southeast River Forecast Center,NC,North Carolina,no_flooding,3.61,ft,0.0109,kcfs,GSP,Greer
MSDG1,33.6925,-83.9966667,8/12/2025 11:30 AM,Yellow River near Milstead,No change,0,Southeast River Forecast Center,GA,Georgia,no_flooding,5.6,ft,-999,kcfs,FFC,Peachtree City
BBVK2,36.862222,-83.8875,8/12/2025 11:30 AM,Cumberland River at Barbourville,Falling,-0.01,Ohio River Forecast Center,KY,Kentucky,no_flooding,1.71,ft,0.158,kcfs,JKL,Jackson
CTPN7,35.521944,-82.848056,8/12/2025 11:30 AM,"Pigeon River above Old River Rd (NC 215), 1 SW Canton",No change,0,Lower Mississippi River Forecast Center,NC,North Carolina,no_flooding,2.07,ft,0.361,kcfs,GSP,Greer
IBRN7,35.21083333,-80.80083333,8/12/2025 11:30 AM,Briar Creek at Independence Blvd,Rising,0.1,Southeast River Forecast Center,NC,North Carolina,no_flooding,3.57,ft,-999,kcfs,GSP,Greer
MCIN7,35.17583333,-80.71916667,8/12/2025 11:30 AM,McAlpine Creek at Idlewild,Falling,-0.2,Southeast River Forecast Center,NC,North Carolina,no_flooding,3.59,ft,0.191,kcfs,GSP,Greer
MCMN7,35.14083333,-80.82,8/12/2025 11:30 AM,McMullen Creek at Sharon View,Falling,-0.04,Southeast River Forecast Center,NC,North Carolina,no_flooding,1.29,ft,0.0157,kcfs,GSP,Greer
MCPN7,35.06638889,-80.86972222,8/12/2025 11:30 AM,McAlpine Creek at Waste Water Treatment Plant,Rising,0.03,Southeast River Forecast Center,NC,North Carolina,no_flooding,3.27,ft,0.205,kcfs,GSP,Greer
GNLS1,34.84944444,-82.40972222,8/12/2025 11:33 AM,Reedy River at Hudson St.,Falling,-0.03,Southeast River Forecast Center,SC,South Carolina,no_flooding,1.62,ft,-999,kcfs,GSP,Greer
BVKN7,35.72995,-78.894812,8/12/2025 11:35 AM,Beaver Creek (NC) at Kelly Rd,Falling,-0.01,Southeast River Forecast Center,NC,North Carolina,no_flooding,1.91,ft,-999,kcfs,RAH,Raleigh
BEUN7,34.9368,-77.8596,8/12/2025 11:35 AM,N.E. Cape Fear River near Beulaville,No change,0,Southeast River Forecast Center,NC,North Carolina,no_flooding,14.71,ft,-999,kcfs,MHX,Newport
GVLN7,35.6005,-77.3682,8/12/2025 11:35 AM,Green Mill Run at 14th St in Greenville,Falling,-0.03,Southeast River Forecast Center,NC,North Carolina,no_flooding,1.3,ft,-999,kcfs,MHX,Newport
MACN7,36.5402,-75.9723,8/12/2025 11:35 AM,Currituck Sound at Marsh Causeway @ NC 615,Rising,0.01,Southeast River Forecast Center,NC,North Carolina,no_flooding,0.69,ft,-999,kcfs,AKQ,Wakefield
NSPN7,35.916764,-78.97066,8/12/2025 11:35 AM,New Hope Creek at NC-54,Rising,0.04,Southeast River Forecast Center,NC,North Carolina,no_flooding,7.77,ft,-999,kcfs,RAH,Raleigh
HWBN7,36.136069,-79.426323,8/12/2025 11:35 AM,Haw River at NC-62,Falling,-0.01,Southeast River Forecast Center,NC,North Carolina,no_flooding,2.16,ft,-999,kcfs,RAH,Raleigh
MCFN7,36.0475,-80.3665,8/12/2025 11:35 AM,Muddy Creek (NC) above Muddy Creek at I-40 nr Clemmons,Falling,-0.07,Southeast River Forecast Center,NC,North Carolina,no_flooding,3.3,ft,-999,kcfs,RAH,Raleigh
FRMN7,35.6067,-77.5747,8/12/2025 11:35 AM,Little Contentnea Creek at Farmville,Falling,-0.02,Southeast River Forecast Center,NC,North Carolina,no_flooding,5.99,ft,-999,kcfs,MHX,Newport
MLLN7,35.1773,-77.0539,8/12/2025 11:35 AM,Mills Branch above Bridgeton,No change,0,Southeast River Forecast Center,NC,North Carolina,no_flooding,7.04,ft,-999,kcfs,MHX,Newport
ARLN7,36.510885,-80.592032,8/12/2025 11:35 AM,Ararat River at Mt Airy,No change,0,Southeast River Forecast Center,NC,North Carolina,no_flooding,12.92,ft,-999,kcfs,RNK,Blacksburg
JMLN7,35.657,-77.4076,8/12/2025 11:35 AM,Johnsons Mill Run near Greenville,No change,0,Southeast River Forecast Center,NC,North Carolina,no_flooding,6.16,ft,-999,kcfs,MHX,Newport
NSFN7,36.220754,-81.640069,8/12/2025 11:35 AM,South Fork New River at US Hwy 221,No change,0,Arkansas-Red Basin RFC,NC,North Carolina,no_flooding,6.91,ft,-999,kcfs,RNK,Blacksburg
BERN7,35.1028,-77.0366,8/12/2025 11:35 AM,Trent River at New Bern (in MLLW),Rising,0.04,Southeast River Forecast Center,NC,North Carolina,no_flooding,1.06,ft,-999,kcfs,MHX,Newport
KITN7,36.06071,-75.699941,8/12/2025 11:35 AM,Albemarle Sound at Kitty Hawk (in MLLW),Falling,-0.02,Southeast River Forecast Center,NC,North Carolina,no_flooding,0.74,ft,-999,kcfs,MHX,Newport
ALDN7,36.43833333,-81.65416667,8/12/2025 11:35 AM,North Fork New River at Ashland,Falling,-0.01,Ohio River Forecast Center,NC,North Carolina,no_flooding,1.4,ft,-999,kcfs,RNK,Blacksburg
BVCN7,35.0738,-78.9767,8/12/2025 11:35 AM,Beaver Creek (NC) at Morganton Rd,No change,0,Southeast River Forecast Center,NC,North Carolina,no_flooding,9.01,ft,-999,kcfs,RAH,Raleigh
LHMN7,34.9722,-78.9453,8/12/2025 11:35 AM,Little Rockfish Creek at Lakeview Rd near Hope Mills,No change,0,Southeast River Forecast Center,NC,North Carolina,no_flooding,3.15,ft,-999,kcfs,RAH,Raleigh
PBCG1,33.66833333,-84.15111111,8/12/2025 11:35 AM,Pole Bridge Creek at Evans Mill Road near Lithonia,No change,0,Southeast River Forecast Center,GA,Georgia,no_flooding,1.32,ft,-999,kcfs,FFC,Peachtree City
BESN7,35.30638889,-81.23472222,8/12/2025 11:35 AM,Long Creek near Bessemer City 3 NE,Falling,-0.03,Southeast River Forecast Center,NC,North Carolina,no_flooding,2.52,ft,0.094,kcfs,GSP,Greer
CNWN7,35.701,-77.9655,8/12/2025 11:35 AM,Contentnea Creek at US 301,Rising,0.01,Southeast River Forecast Center,NC,North Carolina,no_flooding,6.08,ft,-999,kcfs,RAH,Raleigh
FOSN7,36.17361111,-81.745,8/12/2025 11:35 AM,Watauga River near Foscoe,No change,0,Lower Mississippi River Forecast Center,NC,North Carolina,no_flooding,4.32,ft,-999,kcfs,RNK,Blacksburg
AYDN7,35.4565,-77.4854,8/12/2025 11:35 AM,Little Contentnea Creek near Ayden,Rising,0.02,Southeast River Forecast Center,NC,North Carolina,no_flooding,11.65,ft,-999,kcfs,MHX,Newport
HNTN7,35.73941,-81.678973,8/12/2025 11:35 AM,Hunting Creek at Morganton,Falling,-0.01,Southeast River Forecast Center,NC,North Carolina,no_flooding,2.15,ft,-999,kcfs,GSP,Greer
OMBN7,35.0082,-78.3411,8/12/2025 11:35 AM,Williams Old Mill Branch at US 421,Falling,-0.13,Southeast River Forecast Center,NC,North Carolina,no_flooding,7.26,ft,-999,kcfs,RAH,Raleigh
CLFN7,36.45777778,-81.56055556,8/12/2025 11:35 AM,North Fork New River at Clifton,No change,0,Ohio River Forecast Center,NC,North Carolina,no_flooding,1.3,ft,-999,kcfs,RNK,Blacksburg
CRMN7,35.707513,-82.032933,8/12/2025 11:35 AM,Catawba River at N Main St (US 221 Business) 2 NW Marion,Falling,-0.02,Southeast River Forecast Center,NC,North Carolina,no_flooding,13.37,ft,-999,kcfs,GSP,Greer
HCRN7,34.9487,-79.7722,8/12/2025 11:35 AM,Hitchcock Creek at Steele St,Falling,-0.01,Southeast River Forecast Center,NC,North Carolina,no_flooding,1.83,ft,-999,kcfs,RAH,Raleigh
PKCN7,35.6443,-77.3456,8/12/2025 11:35 AM,Parker Creek above Greenville,No change,0,Southeast River Forecast Center,NC,North Carolina,no_flooding,5.61,ft,-999,kcfs,MHX,Newport
LBRN7,34.63361111,-79.03777778,8/12/2025 11:35 AM,Lumber River at Lumberton,Rising,0.01,Southeast River Forecast Center,NC,North Carolina,no_flooding,9.94,ft,-999,kcfs,ILM,Wilmington
LCSN7,34.7695,-79.4493,8/12/2025 11:35 AM,Leith Creek above East Church St,No change,0,Southeast River Forecast Center,NC,North Carolina,no_flooding,5.21,ft,-999,kcfs,RAH,Raleigh
MCWN7,36.141417,-81.175987,8/12/2025 11:35 AM,Moravian Creek at Wilkesboro,Falling,-0.01,Arkansas-Red Basin RFC,NC,North Carolina,no_flooding,8.32,ft,-999,kcfs,RNK,Blacksburg
NPRN7,34.9356,-79.7641,8/12/2025 11:35 AM,North Prong Falling Creek at Rockingham Rd,No change,0,Southeast River Forecast Center,NC,North Carolina,no_flooding,1.75,ft,-999,kcfs,RAH,Raleigh
CCHN7,35.058,-78.885,8/12/2025 11:35 AM,Cross Creek NC at Hillsboro St,Falling,-0.05,Southeast River Forecast Center,NC,North Carolina,no_flooding,2.37,ft,-999,kcfs,RAH,Raleigh
ELZN7,34.62666667,-78.57833333,8/12/2025 11:35 AM,Cape Fear River at Elizabethtown,No change,0,Southeast River Forecast Center,NC,North Carolina,no_flooding,17.29,ft,10.5,kcfs,ILM,Wilmington
LRTN7,35.263952,-79.359036,8/12/2025 11:35 AM,Little River (NC) at Niagara Carthage Rd,Rising,0.03,Southeast River Forecast Center,NC,North Carolina,no_flooding,4.03,ft,-999,kcfs,RAH,Raleigh
MDRN7,36.1186,-80.3498,8/12/2025 11:35 AM,Muddy Creek (NC) at Robinhood Rd,Falling,-0.03,Southeast River Forecast Center,NC,North Carolina,no_flooding,2.78,ft,-999,kcfs,RAH,Raleigh
